{
  "L": 0.0007249530754052103,
  "RL": 0.3129637539386749,
  "C": 0.000163482574862428,
  "RC": 0.19974471628665924,
  "Rdson": 0.2216099500656128,
  "Rloads": [
    3.1033987998962402,
    10.182672500610352,
    6.1005988121032715
  ],
  "Vin": 47.96208190917969,
  "VF": 0.9544317722320557
}