{
  "L": 0.0007170970202423632,
  "RL": 0.31407374143600464,
  "C": 0.00015814995276741683,
  "RC": 0.18736262619495392,
  "Rdson": 0.2197803556919098,
  "Rloads": [
    3.098947763442993,
    10.20866584777832,
    6.097044467926025
  ],
  "Vin": 47.75168228149414,
  "VF": 0.6944760680198669
}