{
  "L": 0.0007256276439875364,
  "RL": 0.30731433629989624,
  "C": 0.00016420544125139713,
  "RC": 0.2021571695804596,
  "Rdson": 0.23339495062828064,
  "Rloads": [
    3.099740982055664,
    10.196138381958008,
    6.09982442855835
  ],
  "Vin": 48.04570770263672,
  "VF": 1.053407073020935
}