{
  "theta_log": [
    1.9818668365478516,
    1.1227009296417236,
    0.4959481656551361,
    0.7038752436637878,
    0.8475619554519653,
    1.1313185691833496,
    2.3220090866088867,
    1.8082599639892578,
    1.5695676803588867,
    0.052029743790626526
  ],
  "Sigma_log": [
    [
      2.2215004719328135e-05,
      2.2331418222165667e-05,
      -2.9969066872581607e-07,
      3.837593709477005e-08,
      2.2185198758961633e-05,
      1.9577219845245963e-09,
      -4.0993270999933884e-08,
      -1.9931535533146416e-08,
      1.1173710845469031e-05,
      0.0005265756044536829
    ],
    [
      2.2331480067805387e-05,
      0.0001327961654169485,
      -8.67439666762948e-07,
      -3.184371877296144e-08,
      -0.0001227814645972103,
      2.3581270625072648e-07,
      -6.42755992430466e-07,
      -9.776512399639614e-08,
      1.123722813645145e-05,
      0.00038603079156018794
    ],
    [
      -2.996950172473589e-07,
      -8.674409741615818e-07,
      7.02150646247901e-05,
      4.3844536889992014e-07,
      -2.1791761639633478e-07,
      8.988567969936412e-07,
      -8.376626965400646e-07,
      9.039156338985777e-07,
      -1.5038474998618767e-07,
      -5.73835905015585e-06
    ],
    [
      3.837399020767407e-08,
      -3.184556973678809e-08,
      4.3844582364727103e-07,
      9.848053196037654e-06,
      -1.730215615225461e-07,
      -2.0599884464900242e-07,
      -3.016357652541046e-07,
      -2.5873001163745357e-07,
      -2.3383144309718773e-09,
      -1.1486463336041197e-07
    ],
    [
      2.2185322450241074e-05,
      -0.0001227814209414646,
      -2.1791385051983525e-07,
      -1.7301927357493696e-07,
      0.0003280474920757115,
      -3.4881718846691e-08,
      2.3790397207790193e-08,
      -8.700568088215732e-08,
      1.388463715557009e-05,
      0.0007142895483411849
    ],
    [
      1.9579378118805835e-09,
      2.3581294783525664e-07,
      8.988551485344942e-07,
      -2.0599880201643828e-07,
      -3.4881534105579703e-08,
      5.685198516403034e-07,
      -5.171026273842472e-09,
      1.8049208350134904e-08,
      5.346180387277855e-09,
      -1.1925067155971192e-07
    ],
    [
      -4.099493366993556e-08,
      -6.42757640889613e-07,
      -8.376625260098081e-07,
      -3.0163570841068577e-07,
      2.378883934284204e-08,
      -5.1710240533964225e-09,
      5.545691692532273e-06,
      3.3467879578807924e-09,
      -4.5370910584097146e-08,
      2.699612196011003e-07
    ],
    [
      -1.9932302919301037e-08,
      -9.776566400887532e-08,
      9.039154633683211e-07,
      -2.58730040059163e-07,
      -8.700656906057702e-08,
      1.804925275905589e-08,
      3.3467872917469776e-09,
      2.0409863736858824e-06,
      -1.8246783639597197e-08,
      -8.995255029731197e-08
    ],
    [
      1.117371994041605e-05,
      1.1237203580094501e-05,
      -1.5038270362310868e-07,
      -2.337319671141813e-09,
      1.388458076689858e-05,
      5.3460564863883064e-09,
      -4.537007924909631e-08,
      -1.8246403499233566e-08,
      5.700193923985353e-06,
      0.00026485108537599444
    ],
    [
      0.0005265756044536829,
      0.00038602930726483464,
      -5.738253094023094e-06,
      -1.1481792938639046e-07,
      0.0007142865797504783,
      -1.1925605747364898e-07,
      2.7000109525943117e-07,
      -8.993424671643879e-08,
      0.0002648509689606726,
      0.012715693563222885
    ]
  ],
  "theta_phys": [
    0.0007256276439875364,
    0.30731433629989624,
    0.00016420544125139713,
    0.2021571695804596,
    0.23339495062828064,
    3.099740982055664,
    10.196138381958008,
    6.09982442855835,
    48.04570770263672,
    1.053407073020935
  ],
  "Sigma_phys": [
    [
      1.1696987996245856e-11,
      4.979812118222071e-09,
      -3.570874404002812e-14,
      5.629398423107057e-12,
      3.757236743950898e-09,
      4.403421204057789e-12,
      -3.0329280753527144e-10,
      -8.822098607197404e-11,
      3.8955235481807904e-07,
      4.025045541311556e-07
    ],
    [
      4.9798258849875765e-09,
      1.2541549040179234e-05,
      -4.377333565064312e-11,
      -1.978316399586788e-09,
      -8.806576261122245e-06,
      2.2463396476268827e-07,
      -2.0140241758781485e-06,
      -1.8326693407288985e-07,
      0.00016591919120401144,
      0.00012496861745603383
    ],
    [
      -3.570926242419184e-14,
      -4.3773401570135206e-11,
      1.8932388209241813e-12,
      1.455432996344541e-11,
      -8.351631886061028e-12,
      4.5751299970753223e-10,
      -1.4024663652634217e-09,
      9.053839344907999e-10,
      -1.1864403903771858e-09,
      -9.925936739207941e-10
    ],
    [
      5.629112193733521e-12,
      -1.9784314186921392e-09,
      1.455434384123322e-11,
      4.0246553112410766e-07,
      -8.163583586906498e-09,
      -1.2908606095152209e-07,
      -6.217384225237765e-07,
      -3.1904599495646835e-07,
      -2.2711544644948845e-08,
      -2.4460858227826066e-08
    ],
    [
      3.757258060232971e-09,
      -8.806572623143438e-06,
      -8.351487036650784e-12,
      -8.163475229139294e-09,
      1.7869797375169583e-05,
      -2.5235666001321988e-08,
      5.661465252160269e-08,
      -1.2386722403334716e-07,
      0.000155697125592269,
      0.0001756151468725875
    ],
    [
      4.403906492950194e-12,
      2.2463420634721842e-07,
      4.5751216704026376e-10,
      -1.2908603252981266e-07,
      -2.5235530998202194e-08,
      5.462562967295526e-06,
      -1.6343228992354852e-07,
      3.4127219805668574e-07,
      7.962026415953005e-07,
      -3.893879068073147e-07
    ],
    [
      -3.0330510325526916e-10,
      -2.0140294054726837e-06,
      -1.4024660321965143e-09,
      -6.2173825199352e-07,
      5.661095059394938e-08,
      -1.6343221886927495e-07,
      0.0005765369860455394,
      2.0815231493998e-07,
      -2.222633338533342e-05,
      2.899568016800913e-06
    ],
    [
      -8.822438612998695e-11,
      -1.8326794304357463e-07,
      9.053837679573462e-10,
      -3.190460233781778e-07,
      -1.238684887994168e-07,
      3.412730222862592e-07,
      2.0815227230741584e-07,
      7.594072667416185e-05,
      -5.347591923055006e-06,
      -5.77998946482694e-07
    ],
    [
      3.8955266745688277e-07,
      0.00016591882740613073,
      -1.1864242921433288e-09,
      -2.2701881263742507e-08,
      0.00015569648530799896,
      7.961841674841708e-07,
      -2.2225925931707025e-05,
      -5.347480509954039e-06,
      0.01315827015787363,
      0.013404560275375843
    ],
    [
      4.0250452570944617e-07,
      0.0001249681372428313,
      -9.925753552408878e-10,
      -2.4450914182239103e-08,
      0.00017561441927682608,
      -3.8940549984545214e-07,
      2.8999966161791235e-06,
      -5.77881337449071e-07,
      0.01340455561876297,
      0.01411017868667841
    ]
  ],
  "param_names": [
    "L",
    "RL",
    "C",
    "RC",
    "Rdson",
    "Rload1",
    "Rload2",
    "Rload3",
    "Vin",
    "VF"
  ]
}