{
  "theta_log": [
    1.9809367656707764,
    1.140917181968689,
    0.4915362000465393,
    0.6918699145317078,
    0.7957486510276794,
    1.1324979066848755,
    2.3206875324249268,
    1.8083869218826294,
    1.5678256750106812,
    -0.04663911834359169
  ],
  "Sigma_log": [
    [
      0.0005596394184976816,
      0.0005662027397193015,
      -5.832435363117838e-06,
      7.211353363345552e-07,
      0.0005525366286747158,
      6.995968249157158e-08,
      -1.0669473340385593e-06,
      -4.471759211810422e-07,
      0.00028096226742491126,
      0.014578399248421192
    ],
    [
      0.0005662005278281868,
      0.0032579826656728983,
      -2.2443466150434688e-05,
      2.3739134746847412e-07,
      -0.003227609908208251,
      5.709369361284189e-06,
      -1.5712741515017115e-05,
      -2.412753246971988e-06,
      0.00028437250875867903,
      0.010829353705048561
    ],
    [
      -5.83270320930751e-06,
      -2.244369898107834e-05,
      0.0017534438520669937,
      1.1733312021533493e-05,
      3.242995944674476e-06,
      2.4789567760308273e-05,
      -2.3057893486111425e-05,
      2.2282498321146704e-05,
      -2.850315922842128e-06,
      -0.00011023386468878016
    ],
    [
      7.211365300463513e-07,
      2.3738456889077497e-07,
      1.1733335668395739e-05,
      0.0002554413222242147,
      -7.652593922102824e-06,
      -5.175125352252508e-06,
      -7.758713763905689e-06,
      -6.592201316379942e-06,
      -2.0709728687506868e-07,
      -1.1632706446107477e-05
    ],
    [
      0.0005525407032109797,
      -0.0032276036217808723,
      3.243316541556851e-06,
      -7.652605745533947e-06,
      0.00910632498562336,
      -7.751551720502903e-07,
      6.272465498113888e-07,
      -2.043419272013125e-06,
      0.00034994276938959956,
      0.01992165856063366
    ],
    [
      6.994726930997786e-08,
      5.7093629948212765e-06,
      2.4789562303340062e-05,
      -5.175123533263104e-06,
      -7.751669386379945e-07,
      1.4327184544526972e-05,
      -1.8693947367864894e-07,
      4.754784015403857e-07,
      1.447970134904608e-07,
      -2.5946719688363373e-06
    ],
    [
      -1.0669367611626512e-06,
      -1.5712737877038307e-05,
      -2.3057893486111425e-05,
      -7.758712854410987e-06,
      6.272714472288499e-07,
      -1.8694049686018843e-07,
      0.00013875481090508401,
      5.8443788475415204e-08,
      -1.1507929684739793e-06,
      6.163099897094071e-06
    ],
    [
      -4.471816339446377e-07,
      -2.4127632514137076e-06,
      2.2282498321146704e-05,
      -6.592201771127293e-06,
      -2.043419272013125e-06,
      4.754800215778232e-07,
      5.8443845318834065e-08,
      5.11499893036671e-05,
      -4.276740810382762e-07,
      -1.0624753485899419e-06
    ],
    [
      0.0002809621801134199,
      0.00028437370201572776,
      -2.8501817723736167e-06,
      -2.0709774162241956e-07,
      0.0003499407321214676,
      1.448033515316638e-07,
      -1.1507989938763785e-06,
      -4.2767140939758974e-07,
      0.0001430808042641729,
      0.0073187993839383125
    ],
    [
      0.01457840483635664,
      0.010829417034983635,
      -0.00011022682156180963,
      -1.1632746463874355e-05,
      0.01992155611515045,
      -2.5943370474124094e-06,
      6.162783847685205e-06,
      -1.0623352864058688e-06,
      0.007318802177906036,
      0.38695603609085083
    ]
  ],
  "theta_phys": [
    0.0007249530754052103,
    0.3129637539386749,
    0.000163482574862428,
    0.19974471628665924,
    0.2216099500656128,
    3.1033987998962402,
    10.182672500610352,
    6.1005988121032715,
    47.96208190917969,
    0.9544317722320557
  ],
  "Sigma_phys": [
    [
      2.9412239310744326e-10,
      1.2846236074892659e-07,
      -6.91243828669641e-13,
      1.0442439274394033e-10,
      8.876877188868093e-08,
      1.573965818790768e-10,
      -7.8761628330426e-09,
      -1.9777017801203556e-09,
      9.769130883796606e-06,
      1.0087060218211263e-05
    ],
    [
      1.2846186336901155e-07,
      0.00031910737743601203,
      -1.1483001216561206e-09,
      1.4840010997829722e-08,
      -0.00022385372722055763,
      5.5452328524552286e-06,
      -5.0073482270818204e-05,
      -4.606588845490478e-06,
      0.00426854332908988,
      0.0032347554806619883
    ],
    [
      -6.912756500034034e-13,
      -1.1483121120647866e-09,
      4.686350960070307e-11,
      3.831487349614804e-10,
      1.174916830493089e-10,
      1.2577027419524711e-08,
      -3.838423268121005e-08,
      2.2223263229648182e-08,
      -2.2349226469486894e-08,
      -1.7200116886328942e-08
    ],
    [
      1.0442457315518183e-10,
      1.4839587336723525e-08,
      3.831495121175976e-10,
      1.0191584806307219e-05,
      -3.3874525229293795e-07,
      -3.207995632692473e-06,
      -1.5780718968017027e-05,
      -8.033008271013387e-06,
      -1.9840276763716247e-06,
      -2.2176905076776166e-06
    ],
    [
      8.876942558799783e-08,
      -0.00022385329066310078,
      1.1750329875770404e-10,
      -3.387457923054171e-07,
      0.0004472204309422523,
      -5.331083912096801e-07,
      1.4154329619486816e-06,
      -2.7626076644082787e-06,
      0.003719497937709093,
      0.0042136614210903645
    ],
    [
      1.5736865977000747e-10,
      5.545226485992316e-06,
      1.2577025643167872e-08,
      -3.207994495824096e-06,
      -5.331164629751584e-07,
      0.00013798630970995873,
      -5.907454578846227e-06,
      9.00203849596437e-06,
      2.1552379621425644e-05,
      -7.685373020649422e-06
    ],
    [
      -7.876084673341666e-09,
      -5.007347135688178e-05,
      -3.838423268121005e-08,
      -1.5780717149027623e-05,
      1.4154892369333538e-06,
      -5.90748686590814e-06,
      0.014387045055627823,
      3.6305514186096843e-06,
      -0.0005620267475023866,
      5.989711280562915e-05
    ],
    [
      -1.977726871160712e-09,
      -4.606607490131864e-06,
      2.2223263229648182e-08,
      -8.033009180508088e-06,
      -2.7626076644082787e-06,
      9.00206850928953e-06,
      3.630554829214816e-06,
      0.0019036647863686085,
      -0.00012513632827904075,
      -6.186374776007142e-06
    ],
    [
      9.769127245817799e-06,
      0.004268561024218798,
      -2.234817308988113e-08,
      -1.9840322238451336e-06,
      0.0037194760516285896,
      2.155332185793668e-05,
      -0.0005620297160930932,
      -0.00012513554247561842,
      0.32913753390312195,
      0.335029274225235
    ],
    [
      1.008706385619007e-05,
      0.003234774572774768,
      -1.7199017321445353e-08,
      -2.2176982383825816e-06,
      0.004213640000671148,
      -7.684380761929788e-06,
      5.9894042351515964e-05,
      -6.185558959259652e-06,
      0.33502939343452454,
      0.3524937331676483
    ]
  ],
  "param_names": [
    "L",
    "RL",
    "C",
    "RC",
    "Rdson",
    "Rload1",
    "Rload2",
    "Rload3",
    "Vin",
    "VF"
  ]
}