{
  "theta_log": [
    1.970041036605835,
    1.1444576978683472,
    0.458373486995697,
    0.6278756856918335,
    0.7874584197998047,
    1.131062626838684,
    2.3232369422912598,
    1.8078041076660156,
    1.5634292364120483,
    -0.3645975887775421
  ],
  "Sigma_log": [
    [
      0.00206408416852355,
      0.0020614208187907934,
      -1.3275659512146376e-05,
      8.566760811845597e-07,
      0.0020687589421868324,
      5.143252792549902e-07,
      -3.6174897104501724e-06,
      -1.7078573364415206e-06,
      0.0010316009866073728,
      0.07318010926246643
    ],
    [
      0.002061396837234497,
      0.011952008120715618,
      -6.17552432231605e-05,
      -5.8230220929544885e-06,
      -0.012053927406668663,
      1.9960616555181332e-05,
      -5.344571763998829e-05,
      -8.0588697528583e-06,
      0.0010306466137990355,
      0.05316953733563423
    ],
    [
      -1.327578502241522e-05,
      -6.1755497881677e-05,
      0.006176483351737261,
      4.3291234760545194e-05,
      -2.6680318114813417e-06,
      7.569252920802683e-05,
      -6.658482743659988e-05,
      7.734602695563808e-05,
      -6.466290869866498e-06,
      -0.0002850908786058426
    ],
    [
      8.566725000491715e-07,
      -5.822978891956154e-06,
      4.3290896428516135e-05,
      0.0010865750955417752,
      -2.03145627892809e-05,
      -2.015010431932751e-05,
      -2.9011527658440173e-05,
      -2.5266461307182908e-05,
      -1.6250724002020434e-06,
      -0.00011612277012318373
    ],
    [
      0.002068795496597886,
      -0.012053871527314186,
      -2.668037495823228e-06,
      -2.0314482753747143e-05,
      0.0343785285949707,
      -3.218493475287687e-06,
      2.252688545922865e-06,
      -7.815470780769829e-06,
      0.0013065910898149014,
      0.10177108645439148
    ],
    [
      5.14297994413937e-07,
      1.9960596546297893e-05,
      7.56925146561116e-05,
      -2.01500988623593e-05,
      -3.2185307645704597e-06,
      4.996584902983159e-05,
      -3.34933190515585e-07,
      1.4994672028478817e-06,
      6.242917152121663e-07,
      -3.164401277899742e-06
    ],
    [
      -3.6174042179482058e-06,
      -5.344564124243334e-05,
      -6.658482743659988e-05,
      -2.9011533115408383e-05,
      2.2527594865096034e-06,
      -3.349285293552384e-07,
      0.0004918595077469945,
      3.14516569233092e-07,
      -3.911630301445257e-06,
      3.11455805785954e-05
    ],
    [
      -1.7078727978514507e-06,
      -8.058897947194055e-06,
      7.73460342315957e-05,
      -2.5266454031225294e-05,
      -7.815488970663864e-06,
      1.4994677712820703e-06,
      3.1451642712454486e-07,
      0.00018019950948655605,
      -1.5488660665141651e-06,
      -1.1626296327449381e-05
    ],
    [
      0.0010316013358533382,
      0.0010306588374078274,
      -6.466229024226777e-06,
      -1.6250700127784512e-06,
      0.0013065733946859837,
      6.243050165721797e-07,
      -3.9116721382015385e-06,
      -1.5488581084355246e-06,
      0.0005231586401350796,
      0.03657364845275879
    ],
    [
      0.07318016141653061,
      0.05317043140530586,
      -0.0002850866294465959,
      -0.00011612248636083677,
      0.1017698273062706,
      -3.163448582199635e-06,
      3.1142448278842494e-05,
      -1.1625766092038248e-05,
      0.03657367825508118,
      2.644911050796509
    ]
  ],
  "theta_phys": [
    0.0007170970784500241,
    0.31407374143600464,
    0.00015814995276741683,
    0.18736261129379272,
    0.2197803556919098,
    3.098947763442993,
    10.20866584777832,
    6.097044467926025,
    47.75168228149414,
    0.6944760680198669
  ],
  "Sigma_phys": [
    [
      1.0614102929906721e-09,
      4.6427598476839194e-07,
      -1.5055775636624302e-12,
      1.151005887822798e-10,
      3.2604438615635445e-07,
      1.1429575064170194e-09,
      -2.6482211978873238e-08,
      -7.467047424825068e-09,
      3.532469054334797e-05,
      3.6444191209739074e-05
    ],
    [
      4.6427058464360016e-07,
      0.0011789737036451697,
      -3.067428977487907e-09,
      -3.4265966064594977e-07,
      -0.0008320493507198989,
      1.9427630832069553e-05,
      -0.00017136160749942064,
      -1.5432104191859253e-05,
      0.015457172878086567,
      0.0115971639752388
    ],
    [
      -1.5055917667108898e-12,
      -3.0674418560749928e-09,
      1.5448253787297972e-10,
      1.2827794382275215e-09,
      -9.273612433524647e-11,
      3.709678964014529e-08,
      -1.0750120793545648e-07,
      7.45806971735874e-08,
      -4.883295545710098e-08,
      -3.131191661509547e-08
    ],
    [
      1.1510009612081262e-10,
      -3.426571595355199e-07,
      1.2827694462202999e-09,
      3.81439458578825e-05,
      -8.365257144760108e-07,
      -1.1699693459377158e-05,
      -5.5490996601292863e-05,
      -2.8863347324659117e-05,
      -1.4539327821694314e-05,
      -1.5109761079656892e-05
    ],
    [
      3.260501273416594e-07,
      -0.0008320454508066177,
      -9.273631862427578e-11,
      -8.36522360714298e-07,
      0.0016605999553576112,
      -2.1920768631389365e-06,
      5.054276698501781e-06,
      -1.0472813301021233e-05,
      0.01371251791715622,
      0.01553354412317276
    ],
    [
      1.142896888239875e-09,
      1.9427610823186114e-05,
      3.709678253471793e-08,
      -1.1699689821398351e-05,
      -2.192102328990586e-06,
      0.00047984591219574213,
      -1.0595987077977043e-05,
      2.8331565772532485e-05,
      9.238266648026183e-05,
      -6.810250852140598e-06
    ],
    [
      -2.648158670126577e-08,
      -0.00017136136011686176,
      -1.0750120793545648e-07,
      -5.5491007515229285e-05,
      5.054435860074591e-06,
      -1.0595839739835355e-05,
      0.05126005411148071,
      1.9576356862671673e-05,
      -0.0019068452529609203,
      0.00022081202769186348
    ],
    [
      -7.467114926384966e-09,
      -1.5432156942551956e-05,
      7.458070427901475e-08,
      -2.8863340048701502e-05,
      -1.0472838766872883e-05,
      2.8331576686468907e-05,
      1.957634958671406e-05,
      0.006698727607727051,
      -0.0004509432765189558,
      -4.922866355627775e-05
    ],
    [
      3.532470145728439e-05,
      0.01545735727995634,
      -4.88324829461817e-08,
      -1.4539305993821472e-05,
      0.013712332583963871,
      9.238463826477528e-05,
      -0.0019068657420575619,
      -0.0004509409482125193,
      1.1929184198379517,
      1.2128700017929077
    ],
    [
      3.6444216675590724e-05,
      0.011597358621656895,
      -3.131145120960355e-08,
      -1.510972469986882e-05,
      0.015533351339399815,
      -6.8081999415881e-06,
      0.000220789821469225,
      -4.9226418923353776e-05,
      1.2128709554672241,
      1.275632619857788
    ]
  ],
  "param_names": [
    "L",
    "RL",
    "C",
    "RC",
    "Rdson",
    "Rload1",
    "Rload2",
    "Rload3",
    "Vin",
    "VF"
  ]
}