{
  "L": 0.0007253742660395801,
  "RL": 0.3136419951915741,
  "C": 0.00016451386909466237,
  "RC": 0.20079250633716583,
  "Rdson": 0.22192533314228058,
  "Rloads": [
    3.099949359893799,
    10.196880340576172,
    6.0987324714660645
  ],
  "Vin": 48.01637268066406,
  "VF": 1.0091081857681274
}