{
  "L": 0.0007257439428940415,
  "RL": 0.3120221197605133,
  "C": 0.00016276144015137106,
  "RC": 0.19509440660476685,
  "Rdson": 0.2277977019548416,
  "Rloads": [
    3.100306749343872,
    10.176006317138672,
    6.107148170471191
  ],
  "Vin": 48.072303771972656,
  "VF": 1.0676132440567017
}