{
  "L": 0.0007257733377628028,
  "RL": 0.31376999616622925,
  "C": 0.00015636686293873936,
  "RC": 0.18947753310203552,
  "Rdson": 0.23216769099235535,
  "Rloads": [
    3.0992887020111084,
    10.15328598022461,
    6.110424041748047
  ],
  "Vin": 48.12917709350586,
  "VF": 1.0917015075683594
}