{
  "L": 0.0007257683319039643,
  "RL": 0.3137718439102173,
  "C": 0.0001563668338349089,
  "RC": 0.1894775629043579,
  "Rdson": 0.23216108977794647,
  "Rloads": [
    3.0992887020111084,
    10.15328598022461,
    6.110424041748047
  ],
  "Vin": 48.129005432128906,
  "VF": 1.0915077924728394
}