{
  "L": 0.0007250345079228282,
  "RL": 0.31350404024124146,
  "C": 0.00016451909323222935,
  "RC": 0.20079107582569122,
  "Rdson": 0.22179892659187317,
  "Rloads": [
    3.099949836730957,
    10.196914672851562,
    6.098726272583008
  ],
  "Vin": 48.00501251220703,
  "VF": 0.9973453879356384
}