{
  "L": 0.0007232470670714974,
  "RL": 0.3103903830051422,
  "C": 0.00016285250603687018,
  "RC": 0.19504672288894653,
  "Rdson": 0.22732087969779968,
  "Vin": 47.9879035949707,
  "VF": 0.9838750958442688,
  "Rloads": [
    3.100295066833496,
    10.176440238952637,
    6.106945991516113
  ]
}