{
  "theta_log": [
    1.98104989528656,
    1.1426494121551514,
    0.497855007648468,
    0.6970939040184021,
    0.7965906858444214,
    1.1313860416412354,
    2.3220839500427246,
    1.808079481124878,
    1.5687205791473389,
    -0.0026448743883520365
  ],
  "Sigma_log": [
    [
      1.4569129234587308e-05,
      1.4650208868260961e-05,
      -2.0022108060402388e-07,
      2.636272711242782e-08,
      1.455349411116913e-05,
      1.2966194784524987e-09,
      -2.7564864168994063e-08,
      -1.3236713947151202e-08,
      7.320980785152642e-06,
      0.0003639752103481442
    ],
    [
      1.4650193406851031e-05,
      8.43070592964068e-05,
      -5.682930463990488e-07,
      -2.2222492290779883e-08,
      -8.355925820069388e-05,
      1.5449364809683175e-07,
      -4.2103562236661674e-07,
      -6.401820940027392e-08,
      7.3650176091177855e-06,
      0.00026862003142014146
    ],
    [
      -2.0022395119667635e-07,
      -5.682963433173427e-07,
      4.640808765543625e-05,
      2.909251577420946e-07,
      -1.5118251894818968e-07,
      5.961015858702012e-07,
      -5.373963176680263e-07,
      5.931790383328917e-07,
      -1.0056461263729943e-07,
      -4.0491427171218675e-06
    ],
    [
      2.6363043303945233e-08,
      -2.2222391038440037e-08,
      2.9092305453559675e-07,
      6.567979653482325e-06,
      -1.1658492127253339e-07,
      -1.3674552690190467e-07,
      -1.9936000228426565e-07,
      -1.7172257571473892e-07,
      -1.2169857344090929e-09,
      -6.305457844746343e-08
    ],
    [
      1.4553529581462499e-05,
      -8.355919999303296e-05,
      -1.5117932150587876e-07,
      -1.1658568865868801e-07,
      0.00023675570264458656,
      -2.4521598973592518e-08,
      1.8355228448285743e-08,
      -6.03364256335226e-08,
      9.196581231663004e-06,
      0.0005010225577279925
    ],
    [
      1.2965440943091266e-09,
      1.5449349177742988e-07,
      5.961044280411443e-07,
      -1.3674551269104995e-07,
      -2.4521662922438736e-08,
      3.7541173014687956e-07,
      -3.26559623786693e-09,
      1.191292664515231e-08,
      3.568887629867845e-09,
      -8.469290690982234e-08
    ],
    [
      -2.756472561316059e-08,
      -4.210355939449073e-07,
      -5.373962608246075e-07,
      -1.9935997386255622e-07,
      1.835544694017699e-08,
      -3.2655624870869815e-09,
      3.6596698009816464e-06,
      2.5446802442985472e-09,
      -3.035802009776489e-08,
      1.8621425112996803e-07
    ],
    [
      -1.323692710997193e-08,
      -6.40184794065135e-08,
      5.931789814894728e-07,
      -1.7172257571473892e-07,
      -6.033661748006125e-08,
      1.191290177615656e-08,
      2.5446817986107817e-09,
      1.3487338037521113e-06,
      -1.213669520438998e-08,
      -6.161268117921281e-08
    ],
    [
      7.320980785152642e-06,
      7.3650257945701014e-06,
      -1.0056314891926377e-07,
      -1.2171472718591758e-09,
      9.19656395126367e-06,
      3.5689216026923987e-09,
      -3.035808049389743e-08,
      -1.2136585070265937e-08,
      3.731399374373723e-06,
      0.00018289285071659833
    ],
    [
      0.0003639752103481442,
      0.00026862043887376785,
      -4.0490704122930765e-06,
      -6.306294864089068e-08,
      0.0005010216846130788,
      -8.469119450182916e-08,
      1.8621106789851183e-07,
      -6.160752974437855e-08,
      0.00018289286526851356,
      0.009264389052987099
    ]
  ],
  "theta_phys": [
    0.0007250350899994373,
    0.3135063350200653,
    0.0001645188604015857,
    0.2007909119129181,
    0.22179663181304932,
    3.099950075149536,
    10.19690227508545,
    6.098723411560059,
    48.00502395629883,
    0.9973586201667786
  ],
  "Sigma_phys": [
    [
      7.658640215069124e-12,
      3.3300378010636678e-09,
      -2.388275971573154e-14,
      3.837897881442398e-12,
      2.3403523563558792e-09,
      2.9142463182224576e-12,
      -2.0379013754290298e-10,
      -5.852994477972828e-11,
      2.548091231346916e-07,
      2.6319776225136593e-07
    ],
    [
      3.330034026305384e-09,
      8.286222509923391e-06,
      -2.931125134275625e-11,
      -1.3988885605442647e-09,
      -5.810263701278018e-06,
      1.501452686625271e-07,
      -1.3459639376378618e-06,
      -1.2240207070135511e-07,
      0.00011084262223448604,
      8.399163925787434e-05
    ],
    [
      -2.388310191704223e-14,
      -2.9311421345656896e-11,
      1.2561024269330812e-12,
      9.610390608316699e-12,
      -5.51660887110339e-12,
      3.040119544994724e-10,
      -9.01526742147496e-10,
      5.951691361971712e-10,
      -7.942323465570666e-10,
      -6.644007566336541e-10
    ],
    [
      3.8379438516145115e-12,
      -1.3988822322730243e-09,
      9.61032121937766e-12,
      2.6480117298888217e-07,
      -5.192080099192253e-09,
      -8.511613458495049e-08,
      -4.081786926235509e-07,
      -2.102860179320487e-07,
      -1.1730492133210646e-08,
      -1.2627344503357563e-08
    ],
    [
      2.3403581295156073e-09,
      -5.81025960855186e-06,
      -5.5164926446305e-12,
      -5.192114294061412e-09,
      1.1646899110928643e-05,
      -1.6860033369425764e-08,
      4.1512894455308924e-08,
      -8.161565290265571e-08,
      9.79192482191138e-05,
      0.00011083159188274294
    ],
    [
      2.9140769658431154e-12,
      1.5014511234312522e-07,
      3.040133977894044e-10,
      -8.511612037409577e-08,
      -1.686007777834675e-08,
      3.607590315368725e-06,
      -1.0322512622451541e-07,
      2.2522267784097494e-07,
      5.310974984240602e-07,
      -2.618502890072705e-07
    ],
    [
      -2.037891105866052e-10,
      -1.345963823951024e-06,
      -9.015266866363447e-10,
      -4.08178635780132e-07,
      4.15133847297966e-08,
      -1.0322406751583912e-07,
      0.00038052082527428865,
      1.582487954010503e-07,
      -1.4860328519716859e-05,
      1.8937929553430877e-06
    ],
    [
      -5.853088846929921e-11,
      -1.2240259650297958e-07,
      5.951691361971712e-10,
      -2.102860179320487e-07,
      -8.161591580346794e-08,
      2.2522219467191462e-07,
      1.582488948770333e-07,
      5.016538125346415e-05,
      -3.553252327037626e-06,
      -3.747661878605868e-07
    ],
    [
      2.548091231346916e-07,
      0.0001108427532017231,
      -7.942208002376105e-10,
      -1.173204910998038e-08,
      9.791905904421583e-05,
      5.311025574883388e-07,
      -1.4860357623547316e-05,
      -3.553220494723064e-06,
      0.008598944172263145,
      0.008756584487855434
    ],
    [
      2.6319776225136593e-07,
      8.39917702251114e-05,
      -6.643888772472906e-10,
      -1.2629020496035537e-08,
      0.00011083139543188736,
      -2.618450025693164e-07,
      1.8937606682811747e-06,
      -3.7473483871508506e-07,
      0.008756585419178009,
      0.009215512312948704
    ]
  ],
  "param_names": [
    "L",
    "RL",
    "C",
    "RC",
    "Rdson",
    "Rloads1",
    "Rloads2",
    "Rloads3",
    "Vin",
    "VF"
  ]
}