{
  "L": 0.0007181503460742533,
  "RL": 0.3033124506473541,
  "C": 0.00016575801419094205,
  "RC": 0.189065620303154,
  "Rdson": 0.2330765724182129,
  "Rloads": [
    3.1020617485046387,
    10.152647018432617,
    6.1181440353393555
  ],
  "Vin": 47.85671615600586,
  "VF": 0.8613564968109131
}