{
  "L": 0.0007217840757220984,
  "RL": 0.30879539251327515,
  "C": 0.0001653348299441859,
  "RC": 0.19500163197517395,
  "Rdson": 0.22705896198749542,
  "Rloads": [
    3.101060390472412,
    10.175976753234863,
    6.109148979187012
  ],
  "Vin": 47.93556594848633,
  "VF": 0.9378949999809265
}