{
  "L": 0.0007251098868437111,
  "RL": 0.31353241205215454,
  "C": 0.00016452610725536942,
  "RC": 0.20079056918621063,
  "Rdson": 0.22183260321617126,
  "Rloads": [
    3.099952459335327,
    10.196913719177246,
    6.098740100860596
  ],
  "Vin": 48.007545471191406,
  "VF": 0.9999632239341736
}