{
  "theta_log": [
    1.9765558242797852,
    1.1275087594985962,
    0.5028024911880493,
    0.6678377389907837,
    0.8200395107269287,
    1.131744146347046,
    2.3200297355651855,
    1.8097875118255615,
    1.567272663116455,
    -0.06411727517843246
  ],
  "Sigma_log": [
    [
      0.0005487307207658887,
      0.0005522260908037424,
      -6.565426701854449e-06,
      1.2524629937615828e-06,
      0.0005481189000420272,
      5.454229423662582e-08,
      -9.831619536271319e-07,
      -5.073720217296795e-07,
      0.00027537826099433005,
      0.014541310258209705
    ],
    [
      0.0005522217252291739,
      0.003288802457973361,
      -1.9202274415874854e-05,
      9.028030376612151e-07,
      -0.0031602499075233936,
      5.232673174759839e-06,
      -1.5176109627645928e-05,
      -2.350432168896077e-06,
      0.0002772420411929488,
      0.010629645548760891
    ],
    [
      -6.565670446434524e-06,
      -1.9202519979444332e-05,
      0.0017705309437587857,
      1.172061365650734e-05,
      -7.767693205096293e-06,
      2.3084741769707762e-05,
      -2.5371957235620357e-05,
      2.5579012799425982e-05,
      -3.3050762340280926e-06,
      -0.00013765513722319156
    ],
    [
      1.2524997146101668e-06,
      9.028456702253607e-07,
      1.172067004517885e-05,
      0.00026407401310279965,
      -6.0988800214545336e-06,
      -5.600973508990137e-06,
      -8.031169272726402e-06,
      -6.791618943680078e-06,
      7.141569824398175e-08,
      3.825005933322245e-06
    ],
    [
      0.0005481226253323257,
      -0.0031602417584508657,
      -7.76740944274934e-06,
      -6.098919584474061e-06,
      0.008595152758061886,
      3.531603169903974e-07,
      -1.3110442864672223e-07,
      -2.4410469450231176e-06,
      0.0003445038746576756,
      0.01996338739991188
    ],
    [
      5.4522999448636256e-08,
      5.2326581680972595e-06,
      2.3084650820237584e-05,
      -5.600974418484839e-06,
      3.531372954057588e-07,
      1.4415386431210209e-05,
      -1.792063955008416e-07,
      5.043686996941688e-07,
      1.4248659852000856e-07,
      -2.5954579996323446e-06
    ],
    [
      -9.831061333898106e-07,
      -1.5176060514932033e-05,
      -2.537195905460976e-05,
      -8.031170182221103e-06,
      -1.3104201457281306e-07,
      -1.7920896766554506e-07,
      0.0001406903611496091,
      -1.1535995270151034e-08,
      -1.106687477658852e-06,
      6.926528840267565e-06
    ],
    [
      -5.073588340565038e-07,
      -2.350420800212305e-06,
      2.5579012799425982e-05,
      -6.791618943680078e-06,
      -2.44103284785524e-06,
      5.043700070928026e-07,
      -1.15359171104501e-08,
      5.2073672122787684e-05,
      -4.6268345954558754e-07,
      -3.3074709335778607e-06
    ],
    [
      0.0002753781445790082,
      0.0002772441366687417,
      -3.304951860627625e-06,
      7.139720281656992e-08,
      0.00034450183738954365,
      1.4249594926241116e-07,
      -1.1067154446209315e-06,
      -4.626899681170471e-07,
      0.00014018513320479542,
      0.007297332864254713
    ],
    [
      0.014541319571435452,
      0.010629771277308464,
      -0.00013764871982857585,
      3.8240355024754535e-06,
      0.019963299855589867,
      -2.594946863609948e-06,
      6.925022262294078e-06,
      -3.307817905806587e-06,
      0.00729734031483531,
      0.39271804690361023
    ]
  ],
  "theta_phys": [
    0.0007217840757220984,
    0.30879539251327515,
    0.0001653348299441859,
    0.19500163197517395,
    0.22705896198749542,
    3.101060390472412,
    10.175976753234863,
    6.109148979187012,
    47.93556594848633,
    0.9378949999809265
  ],
  "Sigma_phys": [
    [
      2.858734915456296e-10,
      1.230821311537511e-07,
      -7.834920863133976e-13,
      1.7628301596239737e-10,
      8.982986088312828e-08,
      1.2208180300010696e-10,
      -7.221184983308149e-09,
      -2.2372499408618296e-09,
      9.527847396384459e-06,
      9.843851330515463e-06
    ],
    [
      1.2308116481563047e-07,
      0.0003136024170089513,
      -9.803651224160603e-10,
      5.436283245785489e-08,
      -0.00022158016508910805,
      5.010771928937174e-06,
      -4.7687812184449285e-05,
      -4.434036327438662e-06,
      0.004103814717382193,
      0.0030785331036895514
    ],
    [
      -7.835211429316202e-13,
      -9.803775569139361e-10,
      4.839853517957238e-11,
      3.7787917239739954e-10,
      -2.916050734214082e-10,
      1.1835854074604413e-08,
      -4.268688513775487e-08,
      2.5836211392515906e-08,
      -2.619411354487511e-08,
      -2.1345728740129744e-08
    ],
    [
      1.7628817849946188e-10,
      5.4365397517130987e-08,
      3.7788097650981456e-10,
      1.004158184514381e-05,
      -2.7003929403690563e-07,
      -3.3869750950543676e-06,
      -1.593650631548371e-05,
      -8.090814844763372e-06,
      6.675592203464475e-07,
      6.99559393524396e-07
    ],
    [
      8.983047194988103e-08,
      -0.00022157959756441414,
      -2.915944152803718e-10,
      -2.700410561828903e-07,
      0.00044312974205240607,
      2.486684991254151e-07,
      -3.0292289920907933e-07,
      -3.386066737220972e-06,
      0.003749649040400982,
      0.00425135251134634
    ],
    [
      1.2203861532444904e-10,
      5.010757831769297e-06,
      1.1835807001148169e-08,
      -3.3869755498017184e-06,
      2.4865227032933035e-07,
      0.0001386266521876678,
      -5.655093900713837e-06,
      9.555184078635648e-06,
      2.1180787371122278e-05,
      -7.54880875319941e-06
    ],
    [
      -7.220775088967457e-09,
      -4.768765575136058e-05,
      -4.268688513775487e-08,
      -1.593650995346252e-05,
      -3.0277868745542946e-07,
      -5.6551753004896455e-06,
      0.01456855796277523,
      -7.171531137828424e-07,
      -0.0005398323992267251,
      6.610677519347519e-05
    ],
    [
      -2.2371917651753392e-09,
      -4.43401495431317e-06,
      2.5836213168872746e-08,
      -8.090815754258074e-06,
      -3.3860471830848837e-06,
      9.555208634992596e-06,
      -7.171482252488204e-07,
      0.0019434780115261674,
      -0.00013549477444030344,
      -1.8950950106955133e-05
    ],
    [
      9.527843758405652e-06,
      0.004103845916688442,
      -2.619312766682924e-08,
      6.673863595096918e-07,
      0.003749626688659191,
      2.1182177079026587e-05,
      -0.0005398460198193789,
      -0.00013549668074119836,
      0.32211998105049133,
      0.3280773460865021
    ],
    [
      9.843857696978375e-06,
      0.003078569658100605,
      -2.134473575665652e-08,
      6.993818715272937e-07,
      0.0042513334192335606,
      -7.547322184109362e-06,
      6.609239790122956e-05,
      -1.8952936443383805e-05,
      0.32807767391204834,
      0.34545326232910156
    ]
  ],
  "param_names": [
    "L",
    "RL",
    "C",
    "RC",
    "Rdson",
    "Rload1",
    "Rload2",
    "Rload3",
    "Vin",
    "VF"
  ]
}