{
  "theta_log": [
    1.9715087413787842,
    1.1095932722091675,
    0.5053588151931763,
    0.6369239687919617,
    0.8461968302726746,
    1.1320669651031494,
    2.317734479904175,
    1.8112587928771973,
    1.5656263828277588,
    -0.14924681186676025
  ],
  "Sigma_log": [
    [
      0.0021603628993034363,
      0.0021767555736005306,
      -1.1599228855629917e-05,
      5.984597009955905e-06,
      0.0021569090895354748,
      3.705900439854304e-07,
      -3.908797225449234e-06,
      -1.8615521639731014e-06,
      0.0010823776246979833,
      0.06214435398578644
    ],
    [
      0.0021767644211649895,
      0.01341367419809103,
      -6.109946843935177e-05,
      6.824566298746504e-06,
      -0.01240982674062252,
      2.072027200483717e-05,
      -5.958998008281924e-05,
      -9.229253009834792e-06,
      0.001091011450625956,
      0.04503500089049339
    ],
    [
      -1.1599058780120686e-05,
      -6.109919195296243e-05,
      0.007041878066956997,
      4.859121690969914e-05,
      -1.5908892237348482e-05,
      9.263664833270013e-05,
      -0.00011920976248802617,
      0.00011271049152128398,
      -5.7953370742325205e-06,
      -0.00017914289492182434
    ],
    [
      5.984738891129382e-06,
      6.824694537499454e-06,
      4.8591238737571985e-05,
      0.0011152075603604317,
      -2.737396971497219e-05,
      -2.2983749659033492e-05,
      -3.330132312839851e-05,
      -2.7459640477900393e-05,
      7.366391514551651e-07,
      4.202258787699975e-05
    ],
    [
      0.0021568909287452698,
      -0.012409856542944908,
      -1.5909068679320626e-05,
      -2.7374187993700616e-05,
      0.032407745718955994,
      1.5569287370453821e-06,
      -6.354059678415069e-07,
      -9.091761967283674e-06,
      0.0013490053825080395,
      0.08489487320184708
    ],
    [
      3.7056307178318093e-07,
      2.072021561616566e-05,
      9.263639367418364e-05,
      -2.2983749659033492e-05,
      1.5569016795780044e-06,
      5.778570630354807e-05,
      -9.54507413553074e-07,
      2.153499281121185e-06,
      6.325792583083967e-07,
      -6.266576292546233e-06
    ],
    [
      -3.908644430339336e-06,
      -5.9589820011751726e-05,
      -0.00011920976976398379,
      -3.33013194904197e-05,
      -6.353068897624325e-07,
      -9.54509459916153e-07,
      0.00056306435726583,
      -5.280651862449304e-07,
      -4.3293425733281765e-06,
      2.57965293712914e-05
    ],
    [
      -1.861489067778166e-06,
      -9.22918479773216e-06,
      0.00011271049152128398,
      -2.7459640477900393e-05,
      -9.09170921659097e-06,
      2.1535011001105886e-06,
      -5.280649020278361e-07,
      0.00020976734231226146,
      -1.738434320941451e-06,
      -1.0539098184381146e-05
    ],
    [
      0.0010823772754520178,
      0.0010910065611824393,
      -5.795424385723891e-06,
      7.365678129644948e-07,
      0.001349013764411211,
      6.325923322947347e-07,
      -4.3294185161357746e-06,
      -1.7384655848218245e-06,
      0.0005501866689883173,
      0.0311347097158432
    ],
    [
      0.06214435026049614,
      0.0450347401201725,
      -0.0001791475951904431,
      4.2018542444566265e-05,
      0.08489538729190826,
      -6.2658978094987106e-06,
      2.5792105589061975e-05,
      -1.0540925359237008e-05,
      0.031134719029068947,
      1.822253704071045
    ]
  ],
  "theta_phys": [
    0.0007181503460742533,
    0.3033124506473541,
    0.00016575801419094205,
    0.189065620303154,
    0.2330765724182129,
    3.1020617485046387,
    10.152647018432617,
    6.1181440353393555,
    47.85671615600586,
    0.8613564968109131
  ],
  "Sigma_phys": [
    [
      1.1141854106000437e-09,
      4.741494876725483e-07,
      -1.3807625832626402e-12,
      8.125738415465378e-10,
      3.610321073210798e-07,
      8.25580714902685e-10,
      -2.849953695260865e-08,
      -8.179189769919049e-09,
      3.7199497455731034e-05,
      3.844147067866288e-05
    ],
    [
      4.7415142034878954e-07,
      0.0012340371031314135,
      -3.071865650738914e-09,
      3.913612545147771e-07,
      -0.0008773130248300731,
      1.949557918123901e-05,
      -0.00018350282334722579,
      -1.712681114440784e-05,
      0.015836618840694427,
      0.011765850707888603
    ],
    [
      -1.380742417102232e-12,
      -3.071851661928804e-09,
      1.9348067592517282e-10,
      1.5228071026385237e-09,
      -6.146290698616497e-10,
      4.7632987332235643e-08,
      -2.0061602867826878e-07,
      1.1430325486116999e-07,
      -4.597228908664874e-08,
      -2.5577440609936275e-08
    ],
    [
      8.125931594271663e-10,
      3.91368644159229e-07,
      1.522807657750036e-09,
      3.986399678979069e-05,
      -1.2062822634106851e-06,
      -1.3479813787853345e-05,
      -6.392243813024834e-05,
      -3.176341124344617e-05,
      6.665155069640605e-06,
      6.843500159448013e-06
    ],
    [
      3.610290946198802e-07,
      -0.0008773151785135269,
      -6.146358977332511e-10,
      -1.2062919267918915e-06,
      0.0017605406465008855,
      1.125687390413077e-06,
      -1.503589260209992e-06,
      -1.2964816960447934e-05,
      0.015047182328999043,
      0.017043666914105415
    ],
    [
      8.25520707348204e-10,
      1.9495524611556903e-05,
      4.763285232911585e-08,
      -1.3479813787853345e-05,
      1.125667836276989e-06,
      0.0005560595309361815,
      -3.0061388315516524e-05,
      4.0870963857742026e-05,
      9.390922787133604e-05,
      -1.6744173990446143e-05
    ],
    [
      -2.8498423176870347e-08,
      -0.00018350234313402325,
      -2.006160428891235e-07,
      -6.392243085429072e-05,
      -1.5033547242637724e-06,
      -3.006145379913505e-05,
      0.05803855508565903,
      -3.2800955523271114e-05,
      -0.002103507751598954,
      0.00022559190983884037
    ],
    [
      -8.178912658252102e-09,
      -1.712668381514959e-05,
      1.1430324775574263e-07,
      -3.1763407605467364e-05,
      -1.2964741472387686e-05,
      4.087099659955129e-05,
      -3.2800940971355885e-05,
      0.007851945236325264,
      -0.0005090035847388208,
      -5.554002564167604e-05
    ],
    [
      3.719948654179461e-05,
      0.015836548060178757,
      -4.597298186581611e-08,
      6.664509328402346e-06,
      0.015047276392579079,
      9.391117055201903e-05,
      -0.002103544771671295,
      -0.0005090127815492451,
      1.2600734233856201,
      1.2834254503250122
    ],
    [
      3.8441467040684074e-05,
      0.011765783652663231,
      -2.557811029646473e-08,
      6.842841685283929e-06,
      0.017043769359588623,
      -1.6742360458010808e-05,
      0.00022555321629624814,
      -5.554965537157841e-05,
      1.2834258079528809,
      1.3519939184188843
    ]
  ],
  "param_names": [
    "L",
    "RL",
    "C",
    "RC",
    "Rdson",
    "Rload1",
    "Rload2",
    "Rload3",
    "Vin",
    "VF"
  ]
}