{
  "theta_log": [
    1.9811530113220215,
    1.1427325010299683,
    0.49789905548095703,
    0.6970922350883484,
    0.7967528700828552,
    1.1313867568969727,
    2.32208514213562,
    1.8080822229385376,
    1.5687731504440308,
    -3.6776742490474135e-05
  ],
  "Sigma_log": [
    [
      2.1554949853452854e-05,
      2.1678159100702032e-05,
      -3.041569982542569e-07,
      4.2223788909723226e-08,
      2.1528554498218e-05,
      1.791993664568281e-09,
      -4.0195768491457784e-08,
      -1.963919338265896e-08,
      1.0831998224603012e-05,
      0.0005371487932279706
    ],
    [
      2.167810635000933e-05,
      0.00012557613081298769,
      -8.021381745493272e-07,
      7.729588524796327e-09,
      -0.00012480209989007562,
      2.0591043892181915e-07,
      -6.005310524415108e-07,
      -9.090454256011071e-08,
      1.0898641448875424e-05,
      0.0003953858104068786
    ],
    [
      -3.0416003937716596e-07,
      -8.021427220228361e-07,
      6.858450797153637e-05,
      4.387674721328949e-07,
      -3.5486272054185974e-07,
      8.83402094586927e-07,
      -7.94409231730242e-07,
      8.773930630923132e-07,
      -1.53764176502591e-07,
      -6.233105068531586e-06
    ],
    [
      4.222341942750063e-08,
      7.729298090453085e-09,
      4.387674721328949e-07,
      9.737349500937853e-06,
      -2.025534371341564e-07,
      -2.1162715313494118e-07,
      -2.9976916948726284e-07,
      -2.60407460928036e-07,
      -9.461163102963965e-11,
      2.6233331062996967e-09
    ],
    [
      2.1528561774175614e-05,
      -0.0001248020416824147,
      -3.548596794189507e-07,
      -2.0255274080227537e-07,
      0.0003515032003633678,
      1.3345254679109075e-08,
      -6.159870835631409e-09,
      -9.934863243188374e-08,
      1.3597033102996647e-05,
      0.0007408868405036628
    ],
    [
      1.7920760431167082e-09,
      2.0591069471720402e-07,
      8.834027767079533e-07,
      -2.1162715313494118e-07,
      1.3345332838810009e-08,
      5.551120807467669e-07,
      -4.46271020138056e-09,
      1.8017663805380835e-08,
      5.4843116714664575e-09,
      -1.076165361268977e-07
    ],
    [
      -4.0195853756586075e-08,
      -6.005311661283486e-07,
      -7.94409231730242e-07,
      -2.997691410655534e-07,
      -6.160495669149668e-09,
      -4.462697322793474e-09,
      5.4261709010461345e-06,
      3.9104861571104266e-09,
      -4.47160140026881e-08,
      2.396405420768133e-07
    ],
    [
      -1.9638791926013255e-08,
      -9.090427965929848e-08,
      8.773930630923132e-07,
      -2.60407460928036e-07,
      -9.934825584423379e-08,
      1.8017630054600886e-08,
      3.910487045288846e-09,
      1.9952246930188267e-06,
      -1.8167501281141085e-08,
      -1.1264079091688473e-07
    ],
    [
      1.0831998224603012e-05,
      1.0898668733716477e-05,
      -1.5376261330857233e-07,
      -9.44167244387728e-11,
      1.359702946501784e-05,
      5.4842672625454725e-09,
      -4.4715967817410274e-08,
      -1.8167702009463937e-08,
      5.521027560462244e-06,
      0.0002699265314731747
    ],
    [
      0.0005371488514356315,
      0.0003953871491830796,
      -6.233031399460742e-06,
      2.6331250513322857e-09,
      0.0007408866658806801,
      -1.0761897328848136e-07,
      2.396425315964734e-07,
      -1.1265114352454475e-07,
      0.00026992656057700515,
      0.013639824464917183
    ]
  ],
  "theta_phys": [
    0.0007251098868437111,
    0.31353241205215454,
    0.00016452610725536942,
    0.20079056918621063,
    0.22183260321617126,
    3.099952459335327,
    10.196913719177246,
    6.098740100860596,
    48.007545471191406,
    0.9999632239341736
  ],
  "Sigma_phys": [
    [
      1.1333255514611729e-11,
      4.928430996642419e-09,
      -3.628578015314743e-14,
      6.147582443105648e-12,
      3.4629328293789285e-09,
      4.028054365751155e-12,
      -2.972027901559926e-10,
      -8.68495553252302e-11,
      3.770699379401776e-07,
      3.8947757730056765e-07
    ],
    [
      4.928419006233753e-09,
      1.234445608133683e-05,
      -4.1377710285894764e-11,
      4.866112512935672e-10,
      -8.680199243826792e-06,
      2.0013166590615583e-07,
      -1.9199355847376864e-06,
      -1.7382336636728724e-07,
      0.00016404550115112215,
      0.0001239617122337222
    ],
    [
      -3.6286142683248854e-14,
      -4.1377942738840545e-11,
      1.8565030155542894e-12,
      1.4494811600984647e-11,
      -1.2951514860581881e-11,
      4.505554818123869e-10,
      -1.3327474679414308e-09,
      8.803779372179577e-10,
      -1.2145054961720803e-09,
      -1.0254708193713213e-09
    ],
    [
      6.147528232997024e-12,
      4.865929326136609e-10,
      1.449481073362291e-11,
      3.925792952941265e-07,
      -9.022113722778613e-09,
      -1.3172545720863127e-07,
      -6.137606192169187e-07,
      -3.188870323356241e-07,
      -9.120052490985131e-10,
      5.267211666826199e-10
    ],
    [
      3.462934161646558e-09,
      -8.680195605847985e-06,
      -1.2951403838279418e-11,
      -9.022082636533924e-09,
      1.7297368685831316e-05,
      9.177138160509912e-09,
      -1.3933676434874087e-08,
      -1.3440870816339157e-07,
      0.00014480348909273744,
      0.00016434681310784072
    ],
    [
      4.028239547482215e-12,
      2.001319217015407e-07,
      4.505558148792943e-10,
      -1.3172545720863127e-07,
      9.177192339393514e-09,
      5.334463367034914e-06,
      -1.4106603885011282e-07,
      3.406384507798066e-07,
      8.161813980223087e-07,
      -3.335938743020961e-07
    ],
    [
      -2.9720342853423176e-10,
      -1.9199360394850373e-06,
      -1.3327474679414308e-09,
      -6.137605623734999e-07,
      -1.393509041491825e-08,
      -1.4106562673532608e-07,
      0.0005641972529701889,
      2.431866050756071e-07,
      -2.188977668993175e-05,
      2.4435041723336326e-06
    ],
    [
      -8.68477789683908e-11,
      -1.738228689873722e-07,
      8.803778817068064e-10,
      -3.188870323356241e-07,
      -1.3440819657262182e-07,
      3.406377970804897e-07,
      2.431866334973165e-07,
      7.421164627885446e-05,
      -5.319181582308374e-06,
      -6.869416893096059e-07
    ],
    [
      3.770699379401776e-07,
      0.00016404590860474855,
      -1.214493172696507e-09,
      -9.1012641867394e-10,
      0.00014480345998890698,
      8.16174747342302e-07,
      -2.1889753043069504e-05,
      -5.319240244716639e-06,
      0.012724446132779121,
      0.012958033010363579
    ],
    [
      3.894776341439865e-07,
      0.0001239621196873486,
      -1.025458717940353e-09,
      5.286872606369286e-10,
      0.00016434676945209503,
      -3.3360143447680457e-07,
      2.443524408590747e-06,
      -6.870047855045414e-07,
      0.012958034873008728,
      0.013638820499181747
    ]
  ],
  "param_names": [
    "L",
    "RL",
    "C",
    "RC",
    "Rdson",
    "Rload1",
    "Rload2",
    "Rload3",
    "Vin",
    "VF"
  ]
}