{
  "L": 0.0007253721123561263,
  "RL": 0.31363892555236816,
  "C": 0.0001645213196752593,
  "RC": 0.2007923573255539,
  "Rdson": 0.22192296385765076,
  "Rloads": [
    3.0999600887298584,
    10.19693374633789,
    6.098736763000488
  ],
  "Vin": 48.01628494262695,
  "VF": 1.009046196937561
}