{
  "L": 0.0007216231897473335,
  "RL": 0.30882322788238525,
  "C": 0.00015648182306904346,
  "RC": 0.18927256762981415,
  "Rdson": 0.23324385285377502,
  "Rloads": [
    3.0991852283477783,
    10.1550874710083,
    6.1095781326293945
  ],
  "Vin": 47.98704147338867,
  "VF": 0.9624810814857483
}