{
  "L": 0.0007229198818095028,
  "RL": 0.3102699816226959,
  "C": 0.0001628466707188636,
  "RC": 0.19505402445793152,
  "Rdson": 0.22720447182655334,
  "Rloads": [
    3.100289821624756,
    10.176440238952637,
    6.106936454772949
  ],
  "Vin": 47.977027893066406,
  "VF": 0.972474217414856
}