{
  "L": 0.0007250355556607246,
  "RL": 0.3135068118572235,
  "C": 0.00016451887495350093,
  "RC": 0.20079079270362854,
  "Rdson": 0.22179636359214783,
  "Rloads": [
    3.0999486446380615,
    10.19690227508545,
    6.098724365234375
  ],
  "Vin": 48.005035400390625,
  "VF": 0.9973680973052979
}