{
  "theta_log": [
    1.9810504913330078,
    1.1426509618759155,
    0.49785515666007996,
    0.6970933079719543,
    0.7965894937515259,
    1.1313855648040771,
    2.3220839500427246,
    1.8080796003341675,
    1.568720817565918,
    -0.0026353723369538784
  ],
  "Sigma_log": [
    [
      1.4654486221843399e-05,
      1.4730279872310348e-05,
      -1.973980090497207e-07,
      2.59773358379789e-08,
      1.4646706404164433e-05,
      1.2662830783938261e-09,
      -2.7118725043351333e-08,
      -1.302290364435521e-08,
      7.363870281551499e-06,
      0.0003661144874058664
    ],
    [
      1.473002976126736e-05,
      8.470041211694479e-05,
      -5.607539037555398e-07,
      -2.1631892721529766e-08,
      -8.39267231640406e-05,
      1.5189641544566257e-07,
      -4.145519199028058e-07,
      -6.295837096104151e-08,
      7.405041287711356e-06,
      0.00027017699903808534
    ],
    [
      -1.9739049150757637e-07,
      -5.60749754185963e-07,
      4.653247742680833e-05,
      2.917898314080958e-07,
      -1.4555179461694934e-07,
      5.977407226964715e-07,
      -5.390486421674723e-07,
      5.947416070739564e-07,
      -9.891144259199791e-08,
      -3.984581780969165e-06
    ],
    [
      2.597756498801118e-08,
      -2.1631159086155094e-08,
      2.917908830113447e-07,
      6.58568524158909e-06,
      -1.1648189968127554e-07,
      -1.3711786550629768e-07,
      -1.9991398403362837e-07,
      -1.7219534242940426e-07,
      -1.2004690574940469e-09,
      -6.17313844486489e-08
    ],
    [
      1.464702745579416e-05,
      -8.392614108743146e-05,
      -1.4556546545918536e-07,
      -1.1648137387965107e-07,
      0.00023788782709743828,
      -2.4743142645888838e-08,
      1.80610655320379e-08,
      -5.9487298642579844e-08,
      9.252253221347928e-06,
      0.0005039995303377509
    ],
    [
      1.2658996073611206e-09,
      1.518959891200211e-07,
      5.977388468636491e-07,
      -1.3711790813886182e-07,
      -2.4743686211081695e-08,
      3.7644036865458474e-07,
      -3.2542126771062385e-09,
      1.192350040923884e-08,
      3.4981617602625192e-09,
      -8.338383850059472e-08
    ],
    [
      -2.7116698220197577e-08,
      -4.145501293351117e-07,
      -5.390486990108911e-07,
      -1.9991395561191894e-07,
      1.8063595064177207e-08,
      -3.254211122794004e-09,
      3.6733363231178373e-06,
      2.3929482839690763e-09,
      -2.9881306318202405e-08,
      1.8402806745143607e-07
    ],
    [
      -1.3022241951432534e-08,
      -6.295791621369062e-08,
      5.947414365436998e-07,
      -1.721953708511137e-07,
      -5.94862505920446e-08,
      1.1923488862919385e-08,
      2.3929482839690763e-09,
      1.3510186818166403e-06,
      -1.1940429089918325e-08,
      -6.032303190295352e-08
    ],
    [
      7.363867098320043e-06,
      7.405164069496095e-06,
      -9.891520846849744e-08,
      -1.200589849759126e-09,
      9.25209042179631e-06,
      3.498354494979594e-09,
      -2.988230818345983e-08,
      -1.1940757715933614e-08,
      3.753186774702044e-06,
      0.00018396782979834825
    ],
    [
      0.00036611483665183187,
      0.0002701836347114295,
      -3.984775048593292e-06,
      -6.173663535946616e-08,
      0.0005039918469265103,
      -8.337396195656765e-08,
      1.8397750523035938e-07,
      -6.033988597664575e-08,
      0.00018396809173282236,
      0.009318788535892963
    ]
  ],
  "theta_phys": [
    0.0007250355556607246,
    0.3135068118572235,
    0.00016451887495350093,
    0.20079079270362854,
    0.22179636359214783,
    3.0999486446380615,
    10.19690227508545,
    6.098724365234375,
    48.005035400390625,
    0.9973680973052979
  ],
  "Sigma_phys": [
    [
      7.703520113477857e-12,
      3.3482454586675203e-09,
      -2.354603532007775e-14,
      3.781792587420618e-12,
      2.355340367188319e-09,
      2.8460636625204927e-12,
      -2.0049188698134657e-10,
      -5.758456905757825e-11,
      2.5630214395278017e-07,
      2.6474739911463985e-07
    ],
    [
      3.3481886152486595e-09,
      8.324908776558004e-06,
      -2.8922446035362093e-11,
      -1.3617120764308766e-09,
      -5.835817319166381e-06,
      1.4762129296741477e-07,
      -1.3252388271212112e-06,
      -1.203758870360616e-07,
      0.00011144517338834703,
      8.447940490441397e-05
    ],
    [
      -2.3545139159219554e-14,
      -2.8922232664374548e-11,
      1.2594694167797349e-12,
      9.638948493539967e-12,
      -5.311139548991317e-12,
      3.0484778590356143e-10,
      -9.042988025065313e-10,
      5.967371041748493e-10,
      -7.811762903209285e-10,
      -6.538135588485261e-10
    ],
    [
      3.781825980847531e-12,
      -1.3616660021753546e-09,
      9.638984055371225e-12,
      2.6551470000413246e-07,
      -5.1874828876918855e-09,
      -8.534779993851771e-08,
      -4.093126904081146e-07,
      -2.1086485446630832e-07,
      -1.1571284375122559e-08,
      -1.2362471046856172e-08
    ],
    [
      2.3553921035812664e-09,
      -5.835776846652152e-06,
      -5.3116382819906605e-12,
      -5.1874593509637634e-09,
      1.1702564734150656e-05,
      -1.7012329323051745e-08,
      4.08475528956842e-08,
      -8.046697530517122e-08,
      9.85119040706195e-05,
      0.00011149105557706207
    ],
    [
      2.8452017217933667e-12,
      1.4762088085262803e-07,
      3.048468422139905e-10,
      -8.534782836022714e-08,
      -1.701270235798802e-08,
      3.6174722026771633e-06,
      -1.0286525053970763e-07,
      2.254224966691254e-07,
      5.205724846746307e-07,
      -2.578053113211354e-07
    ],
    [
      -2.0047691284830194e-10,
      -1.3252331427793251e-06,
      -9.042988580176825e-10,
      -4.093126335646957e-07,
      4.085327276470707e-08,
      -1.0286520080171613e-07,
      0.0003819418197963387,
      1.488129015569939e-07,
      -1.4626978554588277e-05,
      1.8715774103839067e-06
    ],
    [
      -5.7581647783244705e-11,
      -1.2037500596306927e-07,
      5.967369376413956e-10,
      -2.1086489709887246e-07,
      -8.04655542196997e-08,
      2.2542229771715938e-07,
      1.488129015569939e-07,
      5.0250382628291845e-05,
      -3.4957931802637177e-06,
      -3.669252635063458e-07
    ],
    [
      2.5630203026594245e-07,
      0.00011144702148158103,
      -7.812060442979885e-10,
      -1.1572448777030786e-08,
      9.851017239270732e-05,
      5.206011337577365e-07,
      -1.4627469681727234e-05,
      -3.49588935932843e-06,
      0.008649156428873539,
      0.008808138780295849
    ],
    [
      2.647476549100247e-07,
      8.448147855233401e-05,
      -6.538453112270304e-10,
      -1.2363521761926677e-08,
      0.00011148936027893797,
      -2.577747864052071e-07,
      1.8710632048168918e-06,
      -3.670278090339707e-07,
      0.008808151818811893,
      0.00926980096846819
    ]
  ],
  "param_names": [
    "L",
    "RL",
    "C",
    "RC",
    "Rdson",
    "Rload1",
    "Rload2",
    "Rload3",
    "Vin",
    "VF"
  ]
}