{
  "theta_log": [
    1.9763329029083252,
    1.1275988817214966,
    0.4477697014808655,
    0.6380179524421692,
    0.8469142913818359,
    1.1311392784118652,
    2.317974805831909,
    1.809857726097107,
    1.5683459043502808,
    -0.03824086859822273
  ],
  "Sigma_log": [
    [
      1.4218642718333285e-05,
      1.4404608009499498e-05,
      -8.0207790631448e-08,
      1.2787738867814369e-08,
      1.4075440049055032e-05,
      3.760529221352726e-09,
      -2.6547477105509643e-08,
      -1.1279084333182254e-08,
      7.1429026320402045e-06,
      0.00036740576615557075
    ],
    [
      1.4404658941202797e-05,
      8.597740816185251e-05,
      -4.810854647985252e-07,
      -7.239119081958734e-09,
      -8.01330606918782e-05,
      1.3939252596628648e-07,
      -3.7327487234506407e-07,
      -5.846014161647872e-08,
      7.239128990477184e-06,
      0.00027026585303246975
    ],
    [
      -8.021186204132391e-08,
      -4.810885343431437e-07,
      4.142682155361399e-05,
      2.9952136060273915e-07,
      1.1530337928888912e-07,
      5.05462253386213e-07,
      -6.863215276098344e-07,
      6.070040967642854e-07,
      -3.8199694074592117e-08,
      -1.0688324891816592e-06
    ],
    [
      1.2787069181285915e-08,
      -7.239965515992708e-09,
      2.9952164481983345e-07,
      7.301918685698183e-06,
      -1.818550572352251e-07,
      -1.3532935838611593e-07,
      -2.0432690917004948e-07,
      -1.646942564548226e-07,
      -8.229910974932864e-09,
      -4.374380750959972e-07
    ],
    [
      1.4075334547669627e-05,
      -8.013324986677617e-05,
      1.1530926258274121e-07,
      -1.8185463090958365e-07,
      0.00021406644373200834,
      -1.7059365475802224e-08,
      8.378616023207996e-09,
      -4.8021394860597866e-08,
      8.855318810674362e-06,
      0.000498511828482151
    ],
    [
      3.760451505741003e-09,
      1.3939248333372234e-07,
      5.054579332863796e-07,
      -1.3532940101868007e-07,
      -1.7059328172308597e-08,
      3.3743046401468746e-07,
      -5.00712316053864e-09,
      1.104238744886743e-08,
      4.450825485946552e-09,
      -7.934886525617912e-09
    ],
    [
      -2.6547059661652384e-08,
      -3.7327401969378116e-07,
      -6.863215276098344e-07,
      -2.0432688074834005e-07,
      8.37842950573986e-09,
      -5.007137815482565e-09,
      3.296624527138192e-06,
      -2.205465587934441e-09,
      -2.7823865877962817e-08,
      1.0063331501442008e-07
    ],
    [
      -1.127909854403697e-08,
      -5.8460042140495716e-08,
      6.070042104511231e-07,
      -1.6469428487653204e-07,
      -4.802158315442284e-08,
      1.1042465608568364e-08,
      -2.2054642556668114e-09,
      1.2234346513650962e-06,
      -1.0457238630579013e-08,
      -4.26388169216807e-08
    ],
    [
      7.142901722545503e-06,
      7.239103069878183e-06,
      -3.819760863166266e-08,
      -8.229577908025476e-09,
      8.855373380356468e-06,
      4.450871671224377e-09,
      -2.7824071935356187e-08,
      -1.0457232413330075e-08,
      3.640717068265076e-06,
      0.00018456678662914783
    ],
    [
      0.0003674057952594012,
      0.00027026457246392965,
      -1.0687277836041176e-06,
      -4.374210789137578e-07,
      0.000498514564242214,
      -7.932906775920401e-09,
      1.0062242949970823e-07,
      -4.263852915187272e-08,
      0.0001845668302848935,
      0.009676676243543625
    ]
  ],
  "theta_phys": [
    0.0007216231897473335,
    0.30882322788238525,
    0.00015648182306904346,
    0.18927256762981415,
    0.23324385285377502,
    3.0991852283477783,
    10.1550874710083,
    6.1095781326293945,
    47.98704147338867,
    0.9624810814857483
  ],
  "Sigma_phys": [
    [
      7.404216996464985e-12,
      3.210124610575349e-09,
      -9.057136957741838e-15,
      1.7465938634622646e-12,
      2.3690960304634245e-09,
      8.410212630483027e-12,
      -1.9454379773797825e-10,
      -4.9727374995534035e-11,
      2.4734845283092e-07,
      2.5518119173284504e-07
    ],
    [
      3.2101359348502e-09,
      8.19981869426556e-06,
      -2.324856106239448e-11,
      -4.231393013753859e-10,
      -5.772074018750573e-06,
      1.3341264093469363e-07,
      -1.1706373470588005e-06,
      -1.1030140711909553e-07,
      0.00010728036431828514,
      8.033288031583652e-05
    ],
    [
      -9.057596896632197e-15,
      -2.324871198333689e-11,
      1.0144003692591497e-12,
      8.871138199029183e-12,
      4.208391447824145e-12,
      2.4513208130017006e-10,
      -1.0906243685937511e-09,
      5.803189595532388e-10,
      -2.868453252702352e-10,
      -1.609777033895199e-10
    ],
    [
      1.7465022483786896e-12,
      -4.2318876181113296e-10,
      8.871146872646563e-12,
      2.615847165543528e-07,
      -8.028294473660935e-09,
      -7.938294999121354e-08,
      -3.9273257357308466e-07,
      -1.904484037140719e-07,
      -7.474924501593705e-08,
      -7.96886467924196e-08
    ],
    [
      2.3690782668950305e-09,
      -5.772087661171099e-06,
      4.208606119854297e-12,
      -8.028274933735702e-09,
      1.1645792255876586e-05,
      -1.2331634380302603e-08,
      1.984568953616872e-08,
      -6.84315253351997e-08,
      9.911476809065789e-05,
      0.00011191231897100806
    ],
    [
      8.41003915813543e-12,
      1.3341259830212948e-07,
      2.451299996319989e-10,
      -7.938297130749561e-08,
      -1.2331606846771592e-08,
      3.2410025596618652e-06,
      -1.575866832581596e-07,
      2.0908444753331423e-07,
      6.619300165766617e-07,
      -2.366902940309501e-08
    ],
    [
      -1.9454073074687273e-10,
      -1.1706346185746952e-06,
      -1.0906243685937511e-09,
      -3.927325167296658e-07,
      1.984524544695887e-08,
      -1.575871380055105e-07,
      0.00033996705315075815,
      -1.368343589547294e-07,
      -1.3558920727518853e-05,
      9.835979426497943e-07
    ],
    [
      -4.972743744557917e-11,
      -1.1030121527255687e-07,
      5.803190705755412e-10,
      -1.9044844634663605e-07,
      -6.843179534143928e-08,
      2.0908592546220461e-07,
      -1.3683428790045582e-07,
      4.566707866615616e-05,
      -3.065859345952049e-06,
      -2.5073128995245497e-07
    ],
    [
      2.4734842440921057e-07,
      0.0001072799859684892,
      -2.86829671125588e-10,
      -7.474621099845535e-08,
      9.911537927109748e-05,
      6.619368946303439e-07,
      -1.3559020771936048e-05,
      -3.0658575269626454e-06,
      0.008383683860301971,
      0.008524516597390175
    ],
    [
      2.5518119173284504e-07,
      8.033250196604058e-05,
      -1.6096195210035802e-10,
      -7.968554882609169e-08,
      0.00011191293015144765,
      -2.3663124792960843e-08,
      9.834916454565246e-07,
      -2.507296130715986e-07,
      0.008524518460035324,
      0.008964180946350098
    ]
  ],
  "param_names": [
    "L",
    "RL",
    "C",
    "RC",
    "Rdson",
    "Rload1",
    "Rload2",
    "Rload3",
    "Vin",
    "VF"
  ]
}