{
  "theta_log": [
    1.97812819480896,
    1.1322726011276245,
    0.487638920545578,
    0.6681064367294312,
    0.8206801414489746,
    1.1314955949783325,
    2.320075273513794,
    1.8094252347946167,
    1.5681371688842773,
    -0.0279117152094841
  ],
  "Sigma_log": [
    [
      1.4354126506077591e-05,
      1.4506806110148318e-05,
      -1.6576743178120523e-07,
      2.4191187719679874e-08,
      1.424328911525663e-05,
      1.970009044782728e-09,
      -2.639189844444445e-08,
      -1.282496420174084e-08,
      7.2095272116712295e-06,
      0.00036726531106978655
    ],
    [
      1.4506889783660881e-05,
      8.561329013900831e-05,
      -5.559934379562037e-07,
      -1.0367140035327793e-08,
      -8.23617447167635e-05,
      1.47505019754135e-07,
      -3.9970038301362365e-07,
      -6.247294237482492e-08,
      7.289278073585592e-06,
      0.00027041329303756356
    ],
    [
      -1.657738550875365e-07,
      -5.559973033086862e-07,
      4.525979238678701e-05,
      3.035670204099006e-07,
      -3.1561555147163745e-08,
      5.77420678382623e-07,
      -6.453972218878334e-07,
      6.384296966643888e-07,
      -8.195416256739918e-08,
      -3.245420884923078e-06
    ],
    [
      2.4191015413066452e-08,
      -1.0367515734799326e-08,
      3.0356568458955735e-07,
      6.926229616510682e-06,
      -1.4460081843026273e-07,
      -1.3834515755206667e-07,
      -2.0544634082853008e-07,
      -1.7087059234199842e-07,
      -2.2988828618508705e-09,
      -1.2418240658007562e-07
    ],
    [
      1.4243154510040767e-05,
      -8.236198482336476e-05,
      -3.1550651868883506e-08,
      -1.4460081843026273e-07,
      0.00022570636065211147,
      -2.1826272345037978e-08,
      1.4746794008146935e-08,
      -5.454695539697241e-08,
      8.991630238597281e-06,
      0.0005018347874283791
    ],
    [
      1.9701822395745694e-09,
      1.4750519028439157e-07,
      5.774238047706604e-07,
      -1.3834515755206667e-07,
      -2.1825989904300513e-08,
      3.675736195418722e-07,
      -4.596667491085782e-09,
      1.2223078549311595e-08,
      3.74022945948127e-09,
      -6.18613285041647e-08
    ],
    [
      -2.6391800744818283e-08,
      -3.997001272182388e-07,
      -6.453973355746712e-07,
      -2.0544634082853008e-07,
      1.4746283305555608e-08,
      -4.596651947963437e-09,
      3.585387503335369e-06,
      -2.927502129601578e-10,
      -2.8826839582052344e-08,
      1.6684225556673482e-07
    ],
    [
      -1.2824843409475761e-08,
      -6.24726439468759e-08,
      6.384298103512265e-07,
      -1.7087063497456256e-07,
      -5.4547079741951165e-08,
      1.2223132728195196e-08,
      -2.927505737826408e-10,
      1.32609363845404e-06,
      -1.1601130722738162e-08,
      -6.495110937976278e-08
    ],
    [
      7.209525847429177e-06,
      7.289235327334609e-06,
      -8.195093670337883e-08,
      -2.298801149436258e-09,
      8.991699360194616e-06,
      3.740138421193251e-09,
      -2.882688221461649e-08,
      -1.1601191118870702e-08,
      3.673661467473721e-06,
      0.0001844591461122036
    ],
    [
      0.0003672652237582952,
      0.00027041108114644885,
      -3.2452512641611975e-06,
      -1.2417821437793464e-07,
      0.0005018381052650511,
      -6.186581913425471e-08,
      1.6683959813690308e-07,
      -6.495403681583412e-08,
      0.00018445907335262746,
      0.009576748125255108
    ]
  ],
  "theta_phys": [
    0.0007229198818095028,
    0.3102699816226959,
    0.0001628466707188636,
    0.19505402445793152,
    0.22720447182655334,
    3.100289821624756,
    10.176440238952637,
    6.106936454772949,
    47.977027893066406,
    0.972474217414856
  ],
  "Sigma_phys": [
    [
      7.501655546748864e-12,
      3.2538813865556904e-09,
      -1.9514986889369694e-14,
      3.411161327362966e-12,
      2.3394692849620924e-09,
      4.415304927229968e-12,
      -1.9415861973737236e-10,
      -5.66199795382083e-11,
      2.500519826753589e-07,
      2.5819520033110166e-07
    ],
    [
      3.253900260347109e-09,
      8.241773684858344e-06,
      -2.8092366974319383e-11,
      -6.274131769679059e-10,
      -5.80606865696609e-06,
      1.4188904629008903e-07,
      -1.2620315601452603e-06,
      -1.183736699772453e-07,
      0.00010850695980479941,
      8.159167919075117e-05
    ],
    [
      -1.9515742442758645e-14,
      -2.8092561263348692e-11,
      1.2002461741503212e-12,
      9.642472584281414e-12,
      -1.167761525498745e-12,
      2.915234442735226e-10,
      -1.0695518914971558e-09,
      6.349146763895419e-10,
      -6.402995911258813e-10,
      -5.139584313695877e-10
    ],
    [
      3.4111370412343023e-12,
      -6.274359365399107e-10,
      9.642429216194515e-12,
      2.635158296016016e-07,
      -6.408295671889164e-09,
      -8.366063752873742e-08,
      -4.078018775999226e-07,
      -2.0353807883566333e-07,
      -2.151320543930524e-08,
      -2.3555539740982567e-08
    ],
    [
      2.3394470805016e-09,
      -5.806085937365424e-06,
      -1.1673580938703632e-12,
      -6.4082961159783736e-09,
      1.1651384738797788e-05,
      -1.537441995935751e-08,
      3.409654425468034e-08,
      -7.568517190748025e-08,
      9.801411943044513e-05,
      0.00011088064638897777
    ],
    [
      4.415692637926849e-12,
      1.418892026094909e-07,
      2.915250540969083e-10,
      -8.366063752873742e-08,
      -1.5374221007391498e-08,
      3.5330429000168806e-06,
      -1.4502445822017762e-07,
      2.3142287375321757e-07,
      5.563318268286821e-07,
      -1.8650892741334246e-07
    ],
    [
      -1.9415789809240636e-10,
      -1.2620307643373962e-06,
      -1.0695521135417607e-09,
      -4.0780184917821316e-07,
      3.40953612010253e-08,
      -1.450239750511173e-07,
      0.0003713025071192533,
      -1.8193510697983584e-08,
      -1.4074282262299675e-05,
      1.6511253306816798e-06
    ],
    [
      -5.661944871282465e-11,
      -1.1837310154305669e-07,
      6.349147319006931e-10,
      -2.0353812146822747e-07,
      -7.568534243773684e-08,
      2.3142391114561178e-07,
      -1.8193532014265656e-08,
      4.945623004459776e-05,
      -3.3990463634836487e-06,
      -3.857341255297797e-07
    ],
    [
      2.5005192583194e-07,
      0.00010850632679648697,
      -6.402744445743735e-10,
      -2.1512439829507457e-08,
      9.801487613003701e-05,
      5.563182412515744e-07,
      -1.4074303180677816e-05,
      -3.3990640986303333e-06,
      0.008456015959382057,
      0.008606203831732273
    ],
    [
      2.581951434876828e-07,
      8.159101707860827e-05,
      -5.139315639723918e-10,
      -2.3554743933118516e-08,
      0.00011088137398473918,
      -1.8652245614703133e-07,
      1.6510989553353284e-06,
      -3.857515196159511e-07,
      0.008606200106441975,
      0.009056789800524712
    ]
  ],
  "param_names": [
    "L",
    "RL",
    "C",
    "RC",
    "Rdson",
    "Rload1",
    "Rload2",
    "Rload3",
    "Vin",
    "VF"
  ]
}