{
  "L": 0.0007212286000140011,
  "RL": 0.3086948096752167,
  "C": 0.00015648237604182214,
  "RC": 0.18927264213562012,
  "Rdson": 0.23307517170906067,
  "Vin": 47.97386169433594,
  "VF": 0.9486445784568787,
  "Rloads": [
    3.0991857051849365,
    10.155085563659668,
    6.1095781326293945
  ]
}