{
  "L": 0.0007250069756992161,
  "RL": 0.3134968876838684,
  "C": 0.00016451897681690753,
  "RC": 0.20079083740711212,
  "Rdson": 0.2217847853899002,
  "Vin": 48.004093170166016,
  "VF": 0.9963822960853577,
  "Rloads": [
    3.099950075149536,
    10.196907043457031,
    6.0987229347229
  ]
}