{
  "L": 0.0007235478842630982,
  "RL": 0.31047117710113525,
  "C": 0.00016284499724861234,
  "RC": 0.19505397975444794,
  "Rdson": 0.2274750918149948,
  "Rloads": [
    3.1002893447875977,
    10.176447868347168,
    6.106935024261475
  ],
  "Vin": 47.99797439575195,
  "VF": 0.9944834113121033
}