{
  "L": 0.0007250033086165786,
  "RL": 0.31349796056747437,
  "C": 0.00016452105774078518,
  "RC": 0.20079119503498077,
  "Rdson": 0.2217850387096405,
  "Vin": 48.00398254394531,
  "VF": 0.9962385892868042,
  "Rloads": [
    3.0999507904052734,
    10.196907043457031,
    6.098727703094482
  ]
}