{
  "L": 0.000721230055205524,
  "RL": 0.30869829654693604,
  "C": 0.00015648217231500894,
  "RC": 0.18927311897277832,
  "Rdson": 0.23307284712791443,
  "Vin": 47.973915100097656,
  "VF": 0.948682963848114,
  "Rloads": [
    3.0991859436035156,
    10.15507984161377,
    6.10957670211792
  ]
}