{
  "L": 0.0007235477096401155,
  "RL": 0.3104711174964905,
  "C": 0.00016284499724861234,
  "RC": 0.19505396485328674,
  "Rdson": 0.22747516632080078,
  "Vin": 47.99797821044922,
  "VF": 0.9944818615913391,
  "Rloads": [
    3.1002893447875977,
    10.17645263671875,
    6.106935024261475
  ]
}