{
  "L": 0.0007251027273014188,
  "RL": 0.313529908657074,
  "C": 0.00016451890405733138,
  "RC": 0.20079080760478973,
  "Rdson": 0.22182755172252655,
  "Rloads": [
    3.0999505519866943,
    10.196919441223145,
    6.098721504211426
  ],
  "Vin": 48.00729751586914,
  "VF": 0.9997156858444214
}