{
  "L": 0.0007212269701994956,
  "RL": 0.308694452047348,
  "C": 0.0001564823614899069,
  "RC": 0.1892726570367813,
  "Rdson": 0.23307371139526367,
  "Rloads": [
    3.0991859436035156,
    10.1550874710083,
    6.1095805168151855
  ],
  "Vin": 47.97380447387695,
  "VF": 0.9485874772071838
}