{
  "L": 0.0007235482917167246,
  "RL": 0.3104713559150696,
  "C": 0.0001628448662813753,
  "RC": 0.19505397975444794,
  "Rdson": 0.22747541964054108,
  "Vin": 47.99799728393555,
  "VF": 0.9945046305656433,
  "Rloads": [
    3.1002893447875977,
    10.1764497756958,
    6.106935024261475
  ]
}