{
  "theta_log": [
    -7.234552383422852,
    -1.1753908395767212,
    -8.762568473815918,
    -1.6645642518997192,
    -1.456404209136963,
    1.1311395168304443,
    2.317974090576172,
    1.8098574876785278,
    3.870657444000244,
    -0.0526806116104126
  ],
  "Sigma_log": [
    [
      0.0021910285577178,
      0.0022126506082713604,
      -1.228866858582478e-05,
      1.9195263121218886e-06,
      0.0021782973781228065,
      5.726276413042797e-07,
      -4.0393774725089315e-06,
      -1.721563648970914e-06,
      0.001100391848012805,
      0.05741999298334122
    ],
    [
      0.0022127078846096992,
      0.013120414689183235,
      -7.341078162426129e-05,
      -1.1332662097629509e-06,
      -0.012199758552014828,
      2.1256804757285863e-05,
      -5.691183469025418e-05,
      -8.915347279980779e-06,
      0.0011116958921775222,
      0.04222116246819496
    ],
    [
      -1.2289485312066972e-05,
      -7.341142918448895e-05,
      0.006322887726128101,
      4.572194302454591e-05,
      1.7553205907461233e-05,
      7.715082028880715e-05,
      -0.00010476008174009621,
      9.264208347303793e-05,
      -5.850020897923969e-06,
      -0.00016670467448420823
    ],
    [
      1.919658416227321e-06,
      -1.1331206906106672e-06,
      4.5721746573690325e-05,
      0.0011144664604216814,
      -2.7775016860687174e-05,
      -2.065485568891745e-05,
      -3.118632230325602e-05,
      -2.513680919946637e-05,
      -1.2697801139438525e-06,
      -6.845025927759707e-05
    ],
    [
      0.002178231719881296,
      -0.012199885211884975,
      1.7554351870785467e-05,
      -2.7775149646913633e-05,
      0.03270365297794342,
      -2.6140703539567767e-06,
      1.2997851399632054e-06,
      -7.3237870310549624e-06,
      0.0013660877011716366,
      0.07794144004583359
    ],
    [
      5.727326310989156e-07,
      2.1256893887766637e-05,
      7.71501290728338e-05,
      -2.065485568891745e-05,
      -2.6139364308619406e-06,
      5.150147990207188e-05,
      -7.643155299774662e-07,
      1.6853238093972323e-06,
      6.781219781260006e-07,
      -1.2485543265938759e-06
    ],
    [
      -4.039779469167115e-06,
      -5.691211481462233e-05,
      -0.00010476005263626575,
      -3.118632594123483e-05,
      1.29923603253701e-06,
      -7.643113235644705e-07,
      0.0005031585460528731,
      -3.3714835012688127e-07,
      -4.237454959366005e-06,
      1.5795347280800343e-05
    ],
    [
      -1.7216685819221311e-06,
      -8.915416401578113e-06,
      9.264210530091077e-05,
      -2.5136807380476967e-05,
      -7.323929821723141e-06,
      1.685327220002364e-06,
      -3.3714897540448874e-07,
      0.00018673106387723237,
      -1.594956074768561e-06,
      -6.633141310885549e-06
    ],
    [
      0.001100391848012805,
      0.0011116673704236746,
      -5.849602530361153e-06,
      -1.269846507057082e-06,
      0.0013661207631230354,
      6.780684316254337e-07,
      -4.237254870531615e-06,
      -1.5949035514495336e-06,
      0.0005606322083622217,
      0.02883725054562092
    ],
    [
      0.05741991102695465,
      0.04221957549452782,
      -0.00016668331227265298,
      -6.845367897767574e-05,
      0.07794308662414551,
      -1.2514458376244875e-06,
      1.5806064766366035e-05,
      -6.630342340940842e-06,
      0.028837203979492188,
      1.5335004329681396
    ]
  ],
  "theta_phys": [
    0.000721230055205524,
    0.30869829654693604,
    0.00015648217231500894,
    0.18927311897277832,
    0.23307284712791443,
    3.0991859436035156,
    10.15507984161377,
    6.10957670211792,
    47.973915100097656,
    0.948682963848114
  ],
  "Sigma_phys": [
    [
      1.1397134347390647e-09,
      4.926300221086422e-07,
      -1.3868948307502182e-12,
      2.620335060043999e-10,
      3.661699281565234e-07,
      1.2799522552953135e-09,
      -2.9585002891963086e-08,
      -7.585915895447215e-09,
      3.807380926446058e-05,
      3.928783189621754e-05
    ],
    [
      4.926428118778858e-07,
      0.001250305213034153,
      -3.546165139312052e-09,
      -6.621480252988476e-08,
      -0.0008777627954259515,
      2.033666896750219e-05,
      -0.00017841040971688926,
      -1.6814487025840208e-05,
      0.016463622450828552,
      0.01236475445330143
    ],
    [
      -1.3869869879348795e-12,
      -3.5461962255567414e-09,
      1.5482645721043298e-10,
      1.3541865406807574e-09,
      6.40196062828835e-10,
      3.741562792924924e-08,
      -1.6647310019379802e-07,
      8.856952149471908e-08,
      -4.3916472236560367e-08,
      -2.474763860504936e-08
    ],
    [
      2.6205151937297444e-10,
      -6.620630443876507e-08,
      1.3541806564987269e-09,
      3.99249947804492e-05,
      -1.2252788792466163e-06,
      -1.2115984645788558e-05,
      -5.994271850795485e-05,
      -2.9067668947391212e-05,
      -1.1529823495948222e-05,
      -1.2290940503589809e-05
    ],
    [
      3.661589005332644e-07,
      -0.000877771875821054,
      6.402378627257121e-10,
      -1.2252847909621778e-06,
      0.0017765590455383062,
      -1.8882373069573077e-06,
      3.0764267648919486e-06,
      -1.0428900168335531e-05,
      0.015274795703589916,
      0.01723380573093891
    ],
    [
      1.2801868454204168e-09,
      2.0336756278993562e-05,
      3.741529397416343e-08,
      -1.2115984645788558e-05,
      -1.8881405594584066e-06,
      0.0004946693079546094,
      -2.405490704404656e-05,
      3.1911124096950516e-05,
      0.00010082322842208669,
      -3.670930709631648e-06
    ],
    [
      -2.9587946315245972e-08,
      -0.00017841126827988774,
      -1.6647305756123387e-07,
      -5.9942725783912465e-05,
      3.0751273243367905e-06,
      -2.4054772438830696e-05,
      0.05188855156302452,
      -2.0917776055284776e-05,
      -0.0020643987227231264,
      0.0001521716039860621
    ],
    [
      -7.586378636403879e-09,
      -1.681461617408786e-05,
      8.856954991642851e-08,
      -2.906766712840181e-05,
      -1.0429102985654026e-05,
      3.1911189580569044e-05,
      -2.091781425406225e-05,
      0.0069700973108410835,
      -0.0004674821102526039,
      -3.844602906610817e-05
    ],
    [
      3.807380926446058e-05,
      0.016463199630379677,
      -4.391333163766831e-08,
      -1.1530425581440795e-05,
      0.015275165438652039,
      0.00010081527580041438,
      -0.002064301399514079,
      -0.0004674667143262923,
      1.2902930974960327,
      1.3124420642852783
    ],
    [
      3.9287773688556626e-05,
      0.012364290654659271,
      -2.474446780809103e-08,
      -1.2291555322008207e-05,
      0.01723417080938816,
      -3.6794322113564704e-06,
      0.0001522748643765226,
      -3.842980368062854e-05,
      1.3124399185180664,
      1.3801493644714355
    ]
  ],
  "param_names": [
    "L",
    "RL",
    "C",
    "RC",
    "Rdson",
    "Rloads1",
    "Rloads2",
    "Rloads3",
    "Vin",
    "VF"
  ],
  "param_units": {
    "L": "H",
    "RL": "\u03a9",
    "C": "F",
    "RC": "\u03a9",
    "Rdson": "\u03a9",
    "Rloads1": "\u03a9",
    "Rloads2": "\u03a9",
    "Rloads3": "\u03a9",
    "Vin": "V",
    "VF": "V"
  }
}