{
  "theta_log": [
    1.9757837057113647,
    1.1271817684173584,
    0.44777312874794006,
    0.6380184292793274,
    0.8461845517158508,
    1.1311395168304443,
    2.317974805831909,
    1.8098580837249756,
    1.5680700540542603,
    -0.05278126522898674
  ],
  "Sigma_log": [
    [
      0.002190985484048724,
      0.002212508348748088,
      -1.2288452126085758e-05,
      1.9193066691514105e-06,
      0.002178340684622526,
      5.724259608541615e-07,
      -4.037902272102656e-06,
      -1.7210602436534828e-06,
      0.0011003660038113594,
      0.05742461234331131
    ],
    [
      0.0022125006653368473,
      0.013119958341121674,
      -7.341011223616078e-05,
      -1.1339936918375315e-06,
      -0.012199251912534237,
      2.125647552020382e-05,
      -5.691022670362145e-05,
      -8.914974387153052e-06,
      0.001111592398956418,
      0.042220339179039
    ],
    [
      -1.2289234291529283e-05,
      -7.341080345213413e-05,
      0.006322904489934444,
      4.5722146751359105e-05,
      1.7551206838106737e-05,
      7.71507911849767e-05,
      -0.00010475220915395766,
      9.26495049498044e-05,
      -5.8499099395703524e-06,
      -0.00016671554476488382
    ],
    [
      1.919230498970137e-06,
      -1.1340891887812177e-06,
      4.572203761199489e-05,
      0.001114473445340991,
      -2.7774456611950882e-05,
      -2.065496846626047e-05,
      -3.118627500953153e-05,
      -2.513680374249816e-05,
      -1.2699898661594489e-06,
      -6.846714677521959e-05
    ],
    [
      0.0021783483680337667,
      -0.01219923421740532,
      1.7552241843077354e-05,
      -2.7774396585300565e-05,
      0.032702114433050156,
      -2.613871401990764e-06,
      1.3003879075768054e-06,
      -7.323075806198176e-06,
      0.0013661293778568506,
      0.07795114815235138
    ],
    [
      5.723887284148077e-07,
      2.125645369233098e-05,
      7.715102401562035e-05,
      -2.0654966647271067e-05,
      -2.6139430246985285e-06,
      5.150156357558444e-05,
      -7.642109949301812e-07,
      1.6854123714438174e-06,
      6.779457066841132e-07,
      -1.2574838592627202e-06
    ],
    [
      -4.0379250094702e-06,
      -5.6910281273303553e-05,
      -0.00010475220187800005,
      -3.118628228548914e-05,
      1.3004405445826706e-06,
      -7.642103128091549e-07,
      0.0005031602922827005,
      -3.371571608568047e-07,
      -4.236514541844372e-06,
      1.5845007510506548e-05
    ],
    [
      -1.721089120110264e-06,
      -8.914998034015298e-06,
      9.264951950171962e-05,
      -2.513680374249816e-05,
      -7.3231058195233345e-06,
      1.6854150999279227e-06,
      -3.371571608568047e-07,
      0.0001867318933364004,
      -1.5946579878800549e-06,
      -6.6183779381390195e-06
    ],
    [
      0.0011003660038113594,
      0.0011115965899080038,
      -5.849514309375081e-06,
      -1.269952690563514e-06,
      0.001366125768981874,
      6.779657155675523e-07,
      -4.236504992150003e-06,
      -1.594643663338502e-06,
      0.0005606168415397406,
      0.02883945405483246
    ],
    [
      0.057424623519182205,
      0.042220547795295715,
      -0.0001666947064222768,
      -6.84652040945366e-05,
      0.07795096933841705,
      -1.256436462426791e-06,
      1.5845496818656102e-05,
      -6.617639883188531e-06,
      0.02883945405483246,
      1.5337793827056885
    ]
  ],
  "theta_phys": [
    0.0007212269701994956,
    0.308694452047348,
    0.0001564823614899069,
    0.1892726570367813,
    0.23307371139526367,
    3.0991859436035156,
    10.1550874710083,
    6.1095805168151855,
    47.97380447387695,
    0.9485874772071838
  ],
  "Sigma_phys": [
    [
      1.1396812382713506e-09,
      4.925901180286019e-07,
      -1.3868660993926474e-12,
      2.620017536258956e-10,
      3.6617700516217155e-07,
      1.2794959536321926e-09,
      -2.957409250825549e-08,
      -7.583669692223793e-09,
      3.807266693911515e-05,
      3.928687146981247e-05
    ],
    [
      4.92588412726036e-07,
      0.00125023047439754,
      -3.5460927527708463e-09,
      -6.625631954193523e-08,
      -0.0008777186740189791,
      2.0336101442808285e-05,
      -0.00017840326472651213,
      -1.681358480709605e-05,
      0.016461845487356186,
      0.012363115325570107
    ],
    [
      -1.3869543534494877e-12,
      -3.54612628150619e-09,
      1.5482724824433802e-10,
      1.3541908705505534e-09,
      6.401263408228886e-10,
      3.741565990367235e-08,
      -1.6646090728045237e-07,
      8.857678324147855e-08,
      -4.3915591163568024e-08,
      -2.4746789506480127e-08
    ],
    [
      2.6199137304061537e-10,
      -6.62619044078383e-08,
      1.3541875398814796e-09,
      3.992505298811011e-05,
      -1.2252558008185588e-06,
      -1.211602193507133e-05,
      -5.994252933305688e-05,
      -2.9067608920740895e-05,
      -1.1531672498676926e-05,
      -1.229270583280595e-05
    ],
    [
      3.661782841390959e-07,
      -0.000877717393450439,
      6.401640884057258e-10,
      -1.2252530723344535e-06,
      0.0017764884978532791,
      -1.8881005416915286e-06,
      3.0778671771258814e-06,
      -1.0427932465972845e-05,
      0.01527528464794159,
      0.017234282568097115
    ],
    [
      1.2794126869053457e-09,
      2.0336079614935443e-05,
      3.741577359051007e-08,
      -1.2116021025576629e-05,
      -1.8881524965763674e-06,
      0.0004946701228618622,
      -2.405163468210958e-05,
      3.191282303305343e-05,
      0.00010079679486807436,
      -3.6968124277336756e-06
    ],
    [
      -2.9574259485798393e-08,
      -0.0001784034539014101,
      -1.6646090728045237e-07,
      -5.99425402469933e-05,
      3.0779917779000243e-06,
      -2.4051612854236737e-05,
      0.051888804882764816,
      -2.09183526749257e-05,
      -0.002063937485218048,
      0.0001526347768958658
    ],
    [
      -7.58379758991623e-09,
      -1.6813628462841734e-05,
      8.857679745233327e-08,
      -2.90676107397303e-05,
      -1.0427975212223828e-05,
      3.191287396475673e-05,
      -2.0918350855936296e-05,
      0.006970136426389217,
      -0.00046739395475015044,
      -3.835662209894508e-05
    ],
    [
      3.8072663301136345e-05,
      0.01646190881729126,
      -4.3912624647646226e-08,
      -1.1531335076142568e-05,
      0.015275242738425732,
      0.00010079977073473856,
      -0.002063932828605175,
      -0.00046738976379856467,
      1.2902518510818481,
      1.31240713596344
    ],
    [
      3.9286875107791275e-05,
      0.012363176792860031,
      -2.474369686922273e-08,
      -1.229235658684047e-05,
      0.01723424345254898,
      -3.6937335607944988e-06,
      0.0001526394917163998,
      -3.835234383586794e-05,
      1.31240713596344,
      1.3801225423812866
    ]
  ],
  "param_names": [
    "L",
    "RL",
    "C",
    "RC",
    "Rdson",
    "Rloads1",
    "Rloads2",
    "Rloads3",
    "Vin",
    "VF"
  ]
}