{
  "theta_log": [
    1.9757859706878662,
    1.127182960510254,
    0.4477732181549072,
    0.6380183696746826,
    0.8461908102035522,
    1.1311393976211548,
    2.31797456741333,
    1.809857726097107,
    1.5680712461471558,
    -0.05272107198834419
  ],
  "Sigma_log": [
    [
      0.0021914157550781965,
      0.002212866907939315,
      -1.2290229278733023e-05,
      1.9189387785445433e-06,
      0.002178891096264124,
      5.72500084672356e-07,
      -4.038336555822752e-06,
      -1.7212216789630475e-06,
      0.0011005840497091413,
      0.05743269994854927
    ],
    [
      0.0022128208074718714,
      0.013120194897055626,
      -7.341120362980291e-05,
      -1.1344216090947157e-06,
      -0.012198672629892826,
      2.1256579202599823e-05,
      -5.6910666899057105e-05,
      -8.91508625500137e-06,
      0.0011117563117295504,
      0.04222644865512848
    ],
    [
      -1.228926339535974e-05,
      -7.341072341660038e-05,
      0.006322904955595732,
      4.57226051366888e-05,
      1.7550768461660482e-05,
      7.714977255091071e-05,
      -0.00010475440649315715,
      9.264460095437244e-05,
      -5.849930403201142e-06,
      -0.0001667074830038473
    ],
    [
      1.9188321402907604e-06,
      -1.1344887980158092e-06,
      4.572266334434971e-05,
      0.0011144740274176002,
      -2.777460395009257e-05,
      -2.0654977561207488e-05,
      -3.1186329579213634e-05,
      -2.5136861950159073e-05,
      -1.2701875675702468e-06,
      -6.847377517260611e-05
    ],
    [
      0.0021789444144815207,
      -0.012198571115732193,
      1.7549091353430413e-05,
      -2.7774431146099232e-05,
      0.03270235285162926,
      -2.61376430898963e-06,
      1.299842097068904e-06,
      -7.323239969991846e-06,
      0.001366427168250084,
      0.07796218991279602
    ],
    [
      5.724563720832521e-07,
      2.125654100382235e-05,
      7.714913954259828e-05,
      -2.06549830181757e-05,
      -2.6138204702874646e-06,
      5.1501534471753985e-05,
      -7.642201467206178e-07,
      1.6853442730280221e-06,
      6.779819159419276e-07,
      -1.2555974535644054e-06
    ],
    [
      -4.038033694087062e-06,
      -5.691047408618033e-05,
      -0.00010475439194124192,
      -3.118632230325602e-05,
      1.3002785408389173e-06,
      -7.642196919732669e-07,
      0.0005031602922827005,
      -3.371065133705997e-07,
      -4.236577296978794e-06,
      1.5841214917600155e-05
    ],
    [
      -1.721127546261414e-06,
      -8.91503987077158e-06,
      9.264460095437244e-05,
      -2.513686013116967e-05,
      -7.323079898924334e-06,
      1.6853405213623773e-06,
      -3.371066839008563e-07,
      0.0001867315877461806,
      -1.594679133631871e-06,
      -6.619098712690175e-06
    ],
    [
      0.0011005839332938194,
      0.001111779478378594,
      -5.850413344887784e-06,
      -1.2701340210696799e-06,
      0.0013664003927260637,
      6.780041417187022e-07,
      -4.236728727846639e-06,
      -1.5947263136695256e-06,
      0.0005607273196801543,
      0.028843555599451065
    ],
    [
      0.05743277445435524,
      0.04222772642970085,
      -0.00016673382197041065,
      -6.847095937700942e-05,
      0.07796087116003036,
      -1.2544554692794918e-06,
      1.583310222486034e-05,
      -6.621649845328648e-06,
      0.0288435947149992,
      1.533906102180481
    ]
  ],
  "theta_phys": [
    0.0007212286000140011,
    0.3086948096752167,
    0.00015648237604182214,
    0.18927264213562012,
    0.23307517170906067,
    3.0991857051849365,
    10.155085563659668,
    6.1095781326293945,
    47.97386169433594,
    0.9486445784568787
  ],
  "Sigma_phys": [
    [
      1.1399102772813308e-09,
      4.926716314912483e-07,
      -1.3870699294010747e-12,
      2.6195209890111926e-10,
      3.6627264421440486e-07,
      1.2796643744650282e-09,
      -2.9577334359487395e-08,
      -7.584395333992688e-09,
      3.8080343074398115e-05,
      3.9294856833294034e-05
    ],
    [
      4.926613428324345e-07,
      0.0012502559693530202,
      -3.546150040278917e-09,
      -6.62813945950802e-08,
      -0.0008776834583841264,
      2.0336223315098323e-05,
      -0.00017840482178144157,
      -1.6813808542792685e-05,
      0.016464313492178917,
      0.012365663424134254
    ],
    [
      -1.3869608586625226e-12,
      -3.546126947640005e-09,
      1.5482728987770145e-10,
      1.3542045262937563e-09,
      6.401144059253738e-10,
      3.7415166076470996e-08,
      -1.664643889398576e-07,
      8.85720652377131e-08,
      -4.391580077367507e-08,
      -2.4747084381715467e-08
    ],
    [
      2.6193755497949667e-10,
      -6.628532389640895e-08,
      1.3542061916282933e-09,
      3.992506390204653e-05,
      -1.2252697842995985e-06,
      -1.2116024663555436e-05,
      -5.994261664454825e-05,
      -2.9067665309412405e-05,
      -1.153348057414405e-05,
      -1.229463487106841e-05
    ],
    [
      3.6628159705287544e-07,
      -0.0008776761824265122,
      6.400531771255658e-10,
      -1.2252621672814712e-06,
      0.0017765237716957927,
      -1.8880349443861633e-06,
      3.0765941119170748e-06,
      -1.042822805175092e-05,
      0.015278727747499943,
      0.017237870022654533
    ],
    [
      1.2795666748388612e-09,
      2.0336186935310252e-05,
      3.741486054309462e-08,
      -1.2116028301534243e-05,
      -1.8880754169003922e-06,
      0.0004946697736158967,
      -2.4051914806477726e-05,
      3.191151699866168e-05,
      0.00010080229549203068,
      -3.6914887004968477e-06
    ],
    [
      -2.9575115689794984e-08,
      -0.00017840421060100198,
      -1.6646436051814817e-07,
      -5.9942602092633024e-05,
      3.0776270705246134e-06,
      -2.40519020735519e-05,
      0.051888786256313324,
      -2.0915196728310548e-05,
      -0.0020639700815081596,
      0.00015260740474332124
    ],
    [
      -7.583980554670688e-09,
      -1.6813721231301315e-05,
      8.85720652377131e-08,
      -2.9067663490423e-05,
      -1.0427999768580776e-05,
      3.191144787706435e-05,
      -2.091520764224697e-05,
      0.006970119196921587,
      -0.00046740053221583366,
      -3.836309042526409e-05
    ],
    [
      3.808033943641931e-05,
      0.016464656218886375,
      -4.391942809434113e-08,
      -1.1532993994478602e-05,
      0.015278427861630917,
      0.0001008055915008299,
      -0.002064043888822198,
      -0.00046741438563913107,
      1.2905091047286987,
      1.3126744031906128
    ],
    [
      3.929490776499733e-05,
      0.01236603781580925,
      -2.4750995919475827e-08,
      -1.2294130101508927e-05,
      0.017237577587366104,
      -3.6881315281789284e-06,
      0.00015252924640662968,
      -3.837787880911492e-05,
      1.312676191329956,
      1.3804028034210205
    ]
  ],
  "param_names": [
    "L",
    "RL",
    "C",
    "RC",
    "Rdson",
    "Rloads1",
    "Rloads2",
    "Rloads3",
    "Vin",
    "VF"
  ]
}