{
  "theta_log": [
    1.9810110330581665,
    1.142619252204895,
    0.4978557229042053,
    0.6970935463905334,
    0.7965372800827026,
    1.568701148033142,
    -0.003624263685196638,
    1.1313860416412354,
    2.322084426879883,
    1.8080793619155884
  ],
  "Sigma_log": [
    [
      2.1564708731602877e-05,
      2.1686522813979536e-05,
      -2.906120926127187e-07,
      3.829499917173962e-08,
      2.1539575755014084e-05,
      1.0836059118446428e-05,
      0.0005392467719502747,
      1.8762653652970585e-09,
      -4.000974129780843e-08,
      -1.919604031286326e-08
    ],
    [
      2.1686746549676172e-05,
      0.00012483849423006177,
      -8.263787094620056e-07,
      -3.187857089415047e-08,
      -0.00012376345694065094,
      1.0901978384936228e-05,
      0.000397960509872064,
      2.2393609810933413e-07,
      -6.111695824984054e-07,
      -9.281048107823153e-08
    ],
    [
      -2.9062672979307536e-07,
      -8.263904760497098e-07,
      6.85892446199432e-05,
      4.3009995920328947e-07,
      -2.140613020173987e-07,
      -1.456298264201905e-07,
      -5.870348104508594e-06,
      8.81138021213701e-07,
      -7.94495804257167e-07,
      8.76622550549655e-07
    ],
    [
      3.829579497960367e-08,
      -3.187745534205533e-08,
      4.3009723071918415e-07,
      9.707329809316434e-06,
      -1.717332196449206e-07,
      -1.7698423837586574e-09,
      -9.110796383993147e-08,
      -2.0211197693242866e-07,
      -2.946738959508366e-07,
      -2.5381723389727995e-07
    ],
    [
      2.153918831027113e-05,
      -0.00012376408267300576,
      -2.140374562031866e-07,
      -1.7173356070543377e-07,
      0.0003506274370010942,
      1.361254180665128e-05,
      0.0007423422648571432,
      -3.647074464652178e-08,
      2.6612296366579358e-08,
      -8.769632131588878e-08
    ],
    [
      1.0836060937435832e-05,
      1.090186651708791e-05,
      -1.4562237993231975e-07,
      -1.770239066445356e-09,
      1.3612740076496266e-05,
      5.522913852473721e-06,
      0.0002709600958041847,
      5.1619370999844705e-09,
      -4.406727782679809e-08,
      -1.7601621493668063e-08
    ],
    [
      0.0005392464227043092,
      0.0003979545726906508,
      -5.8699765759229194e-06,
      -9.112735455119036e-08,
      0.0007423515780828893,
      0.0002709598920773715,
      0.013738565146923065,
      -1.2279178918106481e-07,
      2.707059536533052e-07,
      -8.89805704673563e-08
    ],
    [
      1.8766357356980734e-09,
      2.2393632548300957e-07,
      8.811380780571199e-07,
      -2.0211194851071923e-07,
      -3.647010160534592e-08,
      5.162132055147595e-09,
      -1.2278204053473019e-07,
      5.548789658860187e-07,
      -4.79695128063895e-09,
      1.7575985111761838e-08
    ],
    [
      -4.001119080498938e-08,
      -6.111704351496883e-07,
      -7.944957474137482e-07,
      -2.946738959508366e-07,
      2.6609937364696634e-08,
      -4.4068006133102244e-08,
      2.7066892016591737e-07,
      -4.79686423915382e-09,
      5.414537554315757e-06,
      3.5299763112561777e-09
    ],
    [
      -1.9196376044305907e-08,
      -9.281072976818905e-08,
      8.766224937062361e-07,
      -2.538172054755705e-07,
      -8.76969892260604e-08,
      -1.7601790247567806e-08,
      -8.898909698018542e-08,
      1.75759158338451e-08,
      3.5299776435238073e-09,
      1.9914111817342928e-06
    ]
  ],
  "theta_phys": [
    0.0007250069756992161,
    0.3134968876838684,
    0.00016451897681690753,
    0.20079083740711212,
    0.2217847853899002,
    48.004093170166016,
    0.9963822960853577,
    3.099950075149536,
    10.196907043457031,
    6.0987229347229
  ],
  "Sigma_phys": [
    [
      1.1335168047243993e-11,
      4.929074037818282e-09,
      -3.466345794927127e-14,
      5.574785424955486e-12,
      3.463467068698378e-09,
      3.7713064671152097e-07,
      3.8954328829277074e-07,
      4.216879449792099e-12,
      -2.9578517413142436e-10,
      -8.487753555552757e-11
    ],
    [
      4.9291251080774146e-09,
      1.2269165381439961e-05,
      -4.262146191535976e-11,
      -2.00666994132348e-09,
      -8.605129551142454e-06,
      0.00016406533541157842,
      0.0001243080332642421,
      2.176266349351863e-07,
      -1.953724904524279e-06,
      -1.7744720537393732e-07
    ],
    [
      -3.466520283714261e-14,
      -4.262206906857635e-11,
      1.8564702726486804e-12,
      1.4207880531802441e-11,
      -7.810627145055093e-12,
      -1.1501237739963699e-09,
      -9.62289803396743e-10,
      4.4938094911906035e-10,
      -1.3328340653373516e-09,
      8.795642547632099e-10
    ],
    [
      5.574900784066639e-12,
      -2.0065997752283238e-09,
      1.420779032618169e-11,
      3.913700368229911e-07,
      -7.64768426364526e-09,
      -1.7059123891272066e-08,
      -1.822746220625504e-08,
      -1.2580289876495954e-07,
      -6.033287149875832e-07,
      -3.1081637530405715e-07
    ],
    [
      3.4634046741643942e-09,
      -8.60517320688814e-06,
      -7.809757181231891e-12,
      -7.647699362678395e-09,
      1.724683534121141e-05,
      0.00014492697664536536,
      0.000164044598932378,
      -2.5074429643723306e-08,
      6.018420606324071e-08,
      -1.1861838800086844e-07
    ],
    [
      3.7713070355493983e-07,
      0.00016406364738941193,
      -1.1500650431983672e-09,
      -1.7062948387547294e-08,
      0.0001449291012249887,
      0.012726964429020882,
      0.01296013779938221,
      7.681493343625334e-07,
      -2.157063499907963e-05,
      -5.153115125722252e-06
    ],
    [
      3.895430609190953e-07,
      0.0001243061851710081,
      -9.622288521526912e-10,
      -1.823134354594913e-08,
      0.00016404666530434042,
      0.012960128486156464,
      0.013639341108500957,
      -3.7927131302240014e-07,
      2.750377234406187e-06,
      -5.407046614891442e-07
    ],
    [
      4.217711683379699e-12,
      2.1762686230886175e-07,
      4.4938097687463596e-10,
      -1.2580288455410482e-07,
      -2.5073987330870295e-08,
      7.681783813495713e-07,
      -3.7924121443211334e-07,
      5.332215096132131e-06,
      -1.5163116984240332e-07,
      3.322869588373578e-07
    ],
    [
      -2.95795887783612e-10,
      -1.953727633008384e-06,
      -1.3328339543150491e-09,
      -6.033287149875832e-07,
      6.017886988729515e-08,
      -2.157099333999213e-05,
      2.7500009309733286e-06,
      -1.5162841293658857e-07,
      0.0005629868828691542,
      2.1952256190616026e-07
    ],
    [
      -8.48790135399291e-11,
      -1.7744767433214292e-07,
      8.795641437409074e-10,
      -3.108163468823477e-07,
      -1.1861929039014285e-07,
      -5.1531646931834985e-06,
      -5.407565026871453e-07,
      3.32285651438724e-07,
      2.1952264717128855e-07,
      7.406938675558195e-05
    ]
  ],
  "param_names": [
    "L",
    "RL",
    "C",
    "RC",
    "Rdson",
    "Vin",
    "VF",
    "Rloads1",
    "Rloads2",
    "Rloads3"
  ]
}