{
  "theta_log": [
    1.9789962768554688,
    1.1329206228256226,
    0.4876285791397095,
    0.6681060194969177,
    0.8218709230422974,
    1.131495475769043,
    2.3200764656066895,
    1.8094249963760376,
    1.5685738325119019,
    -0.0055334195494651794
  ],
  "Sigma_log": [
    [
      0.0005382258677855134,
      0.0005468604504130781,
      -6.237672096176539e-06,
      9.260287470169715e-07,
      0.0005301317432895303,
      7.717516581351447e-08,
      -1.0132979468835401e-06,
      -4.881491690866824e-07,
      0.000270447984803468,
      0.01347314566373825
    ],
    [
      0.0005468580638989806,
      0.0032613042276352644,
      -2.1144584025023505e-05,
      -3.9266188878173125e-07,
      -0.003149085445329547,
      5.6266298997798e-06,
      -1.5247884221025743e-05,
      -2.3818786303309025e-06,
      0.0002749002887867391,
      0.009929744526743889
    ],
    [
      -6.2376084315474145e-06,
      -2.1144671336514875e-05,
      0.001727043418213725,
      1.158092163677793e-05,
      -1.0869700872717658e-06,
      2.2033289496903308e-05,
      -2.4623666831757873e-05,
      2.4361272153328173e-05,
      -3.084410764131462e-06,
      -0.0001189862668979913
    ],
    [
      9.260368187824497e-07,
      -3.926402598608547e-07,
      1.1580829777813051e-05,
      0.0002642968320287764,
      -5.506303295987891e-06,
      -5.279077868181048e-06,
      -7.839472345949616e-06,
      -6.52025346425944e-06,
      -8.582924237998668e-08,
      -4.539360816124827e-06
    ],
    [
      0.0005301341880112886,
      -0.0031490810215473175,
      -1.0871052609218168e-06,
      -5.506292836798821e-06,
      0.00858251005411148,
      -8.289474635603256e-07,
      5.522790615941631e-07,
      -2.0778904854523716e-06,
      0.0003364653675816953,
      0.01839470863342285
    ],
    [
      7.716936778479067e-08,
      5.626622623822186e-06,
      2.2033565983292647e-05,
      -5.279076958686346e-06,
      -8.289496804536611e-07,
      1.4025884411239531e-05,
      -1.753364955447978e-07,
      4.663970400997641e-07,
      1.436972070223419e-07,
      -2.255976141896099e-06
    ],
    [
      -1.0132662282558158e-06,
      -1.5247854207700584e-05,
      -2.4623668650747277e-05,
      -7.839472345949616e-06,
      5.523110644389817e-07,
      -1.7533601237573748e-07,
      0.0001368121593259275,
      -1.1239236208382408e-08,
      -1.103086788134533e-06,
      6.046408088877797e-06
    ],
    [
      -4.881405857304344e-07,
      -2.3818765839678235e-06,
      2.4361273972317576e-05,
      -6.520252554764738e-06,
      -2.077872295558336e-06,
      4.6639408424198336e-07,
      -1.1239192687639843e-08,
      5.06012947880663e-05,
      -4.420905952429166e-07,
      -2.402393874945119e-06
    ],
    [
      0.0002704479265958071,
      0.0002749014529399574,
      -3.0844407774566207e-06,
      -8.583350563640124e-08,
      0.00033646414522081614,
      1.4369999234986608e-07,
      -1.1031024769181386e-06,
      -4.4209491534275003e-07,
      0.00013790183584205806,
      0.006769837811589241
    ],
    [
      0.01347314938902855,
      0.009929806925356388,
      -0.0001189880131278187,
      -4.539548172033392e-06,
      0.018394652754068375,
      -2.2558333512279205e-06,
      6.045602731319377e-06,
      -2.402614427410299e-06,
      0.006769840139895678,
      0.34383413195610046
    ]
  ],
  "theta_phys": [
    0.0007235477096401155,
    0.3104710876941681,
    0.00016284499724861234,
    0.19505396485328674,
    0.22747516632080078,
    3.1002893447875977,
    10.17645263671875,
    6.106935024261475,
    47.99797821044922,
    0.9944818615913391
  ],
  "Sigma_phys": [
    [
      2.8177271627072287e-10,
      1.2284708361676167e-07,
      -7.349607034079497e-13,
      1.3069122173359204e-10,
      8.725392319774983e-08,
      1.7311989342072565e-10,
      -7.461063766811549e-09,
      -2.1569646069252713e-09,
      9.39234178076731e-06,
      9.694670552562457e-06
    ],
    [
      1.228465436042825e-07,
      0.00031436458812095225,
      -1.069041855039643e-09,
      -2.377906049844114e-08,
      -0.0002224024647148326,
      5.4159136197995394e-06,
      -4.8175603296840563e-05,
      -4.516105491347844e-06,
      0.004096559714525938,
      0.0030658869072794914
    ],
    [
      -7.349532766230682e-13,
      -1.0690462959317415e-09,
      4.579858714492957e-11,
      3.6785133272765336e-10,
      -4.026484354269222e-11,
      1.1123872489804398e-08,
      -4.0805957723932806e-08,
      2.422688893943814e-08,
      -2.4108466334382683e-08,
      -1.9269396744903133e-08
    ],
    [
      1.3069235971219229e-10,
      -2.3777751323450502e-08,
      3.678484183922137e-10,
      1.0055450729851145e-05,
      -2.443142932406772e-07,
      -3.19238370138919e-06,
      -1.556101778987795e-05,
      -7.766807357256766e-06,
      -8.035501650738297e-07,
      -8.805344577922369e-07
    ],
    [
      8.725432820710921e-08,
      -0.00022240214457269758,
      -4.026984995464389e-11,
      -2.4431383849332633e-07,
      0.00044410154805518687,
      -5.846059707437234e-07,
      1.278465333598433e-06,
      -2.8865556487289723e-06,
      0.0036736459005624056,
      0.004161249380558729
    ],
    [
      1.7310687605576192e-10,
      5.415906343841925e-06,
      1.1124011933816291e-08,
      -3.192383246641839e-06,
      -5.846075055160327e-07,
      0.0001348139048786834,
      -5.531856913876254e-06,
      8.830418664729223e-06,
      2.138323907274753e-05,
      -6.955584012757754e-06
    ],
    [
      -7.460830175887168e-09,
      -4.817550870939158e-05,
      -4.0805957723932806e-08,
      -1.556101778987795e-05,
      1.2785394574166276e-06,
      -5.531841907213675e-06,
      0.01416829228401184,
      -6.984840865698061e-07,
      -0.0005388017743825912,
      6.119144381955266e-05
    ],
    [
      -2.156926637297829e-09,
      -4.516101853369037e-06,
      2.422689249215182e-08,
      -7.766806447762065e-06,
      -2.886530410250998e-06,
      8.830363185552415e-06,
      -6.984814149291196e-07,
      0.001887157908640802,
      -0.00012958583829458803,
      -1.4590305909223389e-05
    ],
    [
      9.392339052283205e-06,
      0.004096576943993568,
      -2.4108700813485484e-08,
      -8.0359006915387e-07,
      0.0036736326292157173,
      2.1383653802331537e-05,
      -0.0005388094577938318,
      -0.0001295871043112129,
      0.31769904494285583,
      0.32314547896385193
    ],
    [
      9.694673281046562e-06,
      0.003065905999392271,
      -1.9269680961997437e-08,
      -8.805708375803079e-07,
      0.004161236807703972,
      -6.955143817322096e-06,
      6.118330202298239e-05,
      -1.4591644685424399e-05,
      0.3231455981731415,
      0.34004995226860046
    ]
  ],
  "param_names": [
    "L",
    "RL",
    "C",
    "RC",
    "Rdson",
    "Rloads1",
    "Rloads2",
    "Rloads3",
    "Vin",
    "VF"
  ]
}