{
  "theta_log": [
    1.9811431169509888,
    1.142724633216858,
    0.4978553056716919,
    0.6970934271812439,
    0.796730101108551,
    1.131386160850525,
    2.3220856189727783,
    1.8080791234970093,
    1.5687679052352905,
    -0.0002843545807991177
  ],
  "Sigma_log": [
    [
      2.154288813471794e-05,
      2.167083766835276e-05,
      -2.9035626880613563e-07,
      3.829714856351529e-08,
      2.1508529243874364e-05,
      1.882306310818649e-09,
      -4.0019596525553425e-08,
      -1.919207193168404e-08,
      1.0825800927705131e-05,
      0.0005369657883420587
    ],
    [
      2.167060665669851e-05,
      0.00012480905570555478,
      -8.261056336777983e-07,
      -3.1870950323309444e-08,
      -0.00012374244397506118,
      2.2390707954400568e-07,
      -6.110992103458557e-07,
      -9.280064006134126e-08,
      1.0894716069742572e-05,
      0.00039630517130717635
    ],
    [
      -2.903428821809939e-07,
      -8.260951176453091e-07,
      6.858090637251735e-05,
      4.300228795273142e-07,
      -2.1375828396230645e-07,
      8.810464464659162e-07,
      -7.942211937006505e-07,
      8.764891390455887e-07,
      -1.4549938498475967e-07,
      -5.8446389630262274e-06
    ],
    [
      3.829866912496982e-08,
      -3.186933739129927e-08,
      4.300244711430423e-07,
      9.706142009235919e-06,
      -1.7167820942631806e-07,
      -2.0208655371334316e-07,
      -2.9463797091011656e-07,
      -2.537869079333177e-07,
      -1.7659154138982558e-09,
      -9.06032937564305e-08
    ],
    [
      2.1508616555365734e-05,
      -0.00012374213838484138,
      -2.1377633174779476e-07,
      -1.7167985788546503e-07,
      0.0003504598280414939,
      -3.6430652272656516e-08,
      2.6544155318219964e-08,
      -8.767685955035631e-08,
      1.3597235920315143e-05,
      0.0007391215185634792
    ],
    [
      1.8817363223178063e-09,
      2.239068095377661e-07,
      8.810412737147999e-07,
      -2.0208662476761674e-07,
      -3.6430986227742324e-08,
      5.54810640096548e-07,
      -4.794102004268552e-09,
      1.757357814824445e-08,
      5.164594529816213e-09,
      -1.2222459133681696e-07
    ],
    [
      -4.001673303832831e-08,
      -6.110965955485881e-07,
      -7.942213642309071e-07,
      -2.946379140666977e-07,
      2.654639352783761e-08,
      -4.794141528208229e-09,
      5.413881353888428e-06,
      3.5322014202421315e-09,
      -4.407097620173772e-08,
      2.694723946206068e-07
    ],
    [
      -1.9191221056757968e-08,
      -9.279983714804985e-08,
      8.764891390455887e-07,
      -2.5378693635502714e-07,
      -8.767619874561206e-08,
      1.7573624333522275e-08,
      3.5322045288666004e-09,
      1.991162434933358e-06,
      -1.7599431245685082e-08,
      -8.862556200028848e-08
    ],
    [
      1.082579547073692e-05,
      1.0894828847085591e-05,
      -1.4550610671903996e-07,
      -1.766689350368722e-09,
      1.3597192264569458e-05,
      5.164887628694714e-09,
      -4.407240794535028e-08,
      -1.75998557949697e-08,
      5.5181089919642545e-06,
      0.00026983118732459843
    ],
    [
      0.0005369660793803632,
      0.00039631113759242,
      -5.844978204549989e-06,
      -9.064142147963139e-08,
      0.000739119597710669,
      -1.2220993994560558e-07,
      2.6940074349113274e-07,
      -8.86467077521047e-08,
      0.00026983144925907254,
      0.013636605814099312
    ]
  ],
  "theta_phys": [
    0.0007251027273014188,
    0.313529908657074,
    0.00016451890405733138,
    0.20079080760478973,
    0.22182755172252655,
    3.0999505519866943,
    10.196919441223145,
    6.098721504211426,
    48.00729751586914,
    0.9997156858444214
  ],
  "Sigma_phys": [
    [
      1.1326690453616894e-11,
      4.926678176531141e-09,
      -3.4637501471635607e-14,
      5.575833631615845e-12,
      3.4595986075913743e-09,
      4.231015277716965e-12,
      -2.958974731903652e-10,
      -8.487117258981769e-11,
      3.768485328237148e-07,
      3.892446613917855e-07
    ],
    [
      4.926625774004378e-09,
      1.2268856153241359e-05,
      -4.2611848077855896e-11,
      -2.006401267351521e-09,
      -8.606233677710406e-06,
      2.1762137691894168e-07,
      -1.953708078872296e-06,
      -1.7744703484368074e-07,
      0.00016398425213992596,
      0.00012421818973962218
    ],
    [
      -3.463590227343119e-14,
      -4.261130337468444e-11,
      1.8562430238733274e-12,
      1.4205326151484066e-11,
      -7.801071420787675e-12,
      4.4933406995184555e-10,
      -1.3323743219828543e-09,
      8.794296957326253e-10,
      -1.149169870373612e-09,
      -9.612802776004514e-10
    ],
    [
      5.576055242539901e-12,
      -2.00629979296707e-09,
      1.4205378193188345e-11,
      3.9132203255576314e-07,
      -7.64670726738359e-09,
      -1.2578708208366152e-07,
      -6.032558417246037e-07,
      -3.107791428647033e-07,
      -1.7022408371758502e-08,
      -1.8187135353286976e-08
    ],
    [
      3.4596128184460895e-09,
      -8.606212759332266e-06,
      -7.801729748346808e-12,
      -7.646780986192425e-09,
      1.7245238268515095e-05,
      -2.505169938160634e-08,
      6.004175645557552e-08,
      -1.1861490634146321e-07,
      0.00014480161189567298,
      0.000163910910487175
    ],
    [
      4.229734184429956e-12,
      2.176211211235568e-07,
      4.493314609277377e-10,
      -1.2578711050537095e-07,
      -2.5051930307995462e-08,
      5.331560259946855e-06,
      -1.5154130039718439e-07,
      3.322413988371409e-07,
      7.685962373216171e-07,
      -3.787824596201972e-07
    ],
    [
      -2.9587629568617047e-10,
      -1.95369989341998e-06,
      -1.3323746550497617e-09,
      -6.03255728037766e-07,
      6.004681551985414e-08,
      -1.5154255095239932e-07,
      0.0005629200604744256,
      2.1966116037219763e-07,
      -2.157391281798482e-05,
      2.7470071017887676e-06
    ],
    [
      -8.486741170932177e-11,
      -1.774455000713715e-07,
      8.794297512437765e-10,
      -3.107791428647033e-07,
      -1.1861401816304351e-07,
      3.322422799101332e-07,
      2.196613309024542e-07,
      7.406010263366625e-05,
      -5.15281681146007e-06,
      -5.403489922173321e-07
    ],
    [
      3.7684833387174876e-07,
      0.00016398595471400768,
      -1.149222939034189e-09,
      -1.7029869070483983e-08,
      0.00014480114623438567,
      7.686398930673022e-07,
      -2.1574613128905185e-05,
      -5.152940957486862e-06,
      0.012717588804662228,
      0.012950182892382145
    ],
    [
      3.892448603437515e-07,
      0.00012422006693668664,
      -9.613360107962876e-10,
      -1.8194789674907952e-08,
      0.00016391047392971814,
      -3.7873707015023683e-07,
      2.7462765501695685e-06,
      -5.404778562478896e-07,
      0.01295019593089819,
      0.013628852553665638
    ]
  ],
  "param_names": [
    "L",
    "RL",
    "C",
    "RC",
    "Rdson",
    "Rload1",
    "Rload2",
    "Rload3",
    "Vin",
    "VF"
  ]
}