{
  "theta_log": [
    -7.2313432693481445,
    -1.169663667678833,
    -8.722712516784668,
    -1.6344789266586304,
    -1.480713129043579,
    1.131495475769043,
    2.3200762271881104,
    1.8094249963760376,
    3.871159315109253,
    -0.00551052438095212
  ],
  "Sigma_log": [
    [
      0.0005377621273510158,
      0.0005465021240524948,
      -6.233177828107728e-06,
      9.260586466552923e-07,
      0.0005295159062370658,
      7.724104023054679e-08,
      -1.0132962415809743e-06,
      -4.879846073890803e-07,
      0.0002702149504330009,
      0.013461042195558548
    ],
    [
      0.0005464846035465598,
      0.0032609638292342424,
      -2.1140784156159498e-05,
      -3.9268769569389406e-07,
      -0.003149498952552676,
      5.6266053434228525e-06,
      -1.5247619558067527e-05,
      -2.3817071905796183e-06,
      0.00027471291832625866,
      0.009920094162225723
    ],
    [
      -6.233211479411693e-06,
      -2.1140967874089256e-05,
      0.0017270391108468175,
      1.1580811587919015e-05,
      -1.0814965207828209e-06,
      2.2033227651263587e-05,
      -2.4624638172099367e-05,
      2.436118847981561e-05,
      -3.082200692006154e-06,
      -0.0001188722308143042
    ],
    [
      9.26048130622803e-07,
      -3.9268593354790937e-07,
      1.1580802492971998e-05,
      0.0002642967738211155,
      -5.506180514203152e-06,
      -5.279070592223434e-06,
      -7.839461432013195e-06,
      -6.5202439145650715e-06,
      -8.582287591707427e-08,
      -4.538887878879905e-06
    ],
    [
      0.0005295457667671144,
      -0.00314945075660944,
      -1.0817433349075145e-06,
      -5.50614868188859e-06,
      0.008581584319472313,
      -8.287599939649226e-07,
      5.519576120605052e-07,
      -2.07772291105357e-06,
      0.00033616909058764577,
      0.018379203975200653
    ],
    [
      7.721363459722852e-08,
      5.6265853345394135e-06,
      2.203337317041587e-05,
      -5.279070592223434e-06,
      -8.288027402159059e-07,
      1.4025860764377285e-05,
      -1.7534726737267192e-07,
      4.663923505177081e-07,
      1.437192622688599e-07,
      -2.2547028493136168e-06
    ],
    [
      -1.0132039278687444e-06,
      -1.5247560440911911e-05,
      -2.4624636353109963e-05,
      -7.839461432013195e-06,
      5.521193884305831e-07,
      -1.75348361608485e-07,
      0.00013681183918379247,
      -1.1253932896693186e-08,
      -1.1030547284462955e-06,
      6.0474558267742395e-06
    ],
    [
      -4.879819925918127e-07,
      -2.381717877142364e-06,
      2.436118847981561e-05,
      -6.520244369312422e-06,
      -2.0776928977284115e-06,
      4.66392606313093e-07,
      -1.1253881382344844e-08,
      5.060120747657493e-05,
      -4.420106733959983e-07,
      -2.3983629944268614e-06
    ],
    [
      0.0002702150959521532,
      0.0002747218240983784,
      -3.0821861400909256e-06,
      -8.581770316595794e-08,
      0.000336154131218791,
      1.4373316048477136e-07,
      -1.1031012263629236e-06,
      -4.420120660597604e-07,
      0.000137784838443622,
      0.006763759069144726
    ],
    [
      0.013461068272590637,
      0.009920559823513031,
      -0.0001188715614262037,
      -4.538605480775004e-06,
      0.01837848499417305,
      -2.2540050395036815e-06,
      6.045098871254595e-06,
      -2.398452124907635e-06,
      0.006763769313693047,
      0.3435189127922058
    ]
  ],
  "theta_phys": [
    0.0007235482917167246,
    0.3104713559150696,
    0.0001628448662813753,
    0.19505397975444794,
    0.22747541964054108,
    3.1002893447875977,
    10.1764497756958,
    6.106935024261475,
    47.99799728393555,
    0.9945046305656433
  ],
  "Sigma_phys": [
    [
      2.815303823400228e-10,
      1.2276679228762077e-07,
      -7.344311790669078e-13,
      1.3069555160338808e-10,
      8.715273480675023e-08,
      1.7326780288318133e-10,
      -7.461054885027352e-09,
      -2.156239187200981e-09,
      9.384259101352654e-06,
      9.686190423963126e-06
    ],
    [
      1.2276287009171938e-07,
      0.0003143323410768062,
      -1.0688497864563828e-09,
      -2.3780645008741885e-08,
      -0.0002224321069661528,
      5.415894975158153e-06,
      -4.817479566554539e-05,
      -4.515784439718118e-06,
      0.004093772731721401,
      0.003062980016693473
    ],
    [
      -7.344351364048374e-13,
      -1.0688591123297897e-09,
      4.5798403264241117e-11,
      3.6784755796936963e-10,
      -4.0062096001713954e-11,
      1.1123832521775512e-08,
      -4.080752091795148e-08,
      2.4226789463455134e-08,
      -2.409118238233532e-08,
      -1.9251356064842184e-08
    ],
    [
      1.3069406668009265e-10,
      -2.378053842733152e-08,
      3.6784725265803786e-10,
      1.0055449820356444e-05,
      -2.443091489112703e-07,
      -3.192379608663032e-06,
      -1.5560994143015705e-05,
      -7.766797352815047e-06,
      -8.034909910747956e-07,
      -8.804628919278912e-07
    ],
    [
      8.715764465705433e-08,
      -0.00022242870181798935,
      -4.007123799443235e-11,
      -2.443077278257988e-07,
      0.00044405466178432107,
      -5.844743782290607e-07,
      1.2777223901139223e-06,
      -2.88632622869045e-06,
      0.00367041677236557,
      0.004157841671258211
    ],
    [
      1.7320632428319271e-10,
      5.415875875769416e-06,
      1.1123905352405927e-08,
      -3.192379608663032e-06,
      -5.845045052410569e-07,
      0.00013481368659995496,
      -5.5321957006526645e-06,
      8.83033044374315e-06,
      2.1386529624578543e-05,
      -6.951817340450361e-06
    ],
    [
      -7.460375428536281e-09,
      -4.817461012862623e-05,
      -4.08075173652378e-08,
      -1.5560994143015705e-05,
      1.2780968745573773e-06,
      -5.532230261451332e-06,
      0.014168251305818558,
      -6.99397276093805e-07,
      -0.0005387862329371274,
      6.120343459770083e-05
    ],
    [
      -2.156227640881525e-09,
      -4.515804903348908e-06,
      2.4226787687098295e-08,
      -7.766797352815047e-06,
      -2.8862843919341685e-06,
      8.83033499121666e-06,
      -6.993940360189299e-07,
      0.001887154532596469,
      -0.00012956245336681604,
      -1.4566158824891318e-05
    ],
    [
      9.384264558320865e-06,
      0.004093905445188284,
      -2.4091066919140758e-08,
      -8.034425036385073e-07,
      0.0036702535580843687,
      2.1388597815530375e-05,
      -0.0005388089339248836,
      -0.00012956286082044244,
      0.317429780960083,
      0.322862833738327
    ],
    [
      9.686209523351863e-06,
      0.0030631236732006073,
      -1.925124593071814e-08,
      -8.804080948721094e-07,
      0.004157679621130228,
      -6.949665475985967e-06,
      6.117958400864154e-05,
      -1.456669906474417e-05,
      0.32286331057548523,
      0.33975374698638916
    ]
  ],
  "param_names": [
    "L",
    "RL",
    "C",
    "RC",
    "Rdson",
    "Rloads1",
    "Rloads2",
    "Rloads3",
    "Vin",
    "VF"
  ],
  "param_units": {
    "L": "H",
    "RL": "\u03a9",
    "C": "F",
    "RC": "\u03a9",
    "Rdson": "\u03a9",
    "Rloads1": "\u03a9",
    "Rloads2": "\u03a9",
    "Rloads3": "\u03a9",
    "Vin": "V",
    "VF": "V"
  }
}