{
  "theta_log": [
    1.9810110330581665,
    1.142619252204895,
    0.4978557229042053,
    0.6970935463905334,
    0.7965372800827026,
    1.1313860416412354,
    2.322084426879883,
    1.8080793619155884,
    1.568701148033142,
    -0.003624263685196638
  ],
  "Sigma_log": [
    [
      2.156469963665586e-05,
      2.168649371014908e-05,
      -2.906185443407594e-07,
      3.829499561902594e-08,
      2.1539586668950506e-05,
      1.876242716747356e-09,
      -4.000979814122729e-08,
      -1.9196107814423158e-08,
      1.0836056389962323e-05,
      0.0005392466555349529
    ],
    [
      2.1686741092707962e-05,
      0.00012483847967814654,
      -8.263862696367141e-07,
      -3.187857089415047e-08,
      -0.0001237634423887357,
      2.239360696876247e-07,
      -6.111695824984054e-07,
      -9.281054502707775e-08,
      1.0901976565946825e-05,
      0.0003979604225605726
    ],
    [
      -2.906266729496565e-07,
      -8.263902486760344e-07,
      6.858923734398559e-05,
      4.300999876249989e-07,
      -2.1406142991509114e-07,
      8.81138021213701e-07,
      -7.94495804257167e-07,
      8.76622550549655e-07,
      -1.4562979799848108e-07,
      -5.87034628551919e-06
    ],
    [
      3.829579142688999e-08,
      -3.187738428778175e-08,
      4.300997034079046e-07,
      9.707329809316434e-06,
      -1.7173334754261305e-07,
      -2.0211197693242866e-07,
      -2.946738959508366e-07,
      -2.5381723389727995e-07,
      -1.7698447152270091e-09,
      -9.11081770027522e-08
    ],
    [
      2.153917921532411e-05,
      -0.00012376414088066667,
      -2.1404574113148556e-07,
      -1.7173356070543377e-07,
      0.0003506274661049247,
      -3.647077306823121e-08,
      2.6612216430521585e-08,
      -8.769639947558971e-08,
      1.3612539078167174e-05,
      0.0007423420902341604
    ],
    [
      1.8766537213110723e-09,
      2.2393619758531713e-07,
      8.811354632598523e-07,
      -2.021119200890098e-07,
      -3.646996660222612e-08,
      5.548789658860187e-07,
      -4.796896213576929e-09,
      1.7575993993546035e-08,
      5.162142713288631e-09,
      -1.227817847393453e-07
    ],
    [
      -4.001114106699788e-08,
      -6.111704919931071e-07,
      -7.944957474137482e-07,
      -2.946738959508366e-07,
      2.6609729530946424e-08,
      -4.79686379506461e-09,
      5.414537554315757e-06,
      3.5299763112561777e-09,
      -4.4068002580388566e-08,
      2.706697159737814e-07
    ],
    [
      -1.919637071523539e-08,
      -9.281074397904376e-08,
      8.766223231759795e-07,
      -2.538171770538611e-07,
      -8.769696080435097e-08,
      1.7575914057488262e-08,
      3.5299765333007826e-09,
      1.9914111817342928e-06,
      -1.7601792023924645e-08,
      -8.898905434762128e-08
    ],
    [
      1.0836058208951727e-05,
      1.0901852874667384e-05,
      -1.4562567685061367e-07,
      -1.7702426191590348e-09,
      1.3612744623969775e-05,
      5.1619251095758045e-09,
      -4.40673098012212e-08,
      -1.760165524444801e-08,
      5.52291339772637e-06,
      0.00027095997938886285
    ],
    [
      0.0005392462480813265,
      0.0003979537868872285,
      -5.870137556485133e-06,
      -9.112742560546394e-08,
      0.0007423518691211939,
      -1.22792329193544e-07,
      2.7070453256783367e-07,
      -8.898226155906741e-08,
      0.00027095983386971056,
      0.013738562352955341
    ]
  ],
  "theta_phys": [
    0.0007250069756992161,
    0.3134968876838684,
    0.00016451897681690753,
    0.20079083740711212,
    0.2217847853899002,
    3.099950075149536,
    10.196907043457031,
    6.0987229347229,
    48.004093170166016,
    0.9963822960853577
  ],
  "Sigma_phys": [
    [
      1.1335163710435303e-11,
      4.929067376480134e-09,
      -3.4664227055187374e-14,
      5.574784557593748e-12,
      3.4634690670998225e-09,
      4.216828275449558e-12,
      -2.957855904650586e-10,
      -8.487782698907154e-11,
      3.7713053302468325e-07,
      3.8954320302764245e-07
    ],
    [
      4.929123775809785e-09,
      1.2269162652955856e-05,
      -4.262185396286533e-11,
      -2.00666994132348e-09,
      -8.605128641647752e-06,
      2.1762660651347687e-07,
      -1.953724904524279e-06,
      -1.7744733327162976e-07,
      0.00016406530630774796,
      0.00012430801871232688
    ],
    [
      -3.4665196060879033e-14,
      -4.2622058660235496e-11,
      1.8564702726486804e-12,
      1.4207880531802441e-11,
      -7.810631481863783e-12,
      4.4938094911906035e-10,
      -1.3328340653373516e-09,
      8.795642547632099e-10,
      -1.1501236629740674e-09,
      -9.622894703298357e-10
    ],
    [
      5.57490035038577e-12,
      -2.0065953343362253e-09,
      1.4207871858185062e-11,
      3.913700368229911e-07,
      -7.647689592715778e-09,
      -1.2580289876495954e-07,
      -6.033287149875832e-07,
      -3.1081637530405715e-07,
      -1.7059146983910978e-08,
      -1.8227504838819186e-08
    ],
    [
      3.4634035639413696e-09,
      -8.605176844866946e-06,
      -7.810059023116711e-12,
      -7.647699362678395e-09,
      1.724683534121141e-05,
      -2.507444918364854e-08,
      6.018402842755677e-08,
      -1.186184945822788e-07,
      0.0001449269475415349,
      0.0001640445552766323
    ],
    [
      4.2177515820196465e-12,
      2.176267344111693e-07,
      4.493796168514308e-10,
      -1.258028561323954e-07,
      -2.5073894960314647e-08,
      5.332215096132131e-06,
      -1.5162942190727335e-07,
      3.322871293676144e-07,
      7.681799729652994e-07,
      -3.792404186242493e-07
    ],
    [
      -2.95795526961129e-10,
      -1.9537278603820596e-06,
      -1.3328339543150491e-09,
      -6.033287149875832e-07,
      6.01784080345169e-08,
      -1.5162839872573386e-07,
      0.0005629868828691542,
      2.1952256190616026e-07,
      -2.157098970201332e-05,
      2.7500091164256446e-06
    ],
    [
      -8.487899272324739e-11,
      -1.7744771696470707e-07,
      8.795639772074537e-10,
      -3.108163184606383e-07,
      -1.186192477575787e-07,
      3.3228559459530516e-07,
      2.1952257611701498e-07,
      7.406938675558195e-05,
      -5.153165147930849e-06,
      -5.40756218470051e-07
    ],
    [
      3.7713061828981154e-07,
      0.00016406344366259873,
      -1.1500910224171434e-09,
      -1.7062983914684082e-08,
      0.00014492913032881916,
      7.681475722165487e-07,
      -2.157065136998426e-05,
      -5.153125130163971e-06,
      0.012726962566375732,
      0.012960132211446762
    ],
    [
      3.8954291881054814e-07,
      0.00012430593778844923,
      -9.622552754606772e-10,
      -1.8231357756803845e-08,
      0.00016404672351200134,
      -3.7927298990325653e-07,
      2.7503629098646343e-06,
      -5.407148933045391e-07,
      0.01296012569218874,
      0.013639338314533234
    ]
  ],
  "param_names": [
    "L",
    "RL",
    "C",
    "RC",
    "Rdson",
    "Rloads1",
    "Rloads2",
    "Rloads3",
    "Vin",
    "VF"
  ]
}