{
  "theta_log": [
    -7.229334354400635,
    -1.1599624156951904,
    -8.712471961975098,
    -1.605489730834961,
    -1.5060466527938843,
    1.1313862800598145,
    2.322084426879883,
    1.8080801963806152,
    3.871284008026123,
    -0.003768502501770854
  ],
  "Sigma_log": [
    [
      2.1590869437204674e-05,
      2.1705116523662582e-05,
      -2.9090051612001844e-07,
      3.8295333126825426e-08,
      2.1575779101112857e-05,
      1.8699655157661255e-09,
      -3.998562903007041e-08,
      -1.9197630152234524e-08,
      1.0849160389625467e-05,
      0.0005399896181188524
    ],
    [
      2.170498737541493e-05,
      0.0001248358457814902,
      -8.265650421890314e-07,
      -3.188520381058879e-08,
      -0.00012370929471217096,
      2.239198124698305e-07,
      -6.111228572081018e-07,
      -9.281323087861892e-08,
      1.0911267963820137e-05,
      0.0003985020739492029
    ],
    [
      -2.909028182784823e-07,
      -8.265677138297178e-07,
      6.85920167597942e-05,
      4.3010041395064036e-07,
      -2.1448191489525925e-07,
      8.811886118564871e-07,
      -7.945050128910225e-07,
      8.767566441747476e-07,
      -1.4576795592802227e-07,
      -5.878201591258403e-06
    ],
    [
      3.829424599643971e-08,
      -3.188601027659388e-08,
      4.301008402762818e-07,
      9.707317076390609e-06,
      -1.7171588240216806e-07,
      -2.0211410856063594e-07,
      -2.946796087144321e-07,
      -2.538203887070267e-07,
      -1.7705019672575872e-09,
      -9.115365173784085e-08
    ],
    [
      2.1575957362074405e-05,
      -0.0001237089600181207,
      -2.1448100540055748e-07,
      -1.7171439026242297e-07,
      0.0003506201901473105,
      -3.645882884484308e-08,
      2.6595607494073192e-08,
      -8.769513470952006e-08,
      1.3630577086587436e-05,
      0.000743345299270004
    ],
    [
      1.8699468640193118e-09,
      2.2391992615666823e-07,
      8.811843486000726e-07,
      -2.0211409434978123e-07,
      -3.64590100332407e-08,
      5.548952231038129e-07,
      -4.796905539450336e-09,
      1.757793377521466e-08,
      5.158881322131492e-09,
      -1.229532244906295e-07
    ],
    [
      -3.998546915795487e-08,
      -6.111233119554527e-07,
      -7.945050697344413e-07,
      -2.9467963713614154e-07,
      2.659685982564497e-08,
      -4.796919750305051e-09,
      5.414691258920357e-06,
      3.5291685129834605e-09,
      -4.405545439567504e-08,
      2.7133773983223364e-07
    ],
    [
      -1.9198111544938e-08,
      -9.281383483994432e-08,
      8.767567578615854e-07,
      -2.538203887070267e-07,
      -8.769533366148607e-08,
      1.7578013711272433e-08,
      3.5291689570726703e-09,
      1.9914741642423905e-06,
      -1.760266954420331e-08,
      -8.90354385774117e-08
    ],
    [
      1.0849159480130766e-05,
      1.0911331628449261e-05,
      -1.4576679063793563e-07,
      -1.7699619547784096e-09,
      1.3630489775096066e-05,
      5.1588804339530725e-09,
      -4.40555112390939e-08,
      -1.760242618331631e-08,
      5.529471309273504e-06,
      0.0002713319845497608
    ],
    [
      0.0005399896763265133,
      0.00039850539178587496,
      -5.878144747839542e-06,
      -9.112599741456506e-08,
      0.0007433409336954355,
      -1.2295309659293707e-07,
      2.7133327762385306e-07,
      -8.9023622251716e-08,
      0.0002713320136535913,
      0.013759417459368706
    ]
  ],
  "theta_phys": [
    0.0007250033086165786,
    0.31349796056747437,
    0.00016452105774078518,
    0.20079119503498077,
    0.2217850387096405,
    3.0999507904052734,
    10.196907043457031,
    6.098727703094482,
    48.00398254394531,
    0.9962385892868042
  ],
  "Sigma_phys": [
    [
      1.1348804708488647e-11,
      4.933291997133438e-09,
      -3.46981219256047e-14,
      5.574815782616316e-12,
      3.4692748673847973e-09,
      4.202699820099465e-12,
      -2.9560540126816193e-10,
      -8.488419689367532e-11,
      3.7758383086838876e-07,
      3.9002171092761273e-07
    ],
    [
      4.9332626872455876e-09,
      1.2268988029973116e-05,
      -4.263175923391316e-11,
      -2.0070980433217755e-09,
      -8.60140335134929e-06,
      2.1761159985089762e-07,
      -1.953582341229776e-06,
      -1.7745320235462714e-07,
      0.00016420531028416008,
      0.00012445967877283692
    ],
    [
      -3.469839636427961e-14,
      -4.2631894542344284e-11,
      1.8565923538133022e-12,
      1.420810084168389e-11,
      -7.826082663864309e-12,
      4.4941253496411093e-10,
      -1.3328662618050657e-09,
      8.797105821578555e-10,
      -1.1512266695490325e-09,
      -9.634503195243838e-10
    ],
    [
      5.574657055418264e-12,
      -2.0071488915363034e-09,
      1.420811385210996e-11,
      3.9137091789598344e-07,
      -7.646934641059033e-09,
      -1.2580447616983292e-07,
      -6.033415047568269e-07,
      -3.1082103646440373e-07,
      -1.706547436697292e-08,
      -1.823400630485139e-08
    ],
    [
      3.4693035111388326e-09,
      -8.601379704487044e-06,
      -7.826049704118265e-12,
      -7.646868027677556e-09,
      1.7246517018065788e-05,
      -2.506627261311678e-08,
      6.014654019281807e-08,
      -1.1861701665338842e-07,
      0.00014511882909573615,
      0.00016424275236204267
    ],
    [
      4.202657753055172e-12,
      2.1761169932688063e-07,
      4.494103700292129e-10,
      -1.258044619589782e-07,
      -2.5066396958095538e-08,
      5.332373802957591e-06,
      -1.516297487569318e-07,
      3.323241344332928e-07,
      7.676929953959188e-07,
      -3.797152885454125e-07
    ],
    [
      -2.9560423553398607e-10,
      -1.9535837054718286e-06,
      -1.3328663728273682e-09,
      -6.033415616002458e-07,
      6.014936815290639e-08,
      -1.516302035042827e-07,
      0.0005630028899759054,
      2.194724828541439e-07,
      -2.156479786208365e-05,
      2.756398544079275e-06
    ],
    [
      -8.488632713410382e-11,
      -1.7745436764471378e-07,
      8.797106931801579e-10,
      -3.1082103646440373e-07,
      -1.1861727955420065e-07,
      3.323256407838926e-07,
      2.1947252548670804e-07,
      7.407184602925554e-05,
      -5.153414349479135e-06,
      -5.409604568740178e-07
    ],
    [
      3.7758380244667933e-07,
      0.00016420628526248038,
      -1.1512174546979281e-09,
      -1.706026786507664e-08,
      0.00014511789777316153,
      7.676928817090811e-07,
      -2.1564826965914108e-05,
      -5.153342954145046e-06,
      0.012742016464471817,
      0.012976023368537426
    ],
    [
      3.9002173934932216e-07,
      0.00012446071195881814,
      -9.63440993650977e-10,
      -1.822847295329666e-08,
      0.0001642417919356376,
      -3.7971489064148045e-07,
      2.7563532967178617e-06,
      -5.408886067925778e-07,
      0.012976025231182575,
      0.013656103052198887
    ]
  ],
  "param_names": [
    "L",
    "RL",
    "C",
    "RC",
    "Rdson",
    "Rloads1",
    "Rloads2",
    "Rloads3",
    "Vin",
    "VF"
  ],
  "param_units": {
    "L": "H",
    "RL": "\u03a9",
    "C": "F",
    "RC": "\u03a9",
    "Rdson": "\u03a9",
    "Rloads1": "\u03a9",
    "Rloads2": "\u03a9",
    "Rloads3": "\u03a9",
    "Vin": "V",
    "VF": "V"
  }
}