{
  "theta_log": [
    1.9789962768554688,
    1.1329206228256226,
    0.4876285791397095,
    0.6681060194969177,
    0.8218709230422974,
    1.5685738325119019,
    -0.0055334195494651794,
    1.131495475769043,
    2.3200764656066895,
    1.8094249963760376
  ],
  "Sigma_log": [
    [
      0.0005382258677855134,
      0.0005468624294735491,
      -6.237551588128554e-06,
      9.260276101485942e-07,
      0.0005301306955516338,
      0.000270447984803468,
      0.013473143801093102,
      7.71764518958662e-08,
      -1.0132936267837067e-06,
      -4.881473500972788e-07
    ],
    [
      0.0005468580638989806,
      0.0032613060902804136,
      -2.1144522179383785e-05,
      -3.9266339513233106e-07,
      -0.003149086609482765,
      0.0002749002887867391,
      0.009929743595421314,
      5.626630354527151e-06,
      -1.5247879673552234e-05,
      -2.3818774934625253e-06
    ],
    [
      -6.237607976800064e-06,
      -2.1144691345398314e-05,
      0.0017270430689677596,
      1.1580920727283228e-05,
      -1.0869596280826954e-06,
      -3.0844103093841113e-06,
      -0.00011898624507011846,
      2.2033287677913904e-05,
      -2.4623663193779066e-05,
      2.4361266696359962e-05
    ],
    [
      9.260369893127063e-07,
      -3.9264199358512997e-07,
      1.1580907084862702e-05,
      0.0002642968320287764,
      -5.50630284124054e-06,
      -8.582953370250834e-08,
      -4.539358542388072e-06,
      -5.279077413433697e-06,
      -7.839472345949616e-06,
      -6.520252100017387e-06
    ],
    [
      0.0005301341298036277,
      -0.0031490784604102373,
      -1.0869554216696997e-06,
      -5.506294201040873e-06,
      0.008582509122788906,
      0.00033646533847786486,
      0.018394706770777702,
      -8.28945644570922e-07,
      5.522846322492114e-07,
      -2.0778879843419418e-06
    ],
    [
      0.0002704479265958071,
      0.0002749024424701929,
      -3.0843805234326283e-06,
      -8.583413091400871e-08,
      0.0003364636213518679,
      0.0001379018503939733,
      0.006769836414605379,
      1.4370061762747355e-07,
      -1.1031003168682219e-06,
      -4.420940342697577e-07
    ],
    [
      0.01347314938902855,
      0.009929857216775417,
      -0.00011898496450157836,
      -4.539575911621796e-06,
      0.018394626677036285,
      0.00676983967423439,
      0.3438341021537781,
      -2.2557999272976303e-06,
      6.045714599167695e-06,
      -2.4025684979278594e-06
    ],
    [
      7.716979411043212e-08,
      5.62662444281159e-06,
      2.203339317929931e-05,
      -5.279077868181048e-06,
      -8.289498509839177e-07,
      1.436975765045645e-07,
      -2.2559599983651424e-06,
      1.4025883501744829e-05,
      -1.753334117893246e-07,
      4.6639343054266647e-07
    ],
    [
      -1.0132670240636799e-06,
      -1.5247860574163496e-05,
      -2.4623666831757873e-05,
      -7.839472345949616e-06,
      5.523186246136902e-07,
      -1.1030869018213707e-06,
      6.046384442015551e-06,
      -1.753360265865922e-07,
      0.0001368121593259275,
      -1.1239215780278755e-08
    ],
    [
      -4.881408131041098e-07,
      -2.381879312451929e-06,
      2.436126487737056e-05,
      -6.520252100017387e-06,
      -2.0778713860636344e-06,
      -4.4209073735146376e-07,
      -2.4023966034292243e-06,
      4.6639399897685507e-07,
      -1.1239137620577822e-08,
      5.060129115008749e-05
    ]
  ],
  "theta_phys": [
    0.0007235477096401155,
    0.3104710876941681,
    0.00016284499724861234,
    0.19505396485328674,
    0.22747516632080078,
    47.99797821044922,
    0.9944818615913391,
    3.1002893447875977,
    10.17645263671875,
    6.106935024261475
  ],
  "Sigma_phys": [
    [
      2.8177271627072287e-10,
      1.2284753836411255e-07,
      -7.349465545695988e-13,
      1.3069105520013835e-10,
      8.725375266749325e-08,
      9.39234178076731e-06,
      9.694669643067755e-06,
      1.7312278000058967e-10,
      -7.46103179238844e-09,
      -2.156956613319494e-09
    ],
    [
      1.228465436042825e-07,
      0.00031436479184776545,
      -1.069038746415174e-09,
      -2.377915109263995e-08,
      -0.00022240255202632397,
      0.004096559714525938,
      0.003065886441618204,
      5.41591407454689e-06,
      -4.8175588744925335e-05,
      -4.51610367235844e-06
    ],
    [
      -7.349531682028509e-13,
      -1.0690472951324637e-09,
      4.5798580206035666e-11,
      3.6785130497207774e-10,
      -4.02644549646336e-11,
      -2.4108461005312165e-08,
      -1.9269393192189455e-08,
      1.1123871601625979e-08,
      -4.080595061850545e-08,
      2.4226883610367622e-08
    ],
    [
      1.306923874677679e-10,
      -2.3777854352147187e-08,
      3.678508608828679e-10,
      1.0055450729851145e-05,
      -2.443142932406772e-07,
      -8.03552893557935e-07,
      -8.80534003044886e-07,
      -3.1923834740155144e-06,
      -1.556101778987795e-05,
      -7.766806447762065e-06
    ],
    [
      8.72543139962545e-08,
      -0.00022240196994971484,
      -4.026429883952076e-11,
      -2.443138953367452e-07,
      0.0004441015189513564,
      0.003673645667731762,
      0.004161249380558729,
      -5.846046633450896e-07,
      1.2784782938979333e-06,
      -2.8865522381238407e-06
    ],
    [
      9.392339052283205e-06,
      0.004096591845154762,
      -2.4108228302566204e-08,
      -8.035959240260127e-07,
      0.003673626808449626,
      0.3176991045475006,
      0.32314538955688477,
      2.1383746570791118e-05,
      -0.0005388084100559354,
      -0.0001295868423767388
    ],
    [
      9.694673281046562e-06,
      0.003065921599045396,
      -1.9269185358439245e-08,
      -8.805761240182619e-07,
      0.004161230754107237,
      0.3231455683708191,
      0.3400499224662781,
      -6.955040589673445e-06,
      6.118442979641259e-05,
      -1.4591365470550954e-05
    ],
    [
      1.7310784750090846e-10,
      5.415908162831329e-06,
      1.1123924004152741e-08,
      -3.1923834740155144e-06,
      -5.846076192028704e-07,
      2.138329546141904e-05,
      -6.955534445296507e-06,
      0.0001348139048786834,
      -5.531759597943164e-06,
      8.83035045262659e-06
    ],
    [
      -7.460835504957686e-09,
      -4.8175526899285614e-05,
      -4.0805957723932806e-08,
      -1.556101778987795e-05,
      1.2785570788764744e-06,
      -0.0005388018907979131,
      6.1191210988909e-05,
      -5.531842361961026e-06,
      0.01416829228401184,
      -6.984828360145912e-07
    ],
    [
      -2.1569277475208537e-09,
      -4.5161068555898964e-06,
      2.4226881834010783e-08,
      -7.766806447762065e-06,
      -2.886529273382621e-06,
      -0.00012958586739841849,
      -1.459032228012802e-05,
      8.830361366563011e-06,
      -6.984779474805691e-07,
      0.0018871576758101583
    ]
  ],
  "param_names": [
    "L",
    "RL",
    "C",
    "RC",
    "Rdson",
    "Vin",
    "VF",
    "Rloads1",
    "Rloads2",
    "Rloads3"
  ]
}