{
  "theta_log": [
    1.9789965152740479,
    1.1329208612442017,
    0.4876285791397095,
    0.668106198310852,
    0.8218705654144287,
    1.131495475769043,
    2.3200759887695312,
    1.8094249963760376,
    1.5685737133026123,
    -0.005531861446797848
  ],
  "Sigma_log": [
    [
      0.0005387339624576271,
      0.0005472238408401608,
      -6.242133167688735e-06,
      9.259681519324658e-07,
      0.0005308295949362218,
      7.70706876096483e-08,
      -1.0127771474799374e-06,
      -4.881313202531601e-07,
      0.000270702934358269,
      0.01348611805588007
    ],
    [
      0.0005472159828059375,
      0.0032613237854093313,
      -2.1147154257050715e-05,
      -3.9285185948756407e-07,
      -0.0031481515616178513,
      5.626351594401058e-06,
      -1.5246922885125969e-05,
      -2.3818499812477967e-06,
      0.000275082653388381,
      0.00993921048939228
    ],
    [
      -6.241933533601696e-06,
      -2.114702874678187e-05,
      0.0017270436510443687,
      1.1580738828342874e-05,
      -1.0940146921711857e-06,
      2.203324947913643e-05,
      -2.4625407604617067e-05,
      2.4361184841836803e-05,
      -3.086582637479296e-06,
      -0.0001190977927763015
    ],
    [
      9.259342732548248e-07,
      -3.9289548681153974e-07,
      1.1580794307519682e-05,
      0.0002642970357555896,
      -5.506007710209815e-06,
      -5.279079232423101e-06,
      -7.83946870797081e-06,
      -6.5202516452700365e-06,
      -8.587679189986375e-08,
      -4.5417727960739285e-06
    ],
    [
      0.000530844961758703,
      -0.003148128744214773,
      -1.094436470339133e-06,
      -5.5059772421373054e-06,
      0.00858262088149786,
      -8.287830723929801e-07,
      5.521818593479111e-07,
      -2.0778313682967564e-06,
      0.00033681601053103805,
      0.018412239849567413
    ],
    [
      7.70776082958946e-08,
      5.626357506116619e-06,
      2.203312214987818e-05,
      -5.279078322928399e-06,
      -8.287706236842496e-07,
      1.4025885320734233e-05,
      -1.7535805341140076e-07,
      4.663923220959987e-07,
      1.4365174649810797e-07,
      -2.258040922242799e-06
    ],
    [
      -1.0127943141924334e-06,
      -1.5246958355419338e-05,
      -2.462540396663826e-05,
      -7.839469617465511e-06,
      5.521927732843324e-07,
      -1.7535691654302354e-07,
      0.00013681204291060567,
      -1.1263560750762736e-08,
      -1.1028504331989097e-06,
      6.057626706024166e-06
    ],
    [
      -4.881428594671888e-07,
      -2.381862941547297e-06,
      2.4361181203857996e-05,
      -6.520251190522686e-06,
      -2.077838871628046e-06,
      4.6639217998745153e-07,
      -1.12636087123974e-08,
      5.0601298426045105e-05,
      -4.4209036786924116e-07,
      -2.402475956841954e-06
    ],
    [
      0.0002707030507735908,
      0.00027508678613230586,
      -3.0866856377542717e-06,
      -8.5859589660231e-08,
      0.00033680841443128884,
      1.4364825062784803e-07,
      -1.102841792999243e-06,
      -4.420847119490645e-07,
      0.00013802980538457632,
      0.006776347290724516
    ],
    [
      0.013486125506460667,
      0.009939414449036121,
      -0.00011910293687833473,
      -4.540929694485385e-06,
      0.01841186173260212,
      -2.258216909467592e-06,
      6.058044618839631e-06,
      -2.4021885565161938e-06,
      0.006776347290724516,
      0.34416496753692627
    ]
  ],
  "theta_phys": [
    0.0007235478842630982,
    0.31047117710113525,
    0.00016284499724861234,
    0.19505397975444794,
    0.2274750918149948,
    3.1002893447875977,
    10.176447868347168,
    6.106935024261475,
    47.99797439575195,
    0.9944834113121033
  ],
  "Sigma_phys": [
    [
      2.820388367297255e-10,
      1.2292878182051936e-07,
      -7.354865414616052e-13,
      1.3068271464966585e-10,
      8.736877532555809e-08,
      1.728855669735907e-10,
      -7.457227724216864e-09,
      -2.1568864472243376e-09,
      9.401196621183772e-06,
      9.704021977086086e-06
    ],
    [
      1.2292701967453468e-07,
      0.00031436668359674513,
      -1.069172195222734e-09,
      -2.3790573067117293e-08,
      -0.00022233651543501765,
      5.41564713785192e-06,
      -4.817255830857903e-05,
      -4.516052740655141e-06,
      0.004099278245121241,
      0.0030688149854540825
    ],
    [
      -7.354630684845709e-13,
      -1.0691657559291912e-09,
      4.5798597553270426e-11,
      3.678455595679253e-10,
      -4.05257841173956e-11,
      1.1123852061700745e-08,
      -4.080882121115792e-08,
      2.422680367430985e-08,
      -2.4125439423983153e-08,
      -1.9287487162955586e-08
    ],
    [
      1.3067792681287216e-10,
      -2.379321628609432e-08,
      3.678473081691891e-10,
      1.0055459824798163e-05,
      -2.4430113398921094e-07,
      -3.192384838257567e-06,
      -1.5561005056952126e-05,
      -7.766806447762065e-06,
      -8.039953627303476e-07,
      -8.810037570583518e-07
    ],
    [
      8.73713048576974e-08,
      -0.00022233488562051207,
      -4.054140703702025e-11,
      -2.442997697471583e-07,
      0.0004441069904714823,
      -5.844898396389908e-07,
      1.2782393241650425e-06,
      -2.8864726573374355e-06,
      0.0036774729378521442,
      0.00416522054001689
    ],
    [
      1.7290108234035984e-10,
      5.415653504314832e-06,
      1.1123788112854527e-08,
      -3.1923841561365407e-06,
      -5.844810289090674e-07,
      0.00013481391943059862,
      -5.532534487429075e-06,
      8.830329534248449e-06,
      2.137647425115574e-05,
      -6.961960934859235e-06
    ],
    [
      -7.457353845552461e-09,
      -4.817267108592205e-05,
      -4.080881765844424e-08,
      -1.556100687594153e-05,
      1.2782645626430167e-06,
      -5.532499017135706e-06,
      0.0141682680696249,
      -6.999954962338961e-07,
      -0.0005386860575526953,
      6.130505062174052e-05
    ],
    [
      -2.1569372954388655e-09,
      -4.516077297012089e-06,
      2.422680012159617e-08,
      -7.766805538267363e-06,
      -2.886483116526506e-06,
      8.830326805764344e-06,
      -6.999984520916769e-07,
      0.0018871580250561237,
      -0.00012958575098309666,
      -1.4590827049687505e-05
    ],
    [
      9.40120116865728e-06,
      0.0040993401780724525,
      -2.412624588998824e-08,
      -8.038343253247149e-07,
      0.00367738981731236,
      2.1375954020186327e-05,
      -0.0005386818083934486,
      -0.00012958409206476063,
      0.3179938495159149,
      0.32345667481422424
    ],
    [
      9.704027434054296e-06,
      0.0030688780825585127,
      -1.9288322050670104e-08,
      -8.808401616988704e-07,
      0.004165135324001312,
      -6.962503903196193e-06,
      6.130927795311436e-05,
      -1.4589081729354803e-05,
      0.32345667481422424,
      0.34037819504737854
    ]
  ],
  "param_names": [
    "L",
    "RL",
    "C",
    "RC",
    "Rdson",
    "Rloads1",
    "Rloads2",
    "Rloads3",
    "Vin",
    "VF"
  ]
}