{
  "L": 0.0007253742660395801,
  "RL": 0.3136419355869293,
  "C": 0.0001645138399908319,
  "RC": 0.20079252123832703,
  "Rdson": 0.22192533314228058,
  "Rloads": [
    3.099949359893799,
    10.196885108947754,
    6.0987324714660645
  ],
  "Vin": 48.01637268066406,
  "VF": 1.0091055631637573
}