{
  "L": 0.0007257441757246852,
  "RL": 0.31202182173728943,
  "C": 0.00016276142559945583,
  "RC": 0.19509440660476685,
  "Rdson": 0.22779817879199982,
  "Rloads": [
    3.100306749343872,
    10.176008224487305,
    6.107148170471191
  ],
  "Vin": 48.07231521606445,
  "VF": 1.0676281452178955
}