{
  "L": 0.0007225380395539105,
  "RL": 0.3101644515991211,
  "C": 0.00016285396122839302,
  "RC": 0.19504669308662415,
  "Rdson": 0.22701458632946014,
  "Rloads": [
    3.100295305252075,
    10.176430702209473,
    6.1069488525390625
  ],
  "Vin": 47.964256286621094,
  "VF": 0.9590198993682861
}