{
  "L": 0.0007211733609437943,
  "RL": 0.3087270259857178,
  "C": 0.00015651530702598393,
  "RC": 0.1892554759979248,
  "Rdson": 0.23297259211540222,
  "Rloads": [
    3.0992066860198975,
    10.154995918273926,
    6.109610080718994
  ],
  "Vin": 47.97188186645508,
  "VF": 0.9464938640594482
}