{
  "L": 0.0007250354974530637,
  "RL": 0.313507080078125,
  "C": 0.00016451887495350093,
  "RC": 0.20079076290130615,
  "Rdson": 0.22179634869098663,
  "Rloads": [
    3.099949836730957,
    10.196897506713867,
    6.098723411560059
  ],
  "Vin": 48.005043029785156,
  "VF": 0.9973695278167725
}