{
  "L": 0.0007229113834910095,
  "RL": 0.310266375541687,
  "C": 0.00016284652519971132,
  "RC": 0.19505402445793152,
  "Rdson": 0.22720246016979218,
  "Rloads": [
    3.100289821624756,
    10.176447868347168,
    6.106935501098633
  ],
  "Vin": 47.976776123046875,
  "VF": 0.972189724445343
}