{
  "L": 0.0007216246449388564,
  "RL": 0.3088223338127136,
  "C": 0.00015648140106350183,
  "RC": 0.18927259743213654,
  "Rdson": 0.2332473248243332,
  "Rloads": [
    3.0991852283477783,
    10.1550874710083,
    6.109579086303711
  ],
  "Vin": 47.98712158203125,
  "VF": 0.9625529050827026
}