{
  "theta_log": [
    1.9757094383239746,
    1.1272872686386108,
    0.44798368215560913,
    0.6379276514053345,
    0.8457506895065308,
    1.1311461925506592,
    2.3179657459259033,
    1.8098629713058472,
    1.5680299997329712,
    -0.05499079078435898
  ],
  "Sigma_log": [
    [
      1.4304147043731064e-05,
      1.4443686268350575e-05,
      -8.64614690954113e-08,
      1.3420135225317154e-08,
      1.4223392099665944e-05,
      3.8013516778789835e-09,
      -2.7244414724236776e-08,
      -1.1737935956546153e-08,
      7.183619345596526e-06,
      0.0003757035592570901
    ],
    [
      1.4443694453802891e-05,
      8.561597496736795e-05,
      -4.962395223628846e-07,
      -7.903405929710061e-09,
      -7.963378448039293e-05,
      1.443137023215968e-07,
      -3.8577147165597125e-07,
      -6.059630663912685e-08,
      7.256696335389279e-06,
      0.0002762387157417834
    ],
    [
      -8.646171067994146e-08,
      -4.96238556024764e-07,
      4.1402148781344295e-05,
      2.993452881128178e-07,
      1.0430059660393454e-07,
      5.053257723375282e-07,
      -6.859703489681124e-07,
      6.069224696148012e-07,
      -4.170587430962769e-08,
      -1.2360196706140414e-06
    ],
    [
      1.3420198285984952e-08,
      -7.903041776557984e-09,
      2.993457428601687e-07,
      7.292639566003345e-06,
      -1.8433851778354438e-07,
      -1.3516090291432192e-07,
      -2.0406703526987258e-07,
      -1.644772851250309e-07,
      -8.375877769140061e-09,
      -4.5373349166766275e-07
    ],
    [
      1.4223306607163977e-05,
      -7.96338717918843e-05,
      1.0430112951098636e-07,
      -1.8433804882533877e-07,
      0.00021358751109801233,
      -1.6886597009602156e-08,
      9.236071463192275e-09,
      -4.968465461274718e-08,
      8.919573701859917e-06,
      0.0005100566195324063
    ],
    [
      3.801412518100733e-09,
      1.4431381600843451e-07,
      5.053243512520567e-07,
      -1.3516093133603135e-07,
      -1.6886483322764434e-08,
      3.374173331849306e-07,
      -5.0445922994413195e-09,
      1.1073147732076905e-08,
      4.572392242607748e-09,
      -1.108219294110313e-08
    ],
    [
      -2.7244089650935166e-08,
      -3.8577107375203923e-07,
      -6.859703489681124e-07,
      -2.04067063691582e-07,
      9.236328146755568e-09,
      -5.0445860821923816e-09,
      3.2877608191483887e-06,
      -1.9707797616064227e-09,
      -2.864972969973678e-08,
      1.1135125532746315e-07
    ],
    [
      -1.1737890659446748e-08,
      -6.059622847942592e-08,
      6.069224696148012e-07,
      -1.6447729933588562e-07,
      -4.9684643954606145e-08,
      1.1073217009993641e-08,
      -1.970778207294188e-09,
      1.2231115533722914e-06,
      -1.0857446497425371e-08,
      -4.693072241934715e-08
    ],
    [
      7.183618890849175e-06,
      7.256690878421068e-06,
      -4.170578193907204e-08,
      -8.375906190849491e-09,
      8.919614629121497e-06,
      4.572366485433577e-09,
      -2.8649898453636524e-08,
      -1.0857471366421123e-08,
      3.659783942566719e-06,
      0.0001886761310743168
    ],
    [
      0.00037570358836092055,
      0.0002762385120149702,
      -1.2360119399090763e-06,
      -4.53734827488006e-07,
      0.0005100589478388429,
      -1.1084154039053828e-08,
      1.1134260091694159e-07,
      -4.693205113426302e-08,
      0.00018867620383389294,
      0.0100562060251832
    ]
  ],
  "theta_phys": [
    0.0007211734191514552,
    0.3087270259857178,
    0.00015651530702598393,
    0.1892554759979248,
    0.23297259211540222,
    3.0992066860198975,
    10.154995918273926,
    6.109610080718994,
    47.97188186645508,
    0.9464938640594482
  ],
  "Sigma_phys": [
    [
      7.43945963860293e-12,
      3.2158251617175893e-09,
      -9.759310330356707e-15,
      1.8316609080165636e-12,
      2.38972397426096e-09,
      8.496269660041023e-12,
      -1.9952482721574683e-10,
      -5.1718383048404704e-11,
      2.485248273842444e-07,
      2.564500789503654e-07
    ],
    [
      3.2158269380744287e-09,
      8.16026204120135e-06,
      -2.3978544844149852e-11,
      -4.617824456154551e-10,
      -5.727654752263334e-06,
      1.380806367023979e-07,
      -1.2094405974494293e-06,
      -1.1429685997654815e-07,
      0.00010747324267867953,
      8.071922638919204e-05
    ],
    [
      -9.759338282443967e-15,
      -2.3978496271892524e-11,
      1.0142301495180694e-12,
      8.867019965497214e-12,
      3.803193437262875e-12,
      2.451200353803529e-10,
      -1.090289747374129e-09,
      5.803680869220784e-10,
      -3.131416237422968e-10,
      -1.8310492011508472e-10
    ],
    [
      1.8316695816339434e-12,
      -4.617611293333823e-10,
      8.867033843285022e-12,
      2.612051162032003e-07,
      -8.127731376816882e-09,
      -7.927752676550881e-08,
      -3.9219412428792566e-07,
      -1.901813249105544e-07,
      -7.604410257044947e-08,
      -8.127689454795473e-08
    ],
    [
      2.38970954136164e-09,
      -5.727661118726246e-06,
      3.80321295290198e-12,
      -8.127711836891649e-09,
      1.1592725059017539e-05,
      -1.2192633569441114e-08,
      2.185102765395186e-08,
      -7.071973584515945e-08,
      9.96863454929553e-05,
      0.00011247111979173496
    ],
    [
      8.496405835833887e-12,
      1.380807361783809e-07,
      2.451193414909625e-10,
      -7.927754097636353e-08,
      -1.2192550968848082e-08,
      3.240921387259732e-06,
      -1.5876557313276862e-07,
      2.0966943736766552e-07,
      6.797994274165831e-07,
      -3.25082822882905e-08
    ],
    [
      -1.995224541140317e-10,
      -1.2094393468942144e-06,
      -1.0902896363518266e-09,
      -3.921941811313445e-07,
      2.1851635167990935e-08,
      -1.5876538839165732e-07,
      0.00033904684823937714,
      -1.2227322088165238e-07,
      -1.3956838301965035e-05,
      1.0702683539420832e-06
    ],
    [
      -5.171818182048149e-11,
      -1.14296717868001e-07,
      5.803680869220784e-10,
      -1.901813391214091e-07,
      -7.071971452887738e-08,
      2.0967075897715404e-07,
      -1.2227312140566937e-07,
      4.565549534163438e-05,
      -3.18220349981857e-06,
      -2.713866820158728e-07
    ],
    [
      2.48524798962535e-07,
      0.00010747316264314577,
      -3.131409298529064e-10,
      -7.60443654712617e-08,
      9.968680387828499e-05,
      6.797955620641005e-07,
      -1.3956920156488195e-05,
      -3.182210775776184e-06,
      0.008422265760600567,
      0.008566856384277344
    ],
    [
      2.564500789503654e-07,
      8.071916090557352e-05,
      -1.8310376825869668e-10,
      -8.127713613248488e-08,
      0.00011247163638472557,
      -3.251403768445016e-08,
      1.070185135176871e-06,
      -2.71394355877419e-07,
      0.008566860109567642,
      0.009008858352899551
    ]
  ],
  "param_names": [
    "L",
    "RL",
    "C",
    "RC",
    "Rdson",
    "Rload1",
    "Rload2",
    "Rload3",
    "Vin",
    "VF"
  ]
}