{
  "theta_log": [
    1.9763349294662476,
    1.1275960206985474,
    0.4477669596672058,
    0.6380180716514587,
    0.8469291925430298,
    1.1311392784118652,
    2.317974805831909,
    1.8098578453063965,
    1.5683475732803345,
    -0.03816624730825424
  ],
  "Sigma_log": [
    [
      0.0014157851692289114,
      0.0014357988256961107,
      -7.99096505943453e-06,
      1.2814606407118845e-06,
      0.0013996210182085633,
      3.761127800316899e-07,
      -2.654992158568348e-06,
      -1.1264753538853256e-06,
      0.0007112396415323019,
      0.03657820448279381
    ],
    [
      0.0014357884647324681,
      0.008589142933487892,
      -4.804857962881215e-05,
      -7.217612392196315e-07,
      -0.008013444021344185,
      1.3924663107900415e-05,
      -3.7286634324118495e-05,
      -5.838840479555074e-06,
      0.000721546181011945,
      0.02690899185836315
    ],
    [
      -7.990992344275583e-06,
      -4.8048783355625346e-05,
      0.0041422187350690365,
      2.9949891541036777e-05,
      1.1577760233194567e-05,
      5.054135181126185e-05,
      -6.862483860459179e-05,
      6.069538358133286e-05,
      -3.803645313382731e-06,
      -0.00010614620259730145
    ],
    [
      1.2814321053156164e-06,
      -7.217906272671826e-07,
      2.9949584131827578e-05,
      0.0007301089353859425,
      -1.8159304090659134e-05,
      -1.3531403965316713e-05,
      -2.0430521544767544e-05,
      -1.6467616660520434e-05,
      -8.197611123250681e-07,
      -4.357158104539849e-05
    ],
    [
      0.0013996342895552516,
      -0.00801342073827982,
      1.1577717486943584e-05,
      -1.8159278624807484e-05,
      0.021382873877882957,
      -1.709830030449666e-06,
      8.391959909204161e-07,
      -4.7951130000001285e-06,
      0.00088144262554124,
      0.049631427973508835
    ],
    [
      3.7608890579576837e-07,
      1.3924645827501081e-05,
      5.054182474850677e-05,
      -1.3531403055822011e-05,
      -1.7098532225645613e-06,
      3.3739102946128696e-05,
      -5.006126002626843e-07,
      1.1040960998798255e-06,
      4.447439323485014e-07,
      -7.811502769072831e-07
    ],
    [
      -2.6550135316938395e-06,
      -3.728666706592776e-05,
      -6.862483132863417e-05,
      -2.0430528820725158e-05,
      8.391840538024553e-07,
      -5.006096444049035e-07,
      0.00032962518162094057,
      -2.2105312780240638e-07,
      -2.780639533739304e-06,
      9.958498594642151e-06
    ],
    [
      -1.126519691752037e-06,
      -5.8388832258060575e-06,
      6.069538358133286e-05,
      -1.646761484153103e-05,
      -4.7951689339242876e-06,
      1.1040905292247771e-06,
      -2.2105328412180825e-07,
      0.00012232986046001315,
      -1.0443629889778094e-06,
      -4.257354703440797e-06
    ],
    [
      0.0007112399325706065,
      0.00072155159432441,
      -3.8036312162148533e-06,
      -8.197465604098397e-07,
      0.0008814360480755568,
      4.447547894415038e-07,
      -2.7806283924292075e-06,
      -1.0443405926707783e-06,
      0.0003625365498010069,
      0.018375232815742493
    ],
    [
      0.036578219383955,
      0.026909267529845238,
      -0.00010614558414090425,
      -4.357083889772184e-05,
      0.04963109642267227,
      -7.805739983268722e-07,
      9.959038834495004e-06,
      -4.256180091033457e-06,
      0.01837523654103279,
      0.9633181095123291
    ]
  ],
  "theta_phys": [
    0.0007216246449388564,
    0.3088223338127136,
    0.00015648140106350183,
    0.18927259743213654,
    0.2332473248243332,
    3.0991852283477783,
    10.1550874710083,
    6.109579086303711,
    47.98712158203125,
    0.9625529050827026
  ],
  "Sigma_phys": [
    [
      7.372590316023775e-10,
      3.199732532266353e-07,
      -9.023465026396227e-13,
      1.7502672922109497e-10,
      2.3558003192647448e-07,
      8.411568663824198e-10,
      -1.945621264098918e-08,
      -4.966430378061659e-09,
      2.4629296603961848e-05,
      2.5407289285794832e-05
    ],
    [
      3.19970922646462e-07,
      0.0008191571687348187,
      -2.321945302696804e-09,
      -4.2188101900819674e-08,
      -0.0005772242438979447,
      1.3327261513040867e-05,
      -0.00011693527630995959,
      -1.1016574717359617e-05,
      0.010692950338125229,
      0.007998907938599586
    ],
    [
      -9.02349484195597e-13,
      -2.3219552947040256e-09,
      1.0142815060065757e-10,
      8.870451040365879e-10,
      4.2257514154542264e-10,
      2.451077740772689e-08,
      -1.0905051084364459e-07,
      5.8026941474054183e-08,
      -2.8561920828451548e-08,
      -1.5987913215553817e-08
    ],
    [
      1.7502282956272097e-10,
      -4.2189821414240214e-08,
      8.870360002077859e-10,
      2.6155506930081174e-05,
      -8.016847345970746e-07,
      -7.937397640489507e-06,
      -3.926909266738221e-05,
      -1.9042754502152093e-05,
      -7.445601113431621e-06,
      -7.938083399494644e-06
    ],
    [
      2.3558227724151948e-07,
      -0.0005772226140834391,
      4.2257358723318816e-10,
      -8.016835977286974e-07,
      0.001163320615887642,
      -1.2359962511254707e-06,
      1.987758878385648e-06,
      -6.833241968706716e-06,
      0.009865870699286461,
      0.011142894625663757
    ],
    [
      8.411034646549354e-10,
      1.3327246051630937e-05,
      2.4511008334116013e-08,
      -7.937396730994806e-06,
      -1.2360129630906158e-06,
      0.00032406236277893186,
      -1.5755529602756724e-05,
      2.0905747078359127e-05,
      6.614275480387732e-05,
      -2.330272536710254e-06
    ],
    [
      -1.9456367184034207e-08,
      -0.00011693537817336619,
      -1.0905050373821723e-07,
      -3.926910358131863e-05,
      1.987730684049893e-06,
      -1.575543501530774e-05,
      0.03399286046624184,
      -1.371486814605305e-05,
      -0.001355042913928628,
      9.734241757541895e-05
    ],
    [
      -4.966625777313993e-09,
      -1.1016655662388075e-05,
      5.8026941474054183e-08,
      -1.904275268316269e-05,
      -6.833321549493121e-06,
      2.090564157697372e-05,
      -1.371487815049477e-05,
      0.004566201474517584,
      -0.00030618751770816743,
      -2.5036621082108468e-05
    ],
    [
      2.462930751789827e-05,
      0.010693030431866646,
      -2.8561816023398023e-08,
      -7.445469236699864e-06,
      0.009865797124803066,
      6.614437006646767e-05,
      -0.001355037558823824,
      -0.0003061809402424842,
      0.8348360657691956,
      0.8487546443939209
    ],
    [
      2.5407300199731253e-05,
      0.007998990826308727,
      -1.598782084499817e-08,
      -7.937948794278782e-06,
      0.011142821051180363,
      -2.3285533643502276e-06,
      9.734769992064685e-05,
      -2.5029714379343204e-05,
      0.8487548232078552,
      0.8925220370292664
    ]
  ],
  "param_names": [
    "L",
    "RL",
    "C",
    "RC",
    "Rdson",
    "Rload1",
    "Rload2",
    "Rload3",
    "Vin",
    "VF"
  ]
}