{
  "theta_log": [
    1.9810503721237183,
    1.1426517963409424,
    0.49785515666007996,
    0.6970931887626648,
    0.7965894341468811,
    1.1313859224319458,
    2.3220834732055664,
    1.808079481124878,
    1.5687209367752075,
    -0.002633937867358327
  ],
  "Sigma_log": [
    [
      1.4638249012932647e-05,
      1.4718423699378036e-05,
      -1.9722800459476275e-07,
      2.597493775624571e-08,
      1.4624333743995521e-05,
      1.2703212926012952e-09,
      -2.713055557990174e-08,
      -1.3021462130780037e-08,
      7.355718025792157e-06,
      0.000365700398106128
    ],
    [
      1.4718509191880003e-05,
      8.469701424473897e-05,
      -5.606422064374783e-07,
      -2.1629725566185698e-08,
      -8.395272016059607e-05,
      1.519051409104577e-07,
      -4.1457559518676135e-07,
      -6.295754673146803e-08,
      7.3991909630422015e-06,
      0.00026987609453499317
    ],
    [
      -1.9722475030903297e-07,
      -5.606376021205506e-07,
      4.653249561670236e-05,
      2.917886376962997e-07,
      -1.4530807845858362e-07,
      5.97776875110867e-07,
      -5.390876935962297e-07,
      5.947292152086447e-07,
      -9.882816698336683e-08,
      -3.9803389881853946e-06
    ],
    [
      2.5975422701662865e-08,
      -2.1629171342851805e-08,
      2.9178971772125806e-07,
      6.585682058357634e-06,
      -1.1649347442244107e-07,
      -1.3711748181322037e-07,
      -1.9991441035926982e-07,
      -1.721955698030797e-07,
      -1.2017516981543963e-09,
      -6.179866574029802e-08
    ],
    [
      1.4624293726228643e-05,
      -8.395285840379074e-05,
      -1.4531153169627942e-07,
      -1.1649396469692874e-07,
      0.00023787756799720228,
      -2.4744508664298337e-08,
      1.806246530122735e-08,
      -5.948760062324254e-08,
      9.240990038961172e-06,
      0.0005034341593272984
    ],
    [
      1.2704308716138257e-09,
      1.51905226175586e-07,
      5.977773867016367e-07,
      -1.3711749602407508e-07,
      -2.4744304383261806e-08,
      3.7644176131834683e-07,
      -3.255158809167824e-09,
      1.1923818377113093e-08,
      3.500463252592567e-09,
      -8.327515388373286e-08
    ],
    [
      -2.713073321558568e-08,
      -4.1457559518676135e-07,
      -5.390877504396485e-07,
      -1.9991441035926982e-07,
      1.806236937795802e-08,
      -3.255161473703083e-09,
      3.6733333672600565e-06,
      2.3927051451266834e-09,
      -2.98884970106883e-08,
      1.836965140000757e-07
    ],
    [
      -1.302154206683781e-08,
      -6.295761068031425e-08,
      5.947291583652259e-07,
      -1.721955698030797e-07,
      -5.948771786279394e-08,
      1.192379972536628e-08,
      2.3927055892158933e-09,
      1.351017999695614e-06,
      -1.1940172406355032e-08,
      -6.030272459156549e-08
    ],
    [
      7.355717571044806e-06,
      7.3991468525491655e-06,
      -9.882984386422322e-08,
      -1.201992394506135e-09,
      9.24100913834991e-06,
      3.500401968281608e-09,
      -2.988840464013265e-08,
      -1.1940132438326145e-08,
      3.7490954127861187e-06,
      0.00018376008665654808
    ],
    [
      0.00036570033989846706,
      0.0002698739117477089,
      -3.980418114224449e-06,
      -6.181064549082294e-08,
      0.0005034349742345512,
      -8.327783262984667e-08,
      1.837007204130714e-07,
      -6.030061427964029e-08,
      0.00018376007210463285,
      0.009308229200541973
    ]
  ],
  "theta_phys": [
    0.0007250354974530637,
    0.313507080078125,
    0.00016451887495350093,
    0.20079076290130615,
    0.22179634869098663,
    3.099949836730957,
    10.196897506713867,
    6.098723411560059,
    48.005043029785156,
    0.9973695278167725
  ],
  "Sigma_phys": [
    [
      7.694982671890838e-12,
      3.3455529457881994e-09,
      -2.3525755657254586e-14,
      3.78144260695934e-12,
      2.3517423564101136e-09,
      2.8551406031085413e-12,
      -2.0057924765559676e-10,
      -5.7578185275186655e-11,
      2.5601841002753645e-07,
      2.644482890445943e-07
    ],
    [
      3.345572485713433e-09,
      8.324589543917682e-06,
      -2.8916711039550513e-11,
      -1.3615766292218723e-09,
      -5.8376294873596635e-06,
      1.4762996158879105e-07,
      -1.3253149973024847e-06,
      -1.2037439489631652e-07,
      0.00011135723616462201,
      8.438550867140293e-05
    ],
    [
      -2.3525367716164744e-14,
      -2.8916473382434305e-11,
      1.2594698504606039e-12,
      9.63890859490002e-12,
      -5.302246489091722e-12,
      3.048663821392239e-10,
      -9.043639170869255e-10,
      5.967246141658222e-10,
      -7.80518705223443e-10,
      -6.531183371905058e-10
    ],
    [
      3.781513296940986e-12,
      -1.361541768218899e-09,
      9.63894328936954e-12,
      2.6551450105216645e-07,
      -5.187996698907682e-09,
      -8.534757967026962e-08,
      -4.093133441074315e-07,
      -2.1086506762912904e-07,
      -1.1583647818724785e-08,
      -1.2375960700694577e-08
    ],
    [
      2.351735917116571e-09,
      -5.837639037054032e-06,
      -5.30237225654373e-12,
      -5.1880189033681745e-09,
      1.170205905509647e-05,
      -1.7013274344890306e-08,
      4.085069704728994e-08,
      -8.046736610367589e-08,
      9.839199628913775e-05,
      0.00011136614193674177
    ],
    [
      2.85538693384213e-12,
      1.4763004685391934e-07,
      3.0486660418382883e-10,
      -8.534758677569698e-08,
      -1.7013134012699993e-08,
      3.6174883462081198e-06,
      -1.0289514307260106e-07,
      2.254285789149435e-07,
      5.209151936469425e-07,
      -2.574697361978906e-07
    ],
    [
      -2.005805660454385e-10,
      -1.3253151109893224e-06,
      -9.043639170869255e-10,
      -4.093133441074315e-07,
      4.0850480331755534e-08,
      -1.0289523544315671e-07,
      0.00038194115040823817,
      1.487976817315939e-07,
      -1.463049375161063e-05,
      1.8682073914533248e-06
    ],
    [
      -5.75785356893288e-11,
      -1.2037450858315424e-07,
      5.96724558654671e-10,
      -2.1086506762912904e-07,
      -8.046752242307775e-08,
      2.2542822364357562e-07,
      1.4879771015330334e-07,
      5.025034261052497e-05,
      -3.4957181469508214e-06,
      -3.668022259262216e-07
    ],
    [
      2.5601841002753645e-07,
      0.00011135657405247912,
      -7.805319723885873e-10,
      -1.1585967740757042e-08,
      9.839220001595095e-05,
      5.209060986999248e-07,
      -1.4630449186370242e-05,
      -3.4957063235196983e-06,
      0.008639730513095856,
      0.008798206225037575
    ],
    [
      2.6444826062288485e-07,
      8.43848247313872e-05,
      -6.531313267998939e-10,
      -1.2378359670606187e-08,
      0.00011136631655972451,
      -2.574780353370443e-07,
      1.8682500240174704e-06,
      -3.6678937931355904e-07,
      0.008798206225037575,
      0.009259323589503765
    ]
  ],
  "param_names": [
    "L",
    "RL",
    "C",
    "RC",
    "Rdson",
    "Rload1",
    "Rload2",
    "Rload3",
    "Vin",
    "VF"
  ]
}