{
  "theta_log": [
    1.978116512298584,
    1.132261037826538,
    0.48763802647590637,
    0.6681064367294312,
    0.8206713199615479,
    1.1314955949783325,
    2.3200759887695312,
    1.8094251155853271,
    1.568131923675537,
    -0.028204303234815598
  ],
  "Sigma_log": [
    [
      0.000357875571353361,
      0.00036189216189086437,
      -4.13337693316862e-06,
      6.039301752025494e-07,
      0.0003548464155755937,
      4.9355108444615325e-08,
      -6.597900892302277e-07,
      -3.20261676733935e-07,
      0.0001797468139557168,
      0.009158818982541561
    ],
    [
      0.00036190051469020545,
      0.002138615818694234,
      -1.3882809980714228e-05,
      -2.594951524770295e-07,
      -0.002058767480775714,
      3.6839087442785967e-06,
      -9.981851690099575e-06,
      -1.559946326779027e-06,
      0.00018183789507020265,
      0.006743758451193571
    ],
    [
      -4.133481979806675e-06,
      -1.3882833627576474e-05,
      0.0011313754366710782,
      7.588585049234098e-06,
      -7.706866540502233e-07,
      1.4434205695579294e-05,
      -1.613146196177695e-05,
      1.5958896256051958e-05,
      -2.0430650238267845e-06,
      -8.089053153526038e-05
    ],
    [
      6.039177264938189e-07,
      -2.59516383493974e-07,
      7.588512289657956e-06,
      0.00017313669377472252,
      -3.61108891411277e-06,
      -3.4582610624056542e-06,
      -5.135644187248545e-06,
      -4.271331363270292e-06,
      -5.744406905705546e-08,
      -3.1040426620165817e-06
    ],
    [
      0.0003548357344698161,
      -0.0020587872713804245,
      -7.704223889959394e-07,
      -3.611087322497042e-06,
      0.005638144910335541,
      -5.467542791848246e-07,
      3.69562314972427e-07,
      -1.3617940339827328e-06,
      0.0002241377078462392,
      0.012515314854681492
    ],
    [
      4.936588027248945e-08,
      3.683917157104588e-06,
      1.4434365766646806e-05,
      -3.4582596981636016e-06,
      -5.467416031024186e-07,
      9.188333024212625e-06,
      -1.1486603312960142e-07,
      3.0552988050658314e-07,
      9.34641519734214e-08,
      -1.5412999800901162e-06
    ],
    [
      -6.598364166165993e-07,
      -9.981878065445926e-06,
      -1.6131463780766353e-05,
      -5.1356450967432465e-06,
      3.694908059515001e-07,
      -1.1486564233109675e-07,
      8.962528954725713e-05,
      -7.4344317368968404e-09,
      -7.201784910648712e-07,
      4.146193987253355e-06
    ],
    [
      -3.202710843197565e-07,
      -1.5599489415762946e-06,
      1.595889807504136e-05,
      -4.271329999028239e-06,
      -1.361811882816255e-06,
      3.055282604691456e-07,
      -7.434504567527256e-09,
      3.314883724669926e-05,
      -2.896743751534814e-07,
      -1.6231024346780032e-06
    ],
    [
      0.00017974685761146247,
      0.00018183368956670165,
      -2.0430115910130553e-06,
      -5.743785180811756e-08,
      0.00022414312115870416,
      9.345875895405698e-08,
      -7.201550715763005e-07,
      -2.8966968557142536e-07,
      9.159352339338511e-05,
      0.004600020591169596
    ],
    [
      0.00915880873799324,
      0.006743534002453089,
      -8.088769391179085e-05,
      -3.1037384360388387e-06,
      0.012515579350292683,
      -1.541579763397749e-06,
      4.147415893385187e-06,
      -1.6228532331297174e-06,
      0.004600014537572861,
      0.2388903796672821
    ]
  ],
  "theta_phys": [
    0.0007229113834910095,
    0.310266375541687,
    0.00016284652519971132,
    0.19505402445793152,
    0.22720246016979218,
    3.100289821624756,
    10.176447868347168,
    6.106935501098633,
    47.976776123046875,
    0.972189724445343
  ],
  "Sigma_phys": [
    [
      1.870260890601827e-10,
      8.11706328818218e-08,
      -4.865960065436603e-13,
      8.515824156951624e-11,
      5.828254856510284e-08,
      1.1061638410803099e-10,
      -4.853857760167557e-09,
      -1.4138826776033397e-09,
      6.234150987438625e-06,
      6.43688235868467e-06
    ],
    [
      8.117250871464421e-08,
      0.0002058743266388774,
      -7.01440128203501e-10,
      -1.570431074071621e-08,
      -0.0001451292773708701,
      3.543609636835754e-06,
      -3.1516792660113424e-05,
      -2.955750233013532e-06,
      0.0027067626360803843,
      0.0020341724157333374
    ],
    [
      -4.866084206585353e-13,
      -7.014412384265256e-10,
      3.000293416488553e-11,
      2.4104282458914383e-10,
      -2.8514737446250216e-11,
      7.287417780332817e-09,
      -2.673304422273759e-08,
      1.5871014724666566e-08,
      -1.596216314680987e-08,
      -1.2806404825482787e-08
    ],
    [
      8.515649296825245e-11,
      -1.5705595046711096e-08,
      2.4104052087636774e-10,
      6.587170901184436e-06,
      -1.600317460770384e-07,
      -2.091293481498724e-06,
      -1.0194033166044392e-05,
      -5.087934368930291e-06,
      -5.375651994654618e-07,
      -5.886181497771759e-07
    ],
    [
      5.8280793524545516e-08,
      -0.00014513067435473204,
      -2.8504958810016134e-11,
      -1.6003167502276483e-07,
      0.0002910464536398649,
      -3.851301357826742e-07,
      8.544702154722472e-07,
      -1.8895038920163643e-06,
      0.0024431999772787094,
      0.0027644315268844366
    ],
    [
      1.1064052451992268e-10,
      3.5436175949143944e-06,
      7.287498604569009e-09,
      -2.091292572004022e-06,
      -3.8512121136591304e-07,
      8.831638842821121e-05,
      -3.624016244430095e-06,
      5.784679615317145e-06,
      1.3902035789215006e-05,
      -4.645585704565747e-06
    ],
    [
      -4.854198820680722e-09,
      -3.151687633362599e-05,
      -2.673304777545127e-08,
      -1.0194034985033795e-05,
      8.543048579667811e-07,
      -3.6240037388779456e-06,
      0.009281602688133717,
      -4.6202694647945464e-07,
      -0.00035161501727998257,
      4.102011371287517e-05
    ],
    [
      -1.4139243109667632e-09,
      -2.9557550078607164e-06,
      1.5871016501023405e-08,
      -5.087933004688239e-06,
      -1.8895287894338253e-06,
      5.784648692497285e-06,
      -4.620314939529635e-07,
      0.0012362746056169271,
      -8.487200830131769e-05,
      -9.636521099309903e-06
    ],
    [
      6.234152351680677e-06,
      0.0027067000046372414,
      -1.5961745702952612e-08,
      -5.375070486479672e-07,
      0.002443258883431554,
      1.3901233614888042e-05,
      -0.00035160357947461307,
      -8.487063314532861e-05,
      0.2108273059129715,
      0.21455658972263336
    ],
    [
      6.436875082727056e-06,
      0.002034104662016034,
      -1.2805955407202418e-08,
      -5.885603968636133e-07,
      0.0027644899673759937,
      -4.646429260901641e-06,
      4.103220271645114e-05,
      -9.63504226092482e-06,
      0.21455630660057068,
      0.2257879227399826
    ]
  ],
  "param_names": [
    "L",
    "RL",
    "C",
    "RC",
    "Rdson",
    "Rload1",
    "Rload2",
    "Rload3",
    "Vin",
    "VF"
  ]
}