{
  "theta_log": [
    1.977599859237671,
    1.1319324970245361,
    0.48768365383148193,
    0.6680687665939331,
    0.819844126701355,
    1.1314973831176758,
    2.3200743198394775,
    1.809427261352539,
    1.5678709745407104,
    -0.04184345528483391
  ],
  "Sigma_log": [
    [
      1.4438618563872296e-05,
      1.4545997146342415e-05,
      -1.7054587431175605e-07,
      2.4565373735185858e-08,
      1.4390908290806692e-05,
      1.9664034844879552e-09,
      -2.6751724391260723e-08,
      -1.309588348874513e-08,
      7.2500688474974595e-06,
      0.00037449088995344937
    ],
    [
      1.4545998055837117e-05,
      8.527684258297086e-05,
      -5.654630399476446e-07,
      -1.1175859349066286e-08,
      -8.185405022231862e-05,
      1.503915143530321e-07,
      -4.0672540535524604e-07,
      -6.367825733377686e-08,
      7.307065970962867e-06,
      0.00027560439775697887
    ],
    [
      -1.7054551904038817e-07,
      -5.654634378515766e-07,
      4.515458567766473e-05,
      3.0284681429293414e-07,
      -4.0050519345413704e-08,
      5.760737167292973e-07,
      -6.437055048991169e-07,
      6.370955247803067e-07,
      -8.457197253619597e-08,
      -3.40619817507104e-06
    ],
    [
      2.456581249532519e-08,
      -1.1175044889455421e-08,
      3.0284681429293414e-07,
      6.909213425387861e-06,
      -1.4476370324700838e-07,
      -1.3799990483676083e-07,
      -2.0492433350227657e-07,
      -1.7043684863438102e-07,
      -2.3506494528646726e-09,
      -1.2914904345961986e-07
    ],
    [
      1.4390800060937181e-05,
      -8.185413753380999e-05,
      -4.005047316013588e-08,
      -1.447637316687178e-07,
      0.00022511697898153216,
      -2.172002488975977e-08,
      1.5294023825163094e-08,
      -5.5537650922588e-08,
      9.055675036506727e-06,
      0.0005119661218486726
    ],
    [
      1.9663262129654413e-09,
      1.503914148770491e-07,
      5.760714429925429e-07,
      -1.3799991904761555e-07,
      -2.1720097720390186e-08,
      3.6674657621915685e-07,
      -4.607938031142567e-09,
      1.2218427158927625e-08,
      3.798284353706549e-09,
      -6.52346443530405e-08
    ],
    [
      -2.675113819350372e-08,
      -4.0672503587302344e-07,
      -6.437055617425358e-07,
      -2.0492433350227657e-07,
      1.5294913779939634e-08,
      -4.607970449654886e-09,
      3.572500190784922e-06,
      -1.3176049140639634e-10,
      -2.9274673352119862e-08,
      1.751272975525353e-07
    ],
    [
      -1.3095640127858132e-08,
      -6.367802285467405e-08,
      6.370954679368879e-07,
      -1.704368344235263e-07,
      -5.553741289077152e-08,
      1.2218415612608169e-08,
      -1.317600473171865e-10,
      1.3240967291494599e-06,
      -1.1832229418473617e-08,
      -6.814912012487184e-08
    ],
    [
      7.250066573760705e-06,
      7.307063697226113e-06,
      -8.457210043388841e-08,
      -2.350876826540116e-09,
      9.055726877704728e-06,
      3.798318104486498e-09,
      -2.9274964674641524e-08,
      -1.1832354651630794e-08,
      3.692810196298524e-06,
      0.00018803893181029707
    ],
    [
      0.00037449088995344937,
      0.0002756043686531484,
      -3.4062099985021632e-06,
      -1.29159914763477e-07,
      0.0005119690322317183,
      -6.523247719769643e-08,
      1.75111594558075e-07,
      -6.815553632577576e-08,
      0.00018803897546604276,
      0.009897075593471527
    ]
  ],
  "theta_phys": [
    0.0007225380395539105,
    0.3101644515991211,
    0.00016285396122839302,
    0.19504669308662415,
    0.22701458632946014,
    3.100295305252075,
    10.176430702209473,
    6.1069488525390625,
    47.964256286621094,
    0.9590198993682861
  ],
  "Sigma_phys": [
    [
      7.537842745819479e-12,
      3.2598397314842487e-09,
      -2.0067823271185947e-14,
      3.4619650896017262e-12,
      2.3604926902009993e-09,
      4.404903525268011e-12,
      -1.9670164108642751e-10,
      -5.778562350844396e-11,
      2.5125839897555124e-07,
      2.594953514289955e-07
    ],
    [
      3.2598399535288536e-09,
      8.203801371564623e-06,
      -2.8562392034858775e-11,
      -6.761009530009687e-10,
      -5.76349566472345e-06,
      1.4461669195497961e-07,
      -1.2837746226068703e-06,
      -1.2061671839092014e-07,
      0.00010870581172639504,
      8.197959687095135e-05
    ],
    [
      -2.0067780919538585e-14,
      -2.8562412851540486e-11,
      1.197563424294723e-12,
      9.619664440019271e-12,
      -1.4806766923669556e-12,
      2.908569496362645e-10,
      -1.066795096704709e-09,
      6.336174918075699e-10,
      -6.60605958824334e-10,
      -5.319806817283279e-10
    ],
    [
      3.462026889125558e-12,
      -6.760516590986754e-10,
      9.619664440019271e-12,
      2.628486583944323e-07,
      -6.409911712523808e-09,
      -8.344886737177148e-08,
      -4.0675001855561277e-07,
      -2.030141814657327e-07,
      -2.1990960163975615e-08,
      -2.4157801092883346e-08
    ],
    [
      2.36047514867721e-09,
      -5.763501576439012e-06,
      -1.480675066063697e-12,
      -6.409913044791438e-09,
      1.160154351964593e-05,
      -1.5286818921822487e-08,
      3.5332227810158656e-08,
      -7.699554060991431e-08,
      9.860348654910922e-05,
      0.00011146091128466651
    ],
    [
      4.404730486601283e-12,
      1.446165924789966e-07,
      2.908558116576643e-10,
      -8.344887447719884e-08,
      -1.528687043617083e-08,
      3.5251059671281837e-06,
      -1.4538017012455384e-07,
      2.313356901595398e-07,
      5.64817639769899e-07,
      -1.939585843047098e-07
    ],
    [
      -1.9669732509441928e-10,
      -1.283773485738493e-06,
      -1.0667952077270115e-09,
      -4.067500469773222e-07,
      3.5334281278665e-08,
      -1.4538119330609334e-07,
      0.0003699671942740679,
      -8.188512090612221e-09,
      -1.4289113096310757e-05,
      1.7091372228605906e-06
    ],
    [
      -5.778455144933581e-11,
      -1.2061626364356925e-07,
      6.336174918075699e-10,
      -2.0301416725487798e-07,
      -7.699520665482851e-08,
      2.3133547699671908e-07,
      -8.18848366890279e-09,
      4.938195343129337e-05,
      -3.4658405638765544e-06,
      -3.991279413639859e-07
    ],
    [
      2.5125831371042295e-07,
      0.00010870577534660697,
      -6.606069580250562e-10,
      -2.1993086463112377e-08,
      9.860406134976074e-05,
      5.648226419907587e-07,
      -1.4289254977484234e-05,
      -3.4658771710383007e-06,
      0.008495568297803402,
      0.00864954199641943
    ],
    [
      2.594953514289955e-07,
      8.197958959499374e-05,
      -5.319825135963185e-10,
      -2.415983502146446e-08,
      0.00011146155156893656,
      -1.939521325766691e-07,
      1.7089840866901795e-06,
      -3.991655148638529e-07,
      0.008649543859064579,
      0.009102529846131802
    ]
  ],
  "param_names": [
    "L",
    "RL",
    "C",
    "RC",
    "Rdson",
    "Rload1",
    "Rload2",
    "Rload3",
    "Vin",
    "VF"
  ]
}