{
  "L": 0.0007259242702275515,
  "RL": 0.32633569836616516,
  "C": 0.00016369606601074338,
  "RC": 0.20201376080513,
  "Rdson": 0.20174355804920197,
  "Rloads": [
    3.10129451751709,
    10.186942100524902,
    6.107649803161621
  ],
  "Vin": 48.01479721069336,
  "VF": 1.000910758972168
}