{
  "L": 0.0007206632290035486,
  "RL": 0.299270361661911,
  "C": 0.00016021711053326726,
  "RC": 0.19980020821094513,
  "Rdson": 0.25297102332115173,
  "Rloads": [
    3.099245548248291,
    10.167874336242676,
    6.1122145652771
  ],
  "Vin": 48.07209014892578,
  "VF": 1.0553869009017944
}