{
  "L": 0.000725862046238035,
  "RL": 0.3179304599761963,
  "C": 0.00016445234359707683,
  "RC": 0.20075149834156036,
  "Rdson": 0.2152402102947235,
  "Rloads": [
    3.099914312362671,
    10.197966575622559,
    6.099956512451172
  ],
  "Vin": 48.01629638671875,
  "VF": 1.0112779140472412
}