{
  "theta_log": [
    1.9821897745132446,
    1.1566624641418457,
    0.497450590133667,
    0.6968976259231567,
    0.7665845155715942,
    1.131374478340149,
    2.322188377380371,
    1.808281660079956,
    1.5689553022384644,
    0.011214792728424072
  ],
  "Sigma_log": [
    [
      2.2187758077052422e-05,
      2.2338441340252757e-05,
      -2.9923859301561606e-07,
      3.919097224525103e-08,
      2.2098247427493334e-05,
      1.9129147155183546e-09,
      -4.136492748330056e-08,
      -1.9640413739807627e-08,
      1.1152962542837486e-05,
      0.0005468613235279918
    ],
    [
      2.233864870504476e-05,
      0.00012608147517312318,
      -8.472169383821893e-07,
      -3.1399515876273654e-08,
      -0.00013054418377578259,
      2.279118831438609e-07,
      -6.227860467333812e-07,
      -9.46205034324521e-08,
      1.1233533768972848e-05,
      0.0004056110337842256
    ],
    [
      -2.9924174782536284e-07,
      -8.472158583572309e-07,
      7.067011028993875e-05,
      4.4341794591673533e-07,
      -2.1096637681239372e-07,
      9.088440151572286e-07,
      -8.333798859894159e-07,
      9.013797352963593e-07,
      -1.499594333154164e-07,
      -5.952216270088684e-06
    ],
    [
      3.9189863798583247e-08,
      -3.1400691824501337e-08,
      4.434186848811805e-07,
      1.0018277862400282e-05,
      -1.8631635612109676e-07,
      -2.0851730653248524e-07,
      -3.0381548299374117e-07,
      -2.6220220661343774e-07,
      -2.0121930788263853e-09,
      -1.0255143934045918e-07
    ],
    [
      2.209769081673585e-05,
      -0.000130544911371544,
      -2.1095415547733865e-07,
      -1.86315446626395e-07,
      0.0003833230584859848,
      -3.873669740528385e-08,
      2.9677442725528635e-08,
      -9.243566978511808e-08,
      1.4077739251661114e-05,
      0.0007584671839140356
    ],
    [
      1.9132253559206447e-09,
      2.2791230946950236e-07,
      9.088429919756891e-07,
      -2.085172781107758e-07,
      -3.873643450447162e-08,
      5.721532261304674e-07,
      -5.143761860892937e-09,
      1.811097760651137e-08,
      5.315975215580693e-09,
      -1.2529608284239657e-07
    ],
    [
      -4.1365186831399114e-08,
      -6.227857625162869e-07,
      -8.333801702065102e-07,
      -3.0381553983716003e-07,
      2.967642132034598e-08,
      -5.143824921560736e-09,
      5.584408427239396e-06,
      3.483866084508236e-09,
      -4.552151722236886e-08,
      2.7313080863677897e-07
    ],
    [
      -1.963984175290534e-08,
      -9.461975736257955e-08,
      9.013795079226838e-07,
      -2.6220223503514717e-07,
      -9.243535714631435e-08,
      1.8111055766212303e-08,
      3.4838674167758654e-09,
      2.053985326710972e-06,
      -1.8084424624476014e-08,
      -8.628194336779416e-08
    ],
    [
      1.1152955266879871e-05,
      1.1233423720113933e-05,
      -1.499577706454147e-07,
      -2.0116388554924924e-09,
      1.4078010281082243e-05,
      5.3158042412349005e-09,
      -4.5521375113821705e-08,
      -1.808470528885664e-08,
      5.6866451814130414e-06,
      0.00027488020714372396
    ],
    [
      0.0005468610324896872,
      0.00040560562047176063,
      -5.952131687081419e-06,
      -1.0252436766222672e-07,
      0.0007584806298837066,
      -1.2530375670394278e-07,
      2.7313771511217055e-07,
      -8.629562131545754e-08,
      0.00027488029445521533,
      0.013733522966504097
    ]
  ],
  "theta_phys": [
    0.000725862046238035,
    0.3179304599761963,
    0.00016445234359707683,
    0.20075149834156036,
    0.2152402102947235,
    3.099914312362671,
    10.197966575622559,
    6.099956512451172,
    48.01629638671875,
    1.0112779140472412
  ],
  "Sigma_phys": [
    [
      1.1690191349666978e-11,
      5.155123439237741e-09,
      -3.572002651888555e-14,
      5.710825909388539e-12,
      3.4525129422036116e-09,
      4.304269180660514e-12,
      -3.061963183004224e-10,
      -8.696238867900163e-11,
      3.887165007654403e-07,
      4.014226249182684e-07
    ],
    [
      5.155171400872405e-09,
      1.2744288142130245e-05,
      -4.429623681745376e-11,
      -2.0040746839811163e-09,
      -8.93332344276132e-06,
      2.2462019444446923e-07,
      -2.0192244392092107e-06,
      -1.8350341690620553e-07,
      0.00017148935876321048,
      0.00013041046622674912
    ],
    [
      -3.572040260151413e-14,
      -4.429618130630253e-11,
      1.9112430822004756e-12,
      1.4639024367713027e-11,
      -7.467525729720759e-12,
      4.633179118140873e-10,
      -1.3976443336005673e-09,
      9.042210313836563e-10,
      -1.1841385649802305e-09,
      -9.898953878817451e-10
    ],
    [
      5.7106645801052736e-12,
      -2.004149513012976e-09,
      1.463904865384169e-11,
      4.0374825971412065e-07,
      -8.050691668870513e-09,
      -1.2976290975075244e-07,
      -6.219883630365075e-07,
      -3.210863610547676e-07,
      -1.9396219741452114e-08,
      -2.081953809351944e-08
    ],
    [
      3.452426122763086e-09,
      -8.933373464969918e-06,
      -7.467092916213502e-12,
      -8.050652589020046e-09,
      1.7758724425220862e-05,
      -2.5846139450891314e-08,
      6.514235906251997e-08,
      -1.213639677644096e-07,
      0.00014549396291840822,
      0.00016509379202034324
    ],
    [
      4.3049678405404634e-12,
      2.2462060655925598e-07,
      4.6331741221372624e-10,
      -1.2976289553989773e-07,
      -2.5845965367921053e-08,
      5.498088739841478e-06,
      -1.6260882773622143e-07,
      3.4246667723891733e-07,
      7.912637443041604e-07,
      -3.9278754115912307e-07
    ],
    [
      -3.0619820567956424e-10,
      -2.019223529714509e-06,
      -1.3976447776897771e-09,
      -6.219885335667641e-07,
      6.514012085290233e-08,
      -1.6261081725588156e-07,
      0.0005807702546007931,
      2.167213750681185e-07,
      -2.2290456399787217e-05,
      2.8167921755084535e-06
    ],
    [
      -8.695985598272671e-11,
      -1.8350196739902458e-07,
      9.042207538279001e-10,
      -3.210864178981865e-07,
      -1.2136354143876815e-07,
      3.424681551678077e-07,
      2.167214745441015e-07,
      7.642769924132153e-05,
      -5.2968794079788495e-06,
      -5.322518745742855e-07
    ],
    [
      3.887162449700554e-07,
      0.0001714876852929592,
      -1.18412546434854e-09,
      -1.9390878236436038e-08,
      0.00014549675688613206,
      7.912383352959296e-07,
      -2.2290389097179286e-05,
      -5.29696171724936e-06,
      0.013110928237438202,
      0.013347583822906017
    ],
    [
      4.0142239754459297e-07,
      0.00013040871999692172,
      -9.898812880493324e-10,
      -2.0814042045458336e-08,
      0.00016509671695530415,
      -3.928116143470106e-07,
      2.8168633434688672e-06,
      -5.323362302078749e-07,
      0.01334758847951889,
      0.014045041054487228
    ]
  ],
  "param_names": [
    "L",
    "RL",
    "C",
    "RC",
    "Rdson",
    "Rload1",
    "Rload2",
    "Rload3",
    "Vin",
    "VF"
  ]
}