{
  "theta_log": [
    1.9822754859924316,
    1.1827564239501953,
    0.4928412437438965,
    0.703165590763092,
    0.7018271684646606,
    1.1318196058273315,
    2.3211066722869873,
    1.8095420598983765,
    1.5689241886138916,
    0.000910344475414604
  ],
  "Sigma_log": [
    [
      0.0005679414607584476,
      0.0005736654857173562,
      -6.602669600397348e-06,
      8.29186205919541e-07,
      0.000564935733564198,
      7.177224858878617e-08,
      -1.0793825140353874e-06,
      -5.003425940230954e-07,
      0.0002855313359759748,
      0.0141343018040061
    ],
    [
      0.0005736620514653623,
      0.0030889392364770174,
      -2.195779416069854e-05,
      -1.5957849086589704e-07,
      -0.0034827652852982283,
      5.655053882946959e-06,
      -1.551504828967154e-05,
      -2.4388980364165036e-06,
      0.00028852405375801027,
      0.010634143836796284
    ],
    [
      -6.60315754430485e-06,
      -2.1958272554911673e-05,
      0.001789403846487403,
      1.1484646165627055e-05,
      5.046003934694454e-07,
      2.377235796302557e-05,
      -2.3122853235690854e-05,
      2.552979094616603e-05,
      -3.270700517532532e-06,
      -0.00012509794032666832
    ],
    [
      8.291812036986812e-07,
      -1.5957142807110358e-07,
      1.1484597052913159e-05,
      0.0002522613212931901,
      -7.172564437496476e-06,
      -5.241761300567305e-06,
      -7.82615734351566e-06,
      -6.539482455991674e-06,
      -1.4947795534681063e-07,
      -7.98633845988661e-06
    ],
    [
      0.0005649457452818751,
      -0.0034827529452741146,
      5.051635980635183e-07,
      -7.1725339694239665e-06,
      0.011056177318096161,
      -9.316252089774935e-07,
      8.163463576238428e-07,
      -2.3596307983098086e-06,
      0.00036485830787569284,
      0.01994337886571884
    ],
    [
      7.176270599984491e-08,
      5.655037057294976e-06,
      2.3772407075739466e-05,
      -5.241760391072603e-06,
      -9.316269711234781e-07,
      1.4514615941152442e-05,
      -1.6377548206492065e-07,
      5.02790612699755e-07,
      1.481455456087133e-07,
      -2.597793354652822e-06
    ],
    [
      -1.0793980891321553e-06,
      -1.5515057384618558e-05,
      -2.3122847778722644e-05,
      -7.826159162505064e-06,
      8.16318504348601e-07,
      -1.6377362044295296e-07,
      0.00014112934877630323,
      3.107493995457844e-08,
      -1.1742699825845193e-06,
      6.42542727291584e-06
    ],
    [
      -5.003565775041352e-07,
      -2.43891167883703e-06,
      2.552979094616603e-05,
      -6.5394810917496216e-06,
      -2.3596446681040106e-06,
      5.027894758313778e-07,
      3.107490798015533e-08,
      5.218684964347631e-05,
      -4.607950359059032e-07,
      -2.048363967332989e-06
    ],
    [
      0.00028553142328746617,
      0.00028852582909166813,
      -3.270453817094676e-06,
      -1.4947545423638076e-07,
      0.0003648534184321761,
      1.4815043414273532e-07,
      -1.1742625929400674e-06,
      -4.6078807258709276e-07,
      0.0001456032186979428,
      0.007105827797204256
    ],
    [
      0.014134305529296398,
      0.010634235106408596,
      -0.00012508574582170695,
      -7.986190212250222e-06,
      0.019943132996559143,
      -2.5975632524932735e-06,
      6.425814717658795e-06,
      -2.048017677225289e-06,
      0.007105827797204256,
      0.35840559005737305
    ]
  ],
  "theta_phys": [
    0.0007259242702275515,
    0.32633569836616516,
    0.00016369606601074338,
    0.20201376080513,
    0.20174355804920197,
    3.10129451751709,
    10.186942100524902,
    6.107649803161621,
    48.01479721069336,
    1.000910758972168
  ],
  "Sigma_phys": [
    [
      2.9928587386152117e-10,
      1.3589848890660505e-07,
      -7.846014419762848e-13,
      1.21597412694463e-10,
      8.273514850998254e-08,
      1.6158122062570612e-10,
      -7.981977745430413e-09,
      -2.218364603123746e-09,
      9.952224900189321e-06,
      1.0269777703797445e-05
    ],
    [
      1.3589766467703157e-07,
      0.00032895655022002757,
      -1.1729824889172846e-09,
      -1.052010034641171e-08,
      -0.00022929177794139832,
      5.723271442548139e-06,
      -5.1577651902334765e-05,
      -4.861075467488263e-06,
      0.004520867019891739,
      0.0034734613727778196
    ],
    [
      -7.846594467925128e-13,
      -1.1730081350691535e-09,
      4.794958527454263e-11,
      3.797841485742026e-10,
      1.6664239432806482e-11,
      1.2068506194395923e-08,
      -3.855879882053159e-08,
      2.5524640179241942e-08,
      -2.5707162620847157e-08,
      -2.0496690567028963e-08
    ],
    [
      1.215966771717092e-10,
      -1.0519635829098206e-08,
      3.797825109952413e-10,
      1.0294673302269075e-05,
      -2.9231767939563724e-07,
      -3.2839855066413293e-06,
      -1.610546860320028e-05,
      -8.068604984146077e-06,
      -1.4498837117571384e-06,
      -1.6148196664289571e-06
    ],
    [
      8.27366122280182e-08,
      -0.00022929096303414553,
      1.6682839137915906e-11,
      -2.9231645726213173e-07,
      0.0004499915230553597,
      -5.828864004797651e-07,
      1.6777141809143359e-06,
      -2.907487441916601e-06,
      0.0035342643968760967,
      0.004027112387120724
    ],
    [
      1.6155973781017963e-10,
      5.723254616896156e-06,
      1.2068531063391674e-08,
      -3.283984824520303e-06,
      -5.828874805047235e-07,
      0.00013960197975393385,
      -5.17411081091268e-06,
      9.523669177724514e-06,
      2.2060061382944696e-05,
      -8.063860150286928e-06
    ],
    [
      -7.982093208624974e-09,
      -5.1577677368186414e-05,
      -3.8558791715104235e-08,
      -1.6105472241179086e-05,
      1.6776568827481242e-06,
      -5.1740521485044155e-06,
      0.014645527116954327,
      1.933429075506865e-06,
      -0.0005743635701946914,
      6.551506521645933e-05
    ],
    [
      -2.21842655356852e-09,
      -4.861102297581965e-06,
      2.5524638402885103e-08,
      -8.068603165156674e-06,
      -2.907504494942259e-06,
      9.523647349851672e-06,
      1.9334272565174615e-06,
      0.0019467462552711368,
      -0.00013513163139577955,
      -1.252208403457189e-05
    ],
    [
      9.952228538168129e-06,
      0.00452089449390769,
      -2.5705222839178532e-08,
      -1.4498596101475414e-06,
      0.0035342166665941477,
      2.2060788978706114e-05,
      -0.0005743599613197148,
      -0.00013512959412764758,
      0.3356766700744629,
      0.3414956331253052
    ],
    [
      1.026978043228155e-05,
      0.0034734909422695637,
      -2.0494693941941478e-08,
      -1.6147896531037986e-06,
      0.004027063027024269,
      -8.063146196946036e-06,
      6.551901606144384e-05,
      -1.2519966730906162e-05,
      0.3414956331253052,
      0.3590587377548218
    ]
  ],
  "param_names": [
    "L",
    "RL",
    "C",
    "RC",
    "Rdson",
    "Rload1",
    "Rload2",
    "Rload3",
    "Vin",
    "VF"
  ]
}