{
  "theta_log": [
    1.9750016927719116,
    1.0961772203445435,
    0.47135961055755615,
    0.6921477317810059,
    0.9281047582626343,
    1.131158709526062,
    2.3192331790924072,
    1.8102891445159912,
    1.570116639137268,
    0.05390743166208267
  ],
  "Sigma_log": [
    [
      0.0022265189327299595,
      0.002249134471639991,
      -1.4060431567486376e-05,
      8.395008990191855e-07,
      0.00221802294254303,
      5.19926288689021e-07,
      -4.388545676192734e-06,
      -1.6244621292571537e-06,
      0.001120728556998074,
      0.05266507714986801
    ],
    [
      0.0022491500712931156,
      0.014004291035234928,
      -7.706341420998797e-05,
      -4.0839850043994375e-06,
      -0.011619285680353642,
      2.3937609512358904e-05,
      -6.43666135147214e-05,
      -9.729789780976716e-06,
      0.0011326082749292254,
      0.03839497268199921
    ],
    [
      -1.4061772162676789e-05,
      -7.706444739596918e-05,
      0.006856859661638737,
      4.629137765732594e-05,
      3.2933785405475646e-06,
      8.605013863416389e-05,
      -0.00010355551785323769,
      9.879424760583788e-05,
      -6.925521120138001e-06,
      -0.00018922373419627547
    ],
    [
      8.393107009396772e-07,
      -4.084217835043091e-06,
      4.629123941413127e-05,
      0.0010178234660997987,
      -2.275093356729485e-05,
      -2.0423742171260528e-05,
      -3.106090662186034e-05,
      -2.552952901169192e-05,
      -1.7865472727862652e-06,
      -8.641529711894691e-05
    ],
    [
      0.002218019450083375,
      -0.011619309894740582,
      3.29515364683175e-06,
      -2.27508044190472e-05,
      0.028471598401665688,
      -2.671057018233114e-06,
      1.1137589126519742e-06,
      -7.459548214683309e-06,
      0.001370025216601789,
      0.06995458900928497
    ],
    [
      5.199967176849896e-07,
      2.3937667720019817e-05,
      8.605016046203673e-05,
      -2.0423749447218142e-05,
      -2.6709669782576384e-06,
      5.526348468265496e-05,
      -7.50422486817115e-07,
      1.8561241859060829e-06,
      6.890641088830307e-07,
      -3.759167157113552e-06
    ],
    [
      -4.388713023217861e-06,
      -6.436672993004322e-05,
      -0.00010355551785323769,
      -3.106090662186034e-05,
      1.1135182376165176e-06,
      -7.504264090130164e-07,
      0.0005380087532103062,
      -1.2368559509923216e-07,
      -4.6269460654002614e-06,
      1.6503094229847193e-05
    ],
    [
      -1.6245368215095368e-06,
      -9.729826160764787e-06,
      9.879424760583788e-05,
      -2.5529530830681324e-05,
      -7.459672815457452e-06,
      1.8561250954007846e-06,
      -1.2368583668376232e-07,
      0.00019989613792859018,
      -1.6228204913204536e-06,
      -5.181500455364585e-07
    ],
    [
      0.0011207293719053268,
      0.0011326009407639503,
      -6.9248449108272325e-06,
      -1.7864526853372809e-06,
      0.001370027894154191,
      6.890287522764993e-07,
      -4.626862391887698e-06,
      -1.6227829746640055e-06,
      0.0005721879424527287,
      0.026508627459406853
    ],
    [
      0.05266506224870682,
      0.038394585251808167,
      -0.00018919157446362078,
      -8.641092426842079e-05,
      0.06995466351509094,
      -3.760811296160682e-06,
      1.6507203326909803e-05,
      -5.163303171684674e-07,
      0.02650860883295536,
      1.2692068815231323
    ]
  ],
  "theta_phys": [
    0.0007206632290035486,
    0.299270361661911,
    0.00016021711053326726,
    0.19980020821094513,
    0.25297102332115173,
    3.099245548248291,
    10.167874336242676,
    6.1122145652771,
    48.07209014892578,
    1.0553869009017944
  ],
  "Sigma_phys": [
    [
      1.1563547896997761e-09,
      4.850779191656329e-07,
      -1.623453650158313e-12,
      1.2087861267495725e-10,
      4.0436091808260244e-07,
      1.1612617534240144e-09,
      -3.2157565499346674e-08,
      -7.155509074152633e-09,
      3.8826281524961814e-05,
      4.0055929275695235e-05
    ],
    [
      4.850812729273457e-07,
      0.0012542628683149815,
      -3.6950544846092725e-09,
      -2.4419895794380864e-07,
      -0.0008796580950729549,
      2.220242822659202e-05,
      -0.00019586396228987724,
      -1.779777812771499e-05,
      0.0162943284958601,
      0.01212689932435751
    ],
    [
      -1.623608474228544e-12,
      -3.6951042226007758e-09,
      1.7601231583341814e-10,
      1.4818524185500337e-09,
      1.3348157301695807e-10,
      4.272838083352326e-08,
      -1.686989321569854e-07,
      9.67473710034028e-08,
      -5.3340166061843775e-08,
      -3.199603781922633e-08
    ],
    [
      1.2085123179961244e-10,
      -2.442128561597201e-07,
      1.4818478666356327e-09,
      4.06316394219175e-05,
      -1.1499155334604438e-06,
      -1.264699221792398e-05,
      -6.310157914413139e-05,
      -3.117721644230187e-05,
      -1.715945290925447e-05,
      -1.8222093785880134e-05
    ],
    [
      4.0436029280499497e-07,
      -0.0008796599577181041,
      1.3355351546895378e-10,
      -1.1499090533106937e-06,
      0.0018220210913568735,
      -2.0941604361723876e-06,
      2.8647855287999846e-06,
      -1.1534051736816764e-05,
      0.016660666093230247,
      0.0186766367405653
    ],
    [
      1.1614190720266038e-09,
      2.2202482796274126e-05,
      4.27283914916643e-08,
      -1.2646995855902787e-05,
      -2.0940897229593247e-06,
      0.0005308235995471478,
      -2.3647868147236295e-05,
      3.5161028790753335e-05,
      0.0001026617392199114,
      -1.229587087436812e-05
    ],
    [
      -3.215879118556586e-08,
      -0.00019586431153584272,
      -1.6869891794613068e-07,
      -6.310157914413139e-05,
      2.864166617655428e-06,
      -2.3647991838515736e-05,
      0.055622395128011703,
      -7.686840945098083e-06,
      -0.002261609537526965,
      0.00017709539679344743
    ],
    [
      -7.155838144257132e-09,
      -1.779784361133352e-05,
      9.674736389797545e-08,
      -3.1177220080280676e-05,
      -1.1534243640198838e-05,
      3.516105061862618e-05,
      -7.686856406508014e-06,
      0.007467953488230705,
      -0.00047682836884632707,
      -3.3424571483919863e-06
    ],
    [
      3.882631062879227e-05,
      0.016294222325086594,
      -5.333495778359065e-08,
      -1.71585452335421e-05,
      0.016660699620842934,
      0.00010265647142659873,
      -0.002261568559333682,
      -0.00047681733849458396,
      1.3222838640213013,
      1.3449060916900635
    ],
    [
      4.0055914723780006e-05,
      0.01212677638977766,
      -3.199059861458409e-08,
      -1.8221169739263132e-05,
      0.01867665722966194,
      -1.2301248716539703e-05,
      0.00017713947454467416,
      -3.330718300276203e-06,
      1.344905138015747,
      1.4136953353881836
    ]
  ],
  "param_names": [
    "L",
    "RL",
    "C",
    "RC",
    "Rdson",
    "Rload1",
    "Rload2",
    "Rload3",
    "Vin",
    "VF"
  ]
}