{
  "L": 0.0007253715302795172,
  "RL": 0.31364041566848755,
  "C": 0.00016451382543891668,
  "RC": 0.2007925808429718,
  "Rdson": 0.22192351520061493,
  "Vin": 48.01627731323242,
  "VF": 1.009013295173645,
  "Rloads": [
    3.0999538898468018,
    10.196916580200195,
    6.0987348556518555
  ]
}