{
  "L": 0.0007257731631398201,
  "RL": 0.31376969814300537,
  "C": 0.0001563668338349089,
  "RC": 0.18947753310203552,
  "Rdson": 0.23216795921325684,
  "Rloads": [
    3.0992887020111084,
    10.15328598022461,
    6.110424041748047
  ],
  "Vin": 48.129180908203125,
  "VF": 1.0917010307312012
}