{
  "L": 0.00072537234518677,
  "RL": 0.3136448264122009,
  "C": 0.0001645134761929512,
  "RC": 0.2007923424243927,
  "Rdson": 0.22191882133483887,
  "Rloads": [
    3.099950075149536,
    10.1968994140625,
    6.098732948303223
  ],
  "Vin": 48.016300201416016,
  "VF": 1.0090274810791016
}