{
  "L": 0.0007257731049321592,
  "RL": 0.31376996636390686,
  "C": 0.0001563668338349089,
  "RC": 0.18947753310203552,
  "Rdson": 0.23216739296913147,
  "Vin": 48.129173278808594,
  "VF": 1.0916897058486938,
  "Rloads": [
    3.0992887020111084,
    10.15328598022461,
    6.110424518585205
  ]
}