{
  "L": 0.0007257439428940415,
  "RL": 0.3120217025279999,
  "C": 0.00016276139649562538,
  "RC": 0.19509442150592804,
  "Rdson": 0.22779810428619385,
  "Rloads": [
    3.100306749343872,
    10.176003456115723,
    6.107148170471191
  ],
  "Vin": 48.072303771972656,
  "VF": 1.067617416381836
}