{
  "L": 0.0007257448742166162,
  "RL": 0.3120211362838745,
  "C": 0.00016276139649562538,
  "RC": 0.19509439170360565,
  "Rdson": 0.22779953479766846,
  "Vin": 48.07232666015625,
  "VF": 1.067652940750122,
  "Rloads": [
    3.100306749343872,
    10.176003456115723,
    6.107148170471191
  ]
}