{
  "theta_log": [
    1.9815138578414917,
    1.1430768966674805,
    0.49782443046569824,
    0.6971022486686707,
    0.797162652015686,
    1.1313872337341309,
    2.322085380554199,
    1.8080813884735107,
    1.5689549446105957,
    0.008972917683422565
  ],
  "Sigma_log": [
    [
      1.2814722140319645e-05,
      1.335738124907948e-05,
      -1.806030809348158e-07,
      2.6687690279914023e-08,
      1.2129780770919751e-05,
      1.695941387325206e-09,
      -2.845295021813854e-08,
      -1.2940231997049523e-08,
      6.4407704485347494e-06,
      0.00031577516347169876
    ],
    [
      1.3357209354580846e-05,
      8.324477676069364e-05,
      -5.534653837457881e-07,
      -2.201858073647145e-08,
      -8.512444765074179e-05,
      1.5470338610157341e-07,
      -4.214924445022916e-07,
      -6.381041117720088e-08,
      6.717944870615611e-06,
      0.00023324807989411056
    ],
    [
      -1.8060899265037733e-07,
      -5.534719207389571e-07,
      4.6391192881856114e-05,
      2.906909912780975e-07,
      -1.2473809363200417e-07,
      5.960034172858286e-07,
      -5.369910240915488e-07,
      5.931688633609156e-07,
      -9.073809081883155e-08,
      -3.511261638777796e-06
    ],
    [
      2.668737053568293e-08,
      -2.2018825873715286e-08,
      2.906910765432258e-07,
      6.567557647940703e-06,
      -1.1604645777651967e-07,
      -1.3673212606590823e-07,
      -1.9933334272081993e-07,
      -1.7170651744891074e-07,
      -1.0577418940727057e-09,
      -5.436668715219639e-08
    ],
    [
      1.2130059985793196e-05,
      -8.512396016158164e-05,
      -1.2473361721276888e-07,
      -1.1604601013459614e-07,
      0.00023293726553674787,
      -2.373893259743909e-08,
      1.665061688527203e-08,
      -5.992295371015643e-08,
      7.977563655003905e-06,
      0.00043414984247647226
    ],
    [
      1.6957427684261006e-09,
      1.5470340031242813e-07,
      5.960034172858286e-07,
      -1.3673215448761766e-07,
      -2.3739543664191842e-08,
      3.753891633095918e-07,
      -3.262009329318971e-09,
      1.1914195852114062e-08,
      3.7718521639362734e-09,
      -7.355633613315149e-08
    ],
    [
      -2.8452284084323765e-08,
      -4.214922455503256e-07,
      -5.369910240915488e-07,
      -1.9933334272081993e-07,
      1.6652286660701066e-08,
      -3.262024650396711e-09,
      3.659259164123796e-06,
      2.5491631028273787e-09,
      -3.081651911429617e-08,
      1.6160029758793826e-07
    ],
    [
      -1.2940098770286568e-08,
      -6.381046091519238e-08,
      5.931688633609156e-07,
      -1.7170651744891074e-07,
      -5.992251317366026e-08,
      1.1914197628470902e-08,
      2.5491633248719836e-09,
      1.3486350098901312e-06,
      -1.1991785342502226e-08,
      -5.339322584063666e-08
    ],
    [
      6.440771358029451e-06,
      6.718033091601683e-06,
      -9.073512785562343e-08,
      -1.0575805786672277e-09,
      7.977424502314534e-06,
      3.771953416276119e-09,
      -3.0816860174809335e-08,
      -1.1991853732240543e-08,
      3.289788310212316e-06,
      0.0001587047299835831
    ],
    [
      0.00031577536719851196,
      0.0002332525182282552,
      -3.511116346999188e-06,
      -5.435843064560686e-08,
      0.0004341432359069586,
      -7.355138365028324e-08,
      1.6158318771886115e-07,
      -5.339674657989235e-08,
      0.00015870481729507446,
      0.007948103360831738
    ]
  ],
  "theta_phys": [
    0.0007253715884871781,
    0.31364041566848755,
    0.00016451382543891668,
    0.2007925808429718,
    0.22192351520061493,
    3.0999538898468018,
    10.196916580200195,
    6.0987348556518555,
    48.01627731323242,
    1.009013295173645
  ],
  "Sigma_phys": [
    [
      6.742644637069972e-12,
      3.0388822569449303e-09,
      -2.1552026588616928e-14,
      3.887041730155083e-12,
      1.9526158467897403e-09,
      3.813525016604924e-12,
      -2.104537655256422e-10,
      -5.7245631845948e-11,
      2.243297245740905e-07,
      2.3111887514914997e-07
    ],
    [
      3.0388433991390684e-09,
      8.188814717868809e-06,
      -2.8557808895435244e-11,
      -1.3866567893927595e-09,
      -5.925017831032164e-06,
      1.5041358381040482e-07,
      -1.3480023426382104e-06,
      -1.2205717325741716e-07,
      0.00010117121564690024,
      7.381539762718603e-05
    ],
    [
      -2.1552731320029044e-14,
      -2.8558145431789583e-11,
      1.2555683489429148e-12,
      9.602440370626297e-12,
      -4.554123571309798e-12,
      3.0395297390128917e-10,
      -9.008205292815319e-10,
      5.951418802219166e-10,
      -7.167711424393985e-10,
      -5.828576510324979e-10
    ],
    [
      3.886994892621232e-12,
      -1.3866722214928018e-09,
      9.60244384007325e-12,
      2.6478855374989507e-07,
      -5.171099548562097e-09,
      -8.510860283195143e-08,
      -4.0812807355905534e-07,
      -2.1026849594818486e-07,
      -1.0198019317897433e-08,
      -1.1014821055255197e-08
    ],
    [
      1.95266092184454e-09,
      -5.924983724980848e-06,
      -4.5539600736221875e-12,
      -5.171079564547654e-09,
      1.1472171536297537e-05,
      -1.6331261676327813e-08,
      3.7679274811353025e-08,
      -8.110288263196708e-08,
      8.500844705849886e-05,
      9.721647074911743e-05
    ],
    [
      3.81307832530986e-12,
      1.5041361223211425e-07,
      3.0395297390128917e-10,
      -8.51086241482335e-08,
      -1.633168267289875e-08,
      3.6073827232030453e-06,
      -1.0311202203183711e-07,
      2.2524736209561524e-07,
      5.614335805148585e-07,
      -2.3007646632322576e-07
    ],
    [
      -2.1044883891097044e-10,
      -1.3480018878908595e-06,
      -9.008205847926831e-10,
      -4.0812807355905534e-07,
      3.768305134599359e-08,
      -1.0311251230632479e-07,
      0.00038047917769290507,
      1.5852809553962288e-07,
      -1.5088320651557297e-05,
      1.6626770502625732e-06
    ],
    [
      -5.724504550941312e-11,
      -1.2205727273340017e-07,
      5.951418247107654e-10,
      -2.1026849594818486e-07,
      -8.110228577606904e-08,
      2.252474047281794e-07,
      1.585281097504776e-07,
      5.0161892431788146e-05,
      -3.511657041599392e-06,
      -3.285661307472765e-07
    ],
    [
      2.2432978141750937e-07,
      0.00010117253987118602,
      -7.16747716733579e-10,
      -1.0196465005662958e-08,
      8.500696276314557e-05,
      5.614486440208566e-07,
      -1.5088488908077125e-05,
      -3.5116768231091555e-06,
      0.007584813516587019,
      0.007689095567911863
    ],
    [
      2.3111901725769712e-07,
      7.381680916296318e-05,
      -5.828335036817123e-10,
      -1.1013147727112482e-08,
      9.721499372972175e-05,
      -2.300609907024409e-07,
      1.6625010630377801e-06,
      -3.2858778808986244e-07,
      0.007689099758863449,
      0.008092026226222515
    ]
  ],
  "param_names": [
    "L",
    "RL",
    "C",
    "RC",
    "Rdson",
    "Rloads1",
    "Rloads2",
    "Rloads3",
    "Vin",
    "VF"
  ]
}