{
  "theta_log": [
    1.982067346572876,
    1.143489122390747,
    0.4470345973968506,
    0.6391003131866455,
    0.8422908782958984,
    1.1311726570129395,
    2.3177974224090576,
    1.8099961280822754,
    1.5713036060333252,
    0.0877370610833168
  ],
  "Sigma_log": [
    [
      0.00013920250057708472,
      0.0004426273808348924,
      -4.080502094438998e-06,
      2.870461457860074e-06,
      -0.00025618233485147357,
      3.5598336012299114e-07,
      -2.938538273156155e-06,
      -9.982868505176157e-07,
      7.045459642540663e-05,
      0.002686836989596486
    ],
    [
      0.00044262781739234924,
      0.006699760910123587,
      -4.096526390640065e-05,
      -4.154670705247554e-07,
      -0.007617283146828413,
      1.3269867849885486e-05,
      -3.57343815267086e-05,
      -5.730805696657626e-06,
      0.00023225811310112476,
      0.0020510083995759487
    ],
    [
      -4.080515736859525e-06,
      -4.0965369407786056e-05,
      0.0040286146104335785,
      2.8523798391688615e-05,
      1.0308730452379677e-05,
      4.933430682285689e-05,
      -6.726689753122628e-05,
      6.026178380125202e-05,
      -1.9111291749140946e-06,
      -8.38279265735764e-06
    ],
    [
      2.870458274628618e-06,
      -4.1550535456735815e-07,
      2.8523820219561458e-05,
      0.0007235878147184849,
      -1.467144102207385e-05,
      -1.3401280739344656e-05,
      -2.0204048269079067e-05,
      -1.631468148843851e-05,
      -5.229205157775141e-08,
      -2.8879276214865968e-06
    ],
    [
      -0.0002561841392889619,
      -0.007617287337779999,
      1.030871135299094e-05,
      -1.4671491044282448e-05,
      0.016499588266015053,
      -2.6689613719099725e-07,
      -2.774806262095808e-06,
      -4.7739208639541175e-06,
      3.138220927212387e-05,
      0.0034008752554655075
    ],
    [
      3.559835022315383e-07,
      1.3269856026454363e-05,
      4.933425225317478e-05,
      -1.3401279829849955e-05,
      -2.6686640808293305e-07,
      3.365115117048845e-05,
      -4.896058953818283e-07,
      1.1023257684428245e-06,
      4.479946937863133e-07,
      -2.3022585082799196e-07
    ],
    [
      -2.938534635177348e-06,
      -3.5734377888729796e-05,
      -6.726689025526866e-05,
      -2.0204053726047277e-05,
      -2.774832864815835e-06,
      -4.89598676267633e-07,
      0.0003264393308199942,
      -2.030459853585853e-07,
      -2.9782404453726485e-06,
      1.3081189536023885e-06
    ],
    [
      -9.982845767808612e-07,
      -5.730801149184117e-06,
      6.0261780163273215e-05,
      -1.6314679669449106e-05,
      -4.773933596879942e-06,
      1.1023209935956402e-06,
      -2.0304614167798718e-07,
      0.00012192434223834425,
      -9.973352916858857e-07,
      -1.5621571947121993e-07
    ],
    [
      7.045456732157618e-05,
      0.0002322578220628202,
      -1.9111198525934014e-06,
      -5.229094313108362e-08,
      3.1383169698528945e-05,
      4.4799429588238127e-07,
      -2.9782420369883766e-06,
      -9.973363148674252e-07,
      4.0710510802455246e-05,
      0.0013498071348294616
    ],
    [
      0.0026868360582739115,
      0.002050996059551835,
      -8.382641681237146e-06,
      -2.8878946523036575e-06,
      0.0034009143710136414,
      -2.3025221196348866e-07,
      1.3080606322546373e-06,
      -1.5625637672656012e-07,
      0.0013498070184141397,
      0.06263186037540436
    ]
  ],
  "theta_phys": [
    0.0007257731631398201,
    0.31376969814300537,
    0.0001563668338349089,
    0.18947753310203552,
    0.23216795921325684,
    3.0992887020111084,
    10.15328598022461,
    6.110424041748047,
    48.129180908203125,
    1.0917010307312012
  ],
  "Sigma_phys": [
    [
      7.332445761676354e-11,
      1.0079759960035517e-07,
      -4.630832934997275e-13,
      3.9473929680511333e-10,
      -4.3167048602299474e-08,
      8.007420282396538e-10,
      -2.165403678588973e-08,
      -4.427184396860184e-09,
      2.4610401396785164e-06,
      2.128854248439893e-06
    ],
    [
      1.0079769907633818e-07,
      0.0006596010061912239,
      -2.0098858133366093e-09,
      -2.4700476330963284e-08,
      -0.0005548982881009579,
      1.2904452887596563e-05,
      -0.0001138423613156192,
      -1.09874790723552e-05,
      0.0035074406769126654,
      0.0007025579689070582
    ],
    [
      -4.630848655928776e-13,
      -2.0098909203625226e-09,
      9.850199128580428e-11,
      8.451032096346012e-10,
      3.742416376795177e-10,
      2.3908686586082695e-08,
      -1.0679542583602597e-07,
      5.757818399843018e-08,
      -1.4382790070044393e-08,
      -1.4309915474797208e-09
    ],
    [
      3.9473882496032786e-10,
      -2.4702753620431395e-08,
      8.451038202572647e-10,
      2.5978059056797065e-05,
      -6.454056915572437e-07,
      -7.86984310252592e-06,
      -3.886894410243258e-05,
      -1.8888944396167062e-05,
      -4.768720600623055e-07,
      -5.973759584776417e-07
    ],
    [
      -4.316735413567585e-08,
      -0.0005548985791392624,
      3.742409715457029e-10,
      -6.454079084505793e-07,
      0.0008893601479940116,
      -1.9204659906790766e-07,
      -6.540961294376757e-06,
      -6.772497727070004e-06,
      0.00035066649434156716,
      0.0008619790896773338
    ],
    [
      8.007423613065612e-10,
      1.2904441973660141e-05,
      2.3908659940730104e-08,
      -7.869842193031218e-06,
      -1.9202519752070657e-07,
      0.00032323916093446314,
      -1.5406902093673125e-05,
      2.087581015075557e-05,
      6.682567618554458e-05,
      -7.789683991177299e-07
    ],
    [
      -2.165401014053714e-08,
      -0.00011384234676370397,
      -1.0679541873059861e-07,
      -3.8868955016369e-05,
      -6.541024049511179e-06,
      -1.5406672901008278e-05,
      0.033652376383543015,
      -1.2597151908266824e-05,
      -0.0014553747605532408,
      1.4499652024824172e-05
    ],
    [
      -4.427174182808358e-09,
      -1.098746906791348e-05,
      5.757818399843018e-08,
      -1.888894257717766e-05,
      -6.772515462216688e-06,
      2.0875719201285392e-05,
      -1.2597161912708543e-05,
      0.004552323836833239,
      -0.00029330604593269527,
      -1.0420769740449032e-06
    ],
    [
      2.4610392301838147e-06,
      0.0035074364859610796,
      -1.4382720792127657e-08,
      -4.768619419337483e-07,
      0.0003506772336550057,
      6.682561797788367e-05,
      -0.0014553755754604936,
      -0.00029330633697099984,
      0.09430255740880966,
      0.07092247903347015
    ],
    [
      2.128853566318867e-06,
      0.0007025537197478116,
      -1.4309657903055495e-09,
      -5.973691941107973e-07,
      0.0008619889267720282,
      -7.790575864419225e-07,
      1.4499005374091212e-05,
      -1.042348230839707e-06,
      0.07092247158288956,
      0.07464534789323807
    ]
  ],
  "param_names": [
    "L",
    "RL",
    "C",
    "RC",
    "Rdson",
    "Rload1",
    "Rload2",
    "Rload3",
    "Vin",
    "VF"
  ]
}