{
  "theta_log": [
    1.9820270538330078,
    1.1379026174545288,
    0.48711514472961426,
    0.6683134436607361,
    0.8232895135879517,
    1.1315010786056519,
    2.3200323581695557,
    1.809459924697876,
    1.570121169090271,
    0.0654294490814209
  ],
  "Sigma_log": [
    [
      9.501221211394295e-05,
      0.00016487424727529287,
      -1.814835513869184e-06,
      7.075490202623769e-07,
      1.8654827727004886e-07,
      9.04789132505357e-08,
      -7.799324066581903e-07,
      -2.7759492127188423e-07,
      4.781949246535078e-05,
      0.002109216060489416
    ],
    [
      0.0001648749748710543,
      0.0019068799447268248,
      -1.1976628229604103e-05,
      -2.4939694753811636e-07,
      -0.0021876131650060415,
      3.7111883557372494e-06,
      -1.0044375812867656e-05,
      -1.5455890434168396e-06,
      8.372138836421072e-05,
      0.0015754569321870804
    ],
    [
      -1.81482573680114e-06,
      -1.1976627320109401e-05,
      0.0011193498503416777,
      7.4622466854634695e-06,
      1.8867916651288397e-06,
      1.4288841157394927e-05,
      -1.5997486116248183e-05,
      1.588067243574187e-05,
      -8.89519242264214e-07,
      -1.8983397239935584e-05
    ],
    [
      7.075535677358857e-07,
      -2.493895863153739e-07,
      7.462215307896258e-06,
      0.00017241276509594172,
      -3.393754468561383e-06,
      -3.4418178529449506e-06,
      -5.108097411721246e-06,
      -4.25100552092772e-06,
      -1.1395314913897892e-08,
      -6.568370736204088e-07
    ],
    [
      1.8574004911897646e-07,
      -0.002187614794820547,
      1.8867877997763571e-06,
      -3.393750375835225e-06,
      0.004912764765322208,
      -3.6682951076727477e-07,
      -4.332015279828738e-08,
      -1.321073000326578e-06,
      4.444416845217347e-05,
      0.002818359062075615
    ],
    [
      9.048017801660535e-08,
      3.7111879009898985e-06,
      1.4288948477769736e-05,
      -3.4418167160765734e-06,
      -3.668248780286376e-07,
      9.155339284916408e-06,
      -1.1409874645096352e-07,
      3.0479972679131606e-07,
      1.1625806450865639e-07,
      -3.886543709086254e-07
    ],
    [
      -7.799393415552913e-07,
      -1.0044382179330569e-05,
      -1.5997486116248183e-05,
      -5.108098775963299e-06,
      -4.3323343135170944e-08,
      -1.1409682088014961e-07,
      8.907762821763754e-05,
      -3.403122894596322e-09,
      -7.898226499492011e-07,
      1.055917891790159e-06
    ],
    [
      -2.7759688236983493e-07,
      -1.5455909760930808e-06,
      1.5880674254731275e-05,
      -4.251004611433018e-06,
      -1.321075046689657e-06,
      3.047998404781538e-07,
      -3.403167525561912e-09,
      3.305045538581908e-05,
      -2.713389903874486e-07,
      -3.5455377656035125e-07
    ],
    [
      4.781948882737197e-05,
      8.372099546249956e-05,
      -8.895242444850737e-07,
      -1.1397503385524033e-08,
      4.444458318175748e-05,
      1.1625735396592063e-07,
      -7.898190688138129e-07,
      -2.7133793878419965e-07,
      2.5366744011989795e-05,
      0.0010606164578348398
    ],
    [
      0.0021092144306749105,
      0.00157543842215091,
      -1.898359005281236e-05,
      -6.569384254362376e-07,
      0.0028183762915432453,
      -3.8868702745276096e-07,
      1.0560884220467415e-06,
      -3.5450452173790836e-07,
      0.001060615642927587,
      0.05026112496852875
    ]
  ],
  "theta_phys": [
    0.0007257439428940415,
    0.3120217025279999,
    0.00016276139649562538,
    0.19509442150592804,
    0.22779810428619385,
    3.100306749343872,
    10.176003456115723,
    6.107148170471191,
    48.072303771972656,
    1.067617416381836
  ],
  "Sigma_phys": [
    [
      5.00433340600015e-11,
      3.733542186523664e-08,
      -2.1437399652744077e-13,
      1.0018087054364244e-10,
      3.084073968429024e-11,
      2.0358016661337075e-10,
      -5.759935639559899e-09,
      -1.2303633667443137e-09,
      1.668335244175978e-06,
      1.6342561366400332e-06
    ],
    [
      3.7335585290065865e-08,
      0.00018564914353191853,
      -6.082341297286575e-10,
      -1.5181713663992014e-08,
      -0.00015549107047263533,
      3.590066171454964e-06,
      -3.18922393489629e-05,
      -2.9452171474986244e-06,
      0.0012557875597849488,
      0.000524815870448947
    ],
    [
      -2.143728445626325e-13,
      -6.082341297286575e-10,
      2.965300227586454e-11,
      2.36954983412474e-10,
      6.995608259341424e-11,
      7.210295471793415e-09,
      -2.649600538973118e-08,
      1.5785515117272553e-08,
      -6.959879339518693e-09,
      -3.298685991026673e-09
    ],
    [
      1.001815158607755e-10,
      -1.5181266022068485e-08,
      2.3695398421175184e-10,
      6.562346243299544e-06,
      -1.508257128080004e-07,
      -2.081792445096653e-06,
      -1.0141011443920434e-05,
      -5.064947799837682e-06,
      -1.0687253393371066e-07,
      -1.3681010102573055e-07
    ],
    [
      3.070712087382965e-11,
      -0.00015549118688795716,
      6.995593687664226e-11,
      -1.508255280668891e-07,
      0.00025493308203294873,
      -2.590711289940373e-07,
      -1.0041932796411857e-07,
      -1.8378725599177415e-06,
      0.0004866983217652887,
      0.0006854283856227994
    ],
    [
      2.0358301155987135e-10,
      3.5900659440812888e-06,
      7.210349650677017e-09,
      -2.081791535601951e-06,
      -2.590678889191622e-07,
      8.80002262420021e-05,
      -3.5996708902530372e-06,
      5.771088126493851e-06,
      1.7326972738374025e-05,
      -1.2864232985521085e-06
    ],
    [
      -5.759986709819032e-09,
      -3.1892261176835746e-05,
      -2.649600361337434e-08,
      -1.0141014172404539e-05,
      -1.0042672471399783e-07,
      -3.599610181481694e-06,
      0.00922408141195774,
      -2.114917094786506e-07,
      -0.0003863685706164688,
      1.1471574907773174e-05
    ],
    [
      -1.2303720264839058e-09,
      -2.9452207854774315e-06,
      1.5785516893629392e-08,
      -5.064946890342981e-06,
      -1.8378754020886845e-06,
      5.771090400230605e-06,
      -2.1149448059532006e-07,
      0.001232691342011094,
      -7.966097473399714e-05,
      -2.3117252112569986e-06
    ],
    [
      1.6683351304891403e-06,
      0.0012557816226035357,
      -6.95991797527995e-09,
      -1.0689305440791941e-07,
      0.00048670280375517905,
      1.732686723698862e-05,
      -0.00038636676617898047,
      -7.966066186781973e-05,
      0.058621183037757874,
      0.05443383380770683
    ],
    [
      1.634254999771656e-06,
      0.000524809758644551,
      -3.2987195197620167e-09,
      -1.3683120414498262e-07,
      0.0006854325765743852,
      -1.286531301047944e-06,
      1.1473427548480686e-05,
      -2.3114041596272727e-06,
      0.05443379655480385,
      0.05728797987103462
    ]
  ],
  "param_names": [
    "L",
    "RL",
    "C",
    "RC",
    "Rdson",
    "Rload1",
    "Rload2",
    "Rload3",
    "Vin",
    "VF"
  ]
}