{
  "theta_log": [
    1.9820672273635864,
    1.143489956855774,
    0.4470345675945282,
    0.6391003131866455,
    0.8422884345054626,
    1.1311726570129395,
    2.3177974224090576,
    1.809996247291565,
    1.571303367614746,
    0.08772668242454529
  ],
  "Sigma_log": [
    [
      0.00013921524805482477,
      0.0004426251398399472,
      -4.080498911207542e-06,
      2.870450089176302e-06,
      -0.00025614845799282193,
      3.5596971770246455e-07,
      -2.938474608527031e-06,
      -9.9827366284444e-07,
      7.046105019981042e-05,
      0.002687176689505577
    ],
    [
      0.00044262484880164266,
      0.0066996049135923386,
      -4.096494012628682e-05,
      -4.156782438258233e-07,
      -0.007616999559104443,
      1.3269796909298748e-05,
      -3.573419598978944e-05,
      -5.730830707761925e-06,
      0.00023225907352752984,
      0.0020511476323008537
    ],
    [
      -4.080489816260524e-06,
      -4.096500197192654e-05,
      0.004028616473078728,
      2.8523409127956256e-05,
      1.0308154742233455e-05,
      4.9334321374772117e-05,
      -6.726680294377729e-05,
      6.0262467741267756e-05,
      -1.911122808451182e-06,
      -8.382685336982831e-06
    ],
    [
      2.8704469059448456e-06,
      -4.1568597453078837e-07,
      2.852328725566622e-05,
      0.0007235882221721113,
      -1.4671051758341491e-05,
      -1.3401294381765183e-05,
      -2.0204062820994295e-05,
      -1.631469785934314e-05,
      -5.229415478424926e-08,
      -2.888058133976301e-06
    ],
    [
      -0.0002561489527579397,
      -0.0076170023530721664,
      1.0308202945452649e-05,
      -1.467106631025672e-05,
      0.016499118879437447,
      -2.6683548526307277e-07,
      -2.774845142994309e-06,
      -4.773809905600501e-06,
      3.139496402582154e-05,
      0.0034014140255749226
    ],
    [
      3.5596983138930227e-07,
      1.3269802366266958e-05,
      4.933437594445422e-05,
      -1.340128801530227e-05,
      -2.668472802724864e-07,
      3.365115117048845e-05,
      -4.895981078334444e-07,
      1.102332930713601e-06,
      4.479877020457934e-07,
      -2.3051069319990347e-07
    ],
    [
      -2.938465968327364e-06,
      -3.573418143787421e-05,
      -6.726681021973491e-05,
      -2.0204062820994295e-05,
      -2.7748635602620197e-06,
      -4.895971414953237e-07,
      0.0003264393308199942,
      -2.0305566295064637e-07,
      -2.9782054298266303e-06,
      1.30959585931123e-06
    ],
    [
      -9.982704796129838e-07,
      -5.730820703320205e-06,
      6.026247865520418e-05,
      -1.631469785934314e-05,
      -4.7738285502418876e-06,
      1.1023299748558202e-06,
      -2.0305549242038978e-07,
      0.0001219244149979204,
      -9.97326992546732e-07,
      -1.5582804735458922e-07
    ],
    [
      7.046103564789519e-05,
      0.0002322591026313603,
      -1.9111230358248577e-06,
      -5.229249211424758e-08,
      3.139527325402014e-05,
      4.47987673624084e-07,
      -2.9782090678054374e-06,
      -9.973283567887847e-07,
      4.071373041369952e-05,
      0.0013499759370461106
    ],
    [
      0.002687176689505577,
      0.0020511553157120943,
      -8.382982741750311e-06,
      -2.8879865112685366e-06,
      0.0034014214761555195,
      -2.3050895947562822e-07,
      1.3094273754177266e-06,
      -1.55889082975591e-07,
      0.001349976402707398,
      0.06264058500528336
    ]
  ],
  "theta_phys": [
    0.0007257731049321592,
    0.31376996636390686,
    0.0001563668338349089,
    0.18947753310203552,
    0.23216739296913147,
    3.0992887020111084,
    10.15328598022461,
    6.110424518585205,
    48.129173278808594,
    1.0916897058486938
  ],
  "Sigma_phys": [
    [
      7.333115364938081e-11,
      1.00797159063859e-07,
      -4.630829140289672e-13,
      3.947376869817276e-10,
      -4.316123281000728e-08,
      8.007113305730229e-10,
      -2.165356605132729e-08,
      -4.427125777084484e-09,
      2.4612650122435298e-06,
      2.1291014036251e-06
    ],
    [
      1.0079710222044014e-07,
      0.0006595867453143001,
      -2.009871602481894e-09,
      -2.4713052937386237e-08,
      -0.0005548767512664199,
      1.290439558943035e-05,
      -0.00011384185927454382,
      -1.0987536370521411e-05,
      0.003507457673549652,
      0.0007025990053080022
    ],
    [
      -4.630818840369033e-13,
      -2.009874711106363e-09,
      9.850203985806161e-11,
      8.450916633151451e-10,
      3.742198217970838e-10,
      2.3908691915153213e-08,
      -1.0679528372747882e-07,
      5.7578844803174434e-08,
      -1.438274122023131e-08,
      -1.430958462833587e-09
    ],
    [
      3.947372706480934e-10,
      -2.4713511237450803e-08,
      8.450879995791638e-10,
      2.597807178972289e-05,
      -6.453869332290196e-07,
      -7.869850378483534e-06,
      -3.8868973206263036e-05,
      -1.88889644050505e-05,
      -4.768911594510428e-07,
      -5.973968200123636e-07
    ],
    [
      -4.316131807513557e-08,
      -0.0005548769840970635,
      3.742215981539232e-10,
      -6.45387615350046e-07,
      0.0008893305202946067,
      -1.9200248857487168e-07,
      -6.541036782437004e-06,
      -6.772324013581965e-06,
      0.0003508081135805696,
      0.0008621045271866024
    ],
    [
      8.007114971064766e-10,
      1.2904401955893263e-05,
      2.3908718560505804e-08,
      -7.869847649999429e-06,
      -1.9201097245513665e-07,
      0.00032323916093446314,
      -1.5406654711114243e-05,
      2.0875946574960835e-05,
      6.682462844764814e-05,
      -7.799240506756178e-07
    ],
    [
      -2.165350387883791e-08,
      -0.00011384181561879814,
      -1.0679529083290618e-07,
      -3.886896956828423e-05,
      -6.541079983435338e-06,
      -1.5406625607283786e-05,
      0.033652376383543015,
      -1.2597753084264696e-05,
      -0.0014553574146702886,
      1.451587195333559e-05
    ],
    [
      -4.427111566229769e-09,
      -1.0987517271132674e-05,
      5.757885190860179e-08,
      -1.88889644050505e-05,
      -6.772350843675667e-06,
      2.087589200527873e-05,
      -1.2597743079822976e-05,
      0.00455232709646225,
      -0.0002933036012109369,
      -1.0394802529845037e-06
    ],
    [
      2.461264557496179e-06,
      0.003507458372041583,
      -1.438274210840973e-08,
      -4.768759822582069e-07,
      0.0003508115478325635,
      6.682462117169052e-05,
      -0.001455359160900116,
      -0.00029330397956073284,
      0.09430999308824539,
      0.0709306001663208
    ],
    [
      2.1291011762514245e-06,
      0.0007026016246527433,
      -1.4310092000258123e-09,
      -5.973819838800409e-07,
      0.0008621064480394125,
      -7.799181958034751e-07,
      1.451400476071285e-05,
      -1.0398873655503849e-06,
      0.07093062996864319,
      0.07465419918298721
    ]
  ],
  "param_names": [
    "L",
    "RL",
    "C",
    "RC",
    "Rdson",
    "Rloads1",
    "Rloads2",
    "Rloads3",
    "Vin",
    "VF"
  ]
}