{
  "theta_log": [
    1.9820283651351929,
    1.137900710105896,
    0.48711514472961426,
    0.6683133244514465,
    0.8232958316802979,
    1.1315010786056519,
    2.3200323581695557,
    1.809459924697876,
    1.5701216459274292,
    0.06546272337436676
  ],
  "Sigma_log": [
    [
      9.50168541749008e-05,
      0.0001648650213610381,
      -1.8147650280297967e-06,
      7.075328198880015e-07,
      2.139974526471633e-07,
      9.046808457924271e-08,
      -7.798649903634214e-07,
      -2.7757744192058453e-07,
      4.7821922635193914e-05,
      0.002109276596456766
    ],
    [
      0.00016486432286910713,
      0.0019067098619416356,
      -1.1975952475040685e-05,
      -2.495667388302536e-07,
      -0.0021873076912015676,
      3.7110442008270184e-06,
      -1.0043914699053857e-05,
      -1.5455447055501281e-06,
      8.37178886285983e-05,
      0.0015753732295706868
    ],
    [
      -1.8147802620660514e-06,
      -1.1975981578871142e-05,
      0.0011193498503416777,
      7.462295343430014e-06,
      1.8858520434150705e-06,
      1.4288794773165137e-05,
      -1.5997642549336888e-05,
      1.5880583305261098e-05,
      -8.89499631284707e-07,
      -1.8982624169439077e-05
    ],
    [
      7.075305461512471e-07,
      -2.4956818833743455e-07,
      7.4622826105041895e-06,
      0.00017241292516700923,
      -3.393430688447552e-06,
      -3.4418158065818716e-06,
      -5.1080887715215795e-06,
      -4.250998244970106e-06,
      -1.1404734934217231e-08,
      -6.571758603968192e-07
    ],
    [
      2.1626718194056593e-07,
      -0.002187304198741913,
      1.885836695691978e-06,
      -3.3934247767319903e-06,
      0.00491220410913229,
      -3.6661953117800294e-07,
      -4.388874330629733e-08,
      -1.3210642464400735e-06,
      4.4455573515733704e-05,
      0.0028186109848320484
    ],
    [
      9.046578952620621e-08,
      3.7110401081008604e-06,
      1.4288738384493627e-05,
      -3.4418146697134944e-06,
      -3.6662345337390434e-07,
      9.155336556432303e-06,
      -1.1409760247715894e-07,
      3.04796486716441e-07,
      1.1625128593095724e-07,
      -3.887947741532116e-07
    ],
    [
      -7.798661840752175e-07,
      -1.004391560854856e-05,
      -1.5997642549336888e-05,
      -5.108088316774229e-06,
      -4.387525365245892e-08,
      -1.1409777300741553e-07,
      8.907762821763754e-05,
      -3.4049372210631645e-09,
      -7.897876912466018e-07,
      1.057049985320191e-06
    ],
    [
      -2.7758062515204074e-07,
      -1.545548002468422e-06,
      1.5880586943239905e-05,
      -4.2509986997174565e-06,
      -1.321061972703319e-06,
      3.0479793622362195e-07,
      -3.404977633181261e-09,
      3.305044810986146e-05,
      -2.713303217660723e-07,
      -3.5420146105025196e-07
    ],
    [
      4.782193718710914e-05,
      8.371825242647901e-05,
      -8.894915026758099e-07,
      -1.1403570532309004e-08,
      4.44544421043247e-05,
      1.1625239437762502e-07,
      -7.897870659689943e-07,
      -2.7132875857205363e-07,
      2.5367991838720627e-05,
      0.001060647307895124
    ],
    [
      0.0021092777606099844,
      0.0015753908082842827,
      -1.8982304027304053e-05,
      -6.571210064976185e-07,
      0.0028185592964291573,
      -3.887395223500789e-07,
      1.0570731774350861e-06,
      -3.5412995202932507e-07,
      0.0010606475407257676,
      0.05026116594672203
    ]
  ],
  "theta_phys": [
    0.0007257448742166162,
    0.3120211362838745,
    0.00016276139649562538,
    0.19509439170360565,
    0.22779953479766846,
    3.100306749343872,
    10.176003456115723,
    6.107148170471191,
    48.07232666015625,
    1.067652940750122
  ],
  "Sigma_phys": [
    [
      5.00459118590868e-11,
      3.733331155331143e-08,
      -2.1436594632631006e-13,
      1.0017869173095661e-10,
      3.537898793370964e-11,
      2.0355607477373638e-10,
      -5.759445365072224e-09,
      -1.2302875385117318e-09,
      1.668423010414699e-06,
      1.6343595916623599e-06
    ],
    [
      3.7333155233909565e-08,
      0.0001856318995123729,
      -6.08198713614172e-10,
      -1.5192020086374214e-08,
      -0.00015547004295513034,
      3.5899201975553297e-06,
      -3.189071503584273e-05,
      -2.945127107523149e-06,
      0.0012557333102449775,
      0.0005248045199550688
    ],
    [
      -2.1436773525989467e-13,
      -6.08200156904104e-10,
      2.965300227586454e-11,
      2.3695650996913287e-10,
      6.992167955743867e-11,
      7.210271935065293e-09,
      -2.6496264737829733e-08,
      1.5785426299430583e-08,
      -6.959728793276554e-09,
      -3.2986613440755264e-09
    ],
    [
      1.0017837254183704e-10,
      -1.5192107127859344e-08,
      2.3695609363549863e-10,
      6.562350336025702e-06,
      -1.5081224091773038e-07,
      -2.081790853480925e-06,
      -1.0140993254026398e-05,
      -5.064938704890665e-06,
      -1.069609112391845e-07,
      -1.368852053929004e-07
    ],
    [
      3.575422943824513e-11,
      -0.00015546979557257146,
      6.992111056813854e-11,
      -1.508119851223455e-07,
      0.00025490717962384224,
      -2.589244729733764e-07,
      -1.0173801001656102e-07,
      -1.8378717641098774e-06,
      0.0004868264659307897,
      0.000685516744852066
    ],
    [
      2.0355091223667188e-10,
      3.589916332202847e-06,
      7.210243957445073e-09,
      -2.081789943986223e-06,
      -2.589272583009006e-07,
      8.800019713817164e-05,
      -3.5996347378386417e-06,
      5.771026735601481e-06,
      1.732597047521267e-05,
      -1.2869307965956978e-06
    ],
    [
      -5.7594538027672115e-09,
      -3.189071867382154e-05,
      -2.6496264737829733e-08,
      -1.0140991435036995e-05,
      -1.0170673903076022e-07,
      -3.5996401948068524e-06,
      0.00922408141195774,
      -2.11604458399961e-07,
      -0.0003863516612909734,
      1.1484256901894696e-05
    ],
    [
      -1.2303016383441445e-09,
      -2.9451334739860613e-06,
      1.578542985214426e-08,
      -5.0649391596380156e-06,
      -1.837868694565259e-06,
      5.771054020442534e-06,
      -2.116069737212456e-07,
      0.0012326911091804504,
      -7.965846452862024e-05,
      -2.309505134689971e-06
    ],
    [
      1.66842346516205e-06,
      0.0012557387817651033,
      -6.959665288519545e-09,
      -1.0694999730276322e-07,
      0.00048681406769901514,
      1.7326136003248394e-05,
      -0.0003863513411488384,
      -7.965800614329055e-05,
      0.05862412229180336,
      0.05443725734949112
    ],
    [
      1.6343605011570617e-06,
      0.0005248103989288211,
      -3.298605832924295e-09,
      -1.3687376565485465e-07,
      0.0006855041719973087,
      -1.2867478744738037e-06,
      1.1484508831927087e-05,
      -2.309038791281637e-06,
      0.05443727225065231,
      0.05729183927178383
    ]
  ],
  "param_names": [
    "L",
    "RL",
    "C",
    "RC",
    "Rdson",
    "Rloads1",
    "Rloads2",
    "Rloads3",
    "Vin",
    "VF"
  ]
}