{
  "theta_log": [
    1.9815149307250977,
    1.143091082572937,
    0.4978223443031311,
    0.6971010565757751,
    0.797141432762146,
    1.1313860416412354,
    2.3220837116241455,
    1.808081030845642,
    1.568955421447754,
    0.00898697692900896
  ],
  "Sigma_log": [
    [
      1.2798646821465809e-05,
      1.3346149899007287e-05,
      -1.8044114824533608e-07,
      2.6690790022598776e-08,
      1.2107217116863467e-05,
      1.7020860276772964e-09,
      -2.8470440227579275e-08,
      -1.2940148508278071e-08,
      6.4327077780035324e-06,
      0.0003153652069158852
    ],
    [
      1.3346173545869533e-05,
      8.323496876982972e-05,
      -5.533535727408889e-07,
      -2.2017060175016923e-08,
      -8.514100773027167e-05,
      1.5470388348148845e-07,
      -4.2149153500758985e-07,
      -6.380883377232749e-08,
      6.712397407682147e-06,
      0.00023296797007787973
    ],
    [
      -1.8044120508875494e-07,
      -5.533538569579832e-07,
      4.6390814532060176e-05,
      2.907231646531727e-07,
      -1.2450753672510473e-07,
      5.958841029496398e-07,
      -5.371422844291374e-07,
      5.931333362241276e-07,
      -9.065411177289207e-08,
      -3.5069956538791303e-06
    ],
    [
      2.66910120672037e-08,
      -2.201665516565754e-08,
      2.907219425196672e-07,
      6.5675817495503e-06,
      -1.1604670646647719e-07,
      -1.3673299292804586e-07,
      -1.9933465011945373e-07,
      -1.717062900752353e-07,
      -1.0559464413972819e-09,
      -5.427659743872937e-08
    ],
    [
      1.2107236216252204e-05,
      -8.514105138601735e-05,
      -1.2450711039946327e-07,
      -1.1604649330365646e-07,
      0.00023291700927074999,
      -2.3727798392769728e-08,
      1.6618249887301317e-08,
      -5.992576035396269e-08,
      7.966194061737042e-06,
      0.0004335714038461447
    ],
    [
      1.7022304676928002e-09,
      1.547039261140526e-07,
      5.95885637721949e-07,
      -1.3673297871719114e-07,
      -2.3727425357833454e-08,
      3.7538350738941517e-07,
      -3.2626326085249957e-09,
      1.191227738672751e-08,
      3.775102896952376e-09,
      -7.339076546486467e-08
    ],
    [
      -2.84712573517254e-08,
      -4.2149198975494073e-07,
      -5.371422844291374e-07,
      -1.9933467854116316e-07,
      1.6616779063838294e-08,
      -3.2626241708300086e-09,
      3.6592302876670146e-06,
      2.547542399256031e-09,
      -3.082603683424168e-08,
      1.6110607248265296e-07
    ],
    [
      -1.2940275517792088e-08,
      -6.380894035373785e-08,
      5.931333362241276e-07,
      -1.7170627586438059e-07,
      -5.992593798964663e-08,
      1.1912274722192251e-08,
      2.5475399567653767e-09,
      1.3486276202456793e-06,
      -1.1991899029339947e-08,
      -5.339893505151849e-08
    ],
    [
      6.432708687498234e-06,
      6.712386493745726e-06,
      -9.065407624575528e-08,
      -1.0560565755213247e-09,
      7.966184966790024e-06,
      3.775034063124849e-09,
      -3.082562116674126e-08,
      -1.1991837745028988e-08,
      3.285744924141909e-06,
      0.0001584991259733215
    ],
    [
      0.00031536511960439384,
      0.00023296730068977922,
      -3.506993380142376e-06,
      -5.428178084798674e-08,
      0.0004335707926657051,
      -7.339464502820192e-08,
      1.611270477042126e-07,
      -5.3395606158801456e-08,
      0.00015849903866183013,
      0.007937641814351082
    ]
  ],
  "theta_phys": [
    0.00072537234518677,
    0.3136448264122009,
    0.0001645134761929512,
    0.2007923424243927,
    0.22191882133483887,
    3.099950075149536,
    10.1968994140625,
    6.098732948303223,
    48.016300201416016,
    1.0090274810791016
  ],
  "Sigma_phys": [
    [
      6.734200436869786e-12,
      3.0363729308646725e-09,
      -2.1532678662035745e-14,
      3.887492758258837e-12,
      1.94894456129191e-09,
      3.82734165541021e-12,
      -2.1058299548570858e-10,
      -5.724530224848756e-11,
      2.2404925914543128e-07,
      2.3082230882209842e-07
    ],
    [
      3.0363784819797957e-09,
      8.188079846149776e-06,
      -2.8552380945678912e-11,
      -1.3865789627587333e-09,
      -5.926128324063029e-06,
      1.504159996557064e-07,
      -1.3480162124324124e-06,
      -1.2205583743707393e-07,
      0.00010108913556905463,
      7.372882828349248e-05
    ],
    [
      -2.1532687132365218e-14,
      -2.855239482346672e-11,
      1.2555526280114138e-12,
      9.603471663732766e-12,
      -4.545600441191455e-12,
      3.0389110672324193e-10,
      -9.010708845735849e-10,
      5.951047432617429e-10,
      -7.161066184480092e-10,
      -5.821564341701446e-10
    ],
    [
      3.8875248506431426e-12,
      -1.3865534276291669e-09,
      9.603431765092818e-12,
      2.6478889481040824e-07,
      -5.170994743508572e-09,
      -8.510893678703724e-08,
      -4.081296083313646e-07,
      -2.1026789909228683e-07,
      -1.018070250324854e-08,
      -1.0996709320920672e-08
    ],
    [
      1.948947447871774e-09,
      -5.9261310525471345e-06,
      -4.5455848286801714e-12,
      -5.170984973545956e-09,
      1.1470688150438946e-05,
      -1.6323237872484242e-08,
      3.7605168756726925e-08,
      -8.110493610047342e-08,
      8.488554158248007e-05,
      9.708626021165401e-05
    ],
    [
      3.827666482381087e-12,
      1.5041604228827055e-07,
      3.0389188387935917e-10,
      -8.510892968160988e-08,
      -1.632298030074253e-08,
      3.607319513321272e-06,
      -1.0313142695395072e-07,
      2.2521074072301417e-07,
      5.619170337922696e-07,
      -2.2956153600262041e-07
    ],
    [
      -2.1058904620119279e-10,
      -1.3480176903613028e-06,
      -9.010708845735849e-10,
      -4.08129636753074e-07,
      3.760184341672357e-08,
      -1.0313115694771113e-07,
      0.00038047489942982793,
      1.5842698530832422e-07,
      -1.5092964531504549e-05,
      1.6576126427025883e-06
    ],
    [
      -5.724586776834073e-11,
      -1.2205603638903995e-07,
      5.951047987728941e-10,
      -2.102678848814321e-07,
      -8.110517768500358e-08,
      2.2521069809045002e-07,
      1.5842684319977707e-07,
      5.016159047954716e-05,
      -3.511690920277033e-06,
      -3.286057790319319e-07
    ],
    [
      2.2404930177799542e-07,
      0.00010108897549798712,
      -7.16106340892253e-10,
      -1.0181763876460082e-08,
      8.488543971907347e-05,
      5.619068019768747e-07,
      -1.509275989519665e-05,
      -3.5116727303829975e-06,
      0.007575498893857002,
      0.00767924590036273
    ],
    [
      2.3082225197867956e-07,
      7.372861728072166e-05,
      -5.82156045592086e-10,
      -1.0997760035991178e-08,
      9.708612196845934e-05,
      -2.2957365786169248e-07,
      1.657828420320584e-06,
      -3.28585315401142e-07,
      0.007679241243749857,
      0.008081602863967419
    ]
  ],
  "param_names": [
    "L",
    "RL",
    "C",
    "RC",
    "Rdson",
    "Rload1",
    "Rload2",
    "Rload3",
    "Vin",
    "VF"
  ]
}