{
  "L": 502.1141052246094,
  "RL": 0.18987204134464264,
  "C": 39.100975036621094,
  "RC": 0.15177324414253235,
  "Rdson": 0.10409196466207504,
  "Rloads": [
    1.6759661436080933,
    20.184972763061523,
    8.402536392211914
  ],
  "Vin": 14724516.0,
  "VF": 18722622.0
}