{
  "L": 5026.98388671875,
  "RL": 0.11498366296291351,
  "C": 413.4944152832031,
  "RC": 0.08331308513879776,
  "Rdson": 0.10848937183618546,
  "Rloads": [
    0.4346911907196045,
    25.707395553588867,
    8.22473430633545
  ],
  "Vin": 26325222.0,
  "VF": 215955776.0
}