{
  "L": 0.0007257926627062261,
  "RL": 0.3137342929840088,
  "C": 0.00016507152759004384,
  "RC": 0.20080392062664032,
  "Rdson": 0.22208571434020996,
  "Rloads": [
    3.100083589553833,
    10.1969575881958,
    6.098759174346924
  ],
  "Vin": 48.03009796142578,
  "VF": 1.0239440202713013
}