{
  "theta_log": [
    1.982094168663025,
    1.1433762311935425,
    0.5012086629867554,
    0.6971587538719177,
    0.797893226146698,
    1.1314290761947632,
    2.322089433670044,
    1.808085322380066,
    1.5692428350448608,
    0.023661857470870018
  ],
  "Sigma_log": [
    [
      2.0674167899414897e-05,
      2.0718915038742125e-05,
      5.837293883814709e-07,
      -6.824068066180189e-08,
      2.0688330550910905e-05,
      3.944583326642714e-09,
      -6.050846934613219e-09,
      2.688208233792011e-08,
      1.0396644029242452e-05,
      0.0005041393451392651
    ],
    [
      2.0719289750559255e-05,
      0.00017792322614695877,
      9.957697102436214e-07,
      1.9929063910240075e-06,
      -0.0002008659503189847,
      -6.325981303234585e-07,
      2.1127557658928708e-07,
      -8.204393964206247e-08,
      1.0424902939121239e-05,
      0.00030992348911240697
    ],
    [
      5.837351295667759e-07,
      9.957658448911388e-07,
      5.6701002904446796e-05,
      6.852553724456811e-07,
      9.217455954058096e-07,
      8.08433071597392e-07,
      -6.79419656535174e-07,
      7.469949991900648e-07,
      3.2561248985985003e-07,
      1.4019047739566304e-05
    ],
    [
      -6.823476894624037e-08,
      1.9929132122342708e-06,
      6.85253382926021e-07,
      1.0101973202836234e-05,
      -3.645987135314499e-06,
      -5.672183647220663e-07,
      -8.531873731953965e-07,
      -7.467847922271176e-07,
      -4.324965630075894e-08,
      -2.11510450753849e-06
    ],
    [
      2.0687766664195806e-05,
      -0.00020086696895305067,
      9.217241085934802e-07,
      -3.6459930470300606e-06,
      0.0004333395336288959,
      4.837887672692887e-07,
      -6.015744702381198e-07,
      3.429211687944189e-07,
      1.2683492968790233e-05,
      0.0007799391169101
    ],
    [
      3.9432648257786695e-09,
      -6.325994945655111e-07,
      8.08431025234313e-07,
      -5.672182510352286e-07,
      4.837867209062097e-07,
      4.795497261511628e-07,
      3.8620662223820545e-08,
      5.551401471848294e-08,
      -3.589804009607178e-09,
      5.80316509513068e-07
    ],
    [
      -6.050150602732174e-09,
      2.112768981987756e-07,
      -6.79420054439106e-07,
      -8.531873163519776e-07,
      -6.015745839249576e-07,
      3.862062669668376e-08,
      5.333122771844501e-06,
      5.51090195699544e-08,
      -1.3487079009166791e-08,
      -8.902333661353623e-07
    ],
    [
      2.6881531667299896e-08,
      -8.204484913676424e-08,
      7.46994942346646e-07,
      -7.467847353836987e-07,
      3.429212540595472e-07,
      5.551400761305558e-08,
      5.510902312266808e-08,
      1.8724922483670525e-06,
      1.9965607833682952e-08,
      2.3045458874548785e-07
    ],
    [
      1.039664311974775e-05,
      1.0424711945233867e-05,
      3.256095624237787e-07,
      -4.325268676552696e-08,
      1.268377855012659e-05,
      -3.5891156713319106e-09,
      -1.3487427175107314e-08,
      1.99658849453499e-08,
      5.292576133797411e-06,
      0.000253515609074384
    ],
    [
      0.0005041389376856387,
      0.0003099138557445258,
      1.4018898582435213e-05,
      -2.1152472982066683e-06,
      0.0007799524464644492,
      5.803489671052375e-07,
      -8.902496801965754e-07,
      2.3046749220156926e-07,
      0.00025351543445140123,
      0.01260107010602951
    ]
  ],
  "theta_phys": [
    0.0007257926627062261,
    0.3137342929840088,
    0.00016507152759004384,
    0.20080392062664032,
    0.22208571434020996,
    3.100083589553833,
    10.1969575881958,
    6.098759174346924,
    48.03009796142578,
    1.0239440202713013
  ],
  "Sigma_phys": [
    [
      1.089063474818408e-11,
      4.717822577049446e-09,
      6.993528206631489e-14,
      -9.94553397970499e-12,
      3.334714282487994e-09,
      8.875383067374898e-12,
      -4.47815742821156e-11,
      1.189917886446068e-10,
      3.624258795298374e-07,
      3.746617665001395e-07
    ],
    [
      4.717907842177738e-09,
      1.751284253259655e-05,
      5.156951948803723e-11,
      1.2555126716051745e-07,
      -1.3995517292642035e-05,
      -6.152665719127981e-07,
      6.758991730748676e-07,
      -1.569820398117372e-07,
      0.00015708961291238666,
      9.956178837455809e-05
    ],
    [
      6.993596646893627e-14,
      5.1569318260114017e-11,
      1.5450234407826668e-12,
      2.2714165617832016e-11,
      3.379121982227673e-11,
      4.1370393222273094e-10,
      -1.143617756049764e-09,
      7.520233324953551e-10,
      2.5815867221723465e-09,
      2.3695554407510144e-09
    ],
    [
      -9.944672689499168e-12,
      1.255516934861589e-07,
      2.271409969833993e-11,
      4.073339425758604e-07,
      -1.6259528479167784e-07,
      -3.530984997723863e-07,
      -1.7469770909883664e-06,
      -9.145535386778647e-07,
      -4.1712704046403815e-07,
      -4.3489080781000666e-07
    ],
    [
      3.3346236882891844e-09,
      -1.3995588233228773e-05,
      3.3790432257818637e-11,
      -1.6259554058706271e-07,
      2.137320007022936e-05,
      3.330809477120056e-07,
      -1.3623246104543796e-06,
      4.6446865553662064e-07,
      0.0001352922699879855,
      0.00017736076551955193
    ],
    [
      8.872416690230978e-12,
      -6.152678793114319e-07,
      4.1370290526643316e-10,
      -3.530984429289674e-07,
      3.330795550482435e-07,
      4.6087216105661355e-06,
      1.2208539601488155e-06,
      1.049584739121201e-06,
      -5.345121962818666e-07,
      1.8421056893203058e-06
    ],
    [
      -4.4776418683944996e-11,
      6.759033794878633e-07,
      -1.1436184221835788e-09,
      -1.7469770909883664e-06,
      -1.3623250652017305e-06,
      1.2208528232804383e-06,
      0.0005545271560549736,
      3.4271631648152834e-06,
      -6.605443104490405e-06,
      -9.29502766666701e-06
    ],
    [
      1.1898934615395262e-10,
      -1.5698377353601245e-07,
      7.520233324953551e-10,
      -9.145534818344458e-07,
      4.6446876922345837e-07,
      1.0495846254343633e-06,
      3.427163392188959e-06,
      6.964709609746933e-05,
      5.848406090080971e-06,
      1.4391400782187702e-06
    ],
    [
      3.6242585110812797e-07,
      0.00015708673163317144,
      2.5815634074888294e-09,
      -4.1715622955962317e-07,
      0.00013529531133826822,
      -5.344097075976606e-07,
      -6.605614089494338e-06,
      5.848486580362078e-06,
      0.012209393084049225,
      0.012467931024730206
    ],
    [
      3.7466145386133576e-07,
      9.955869609257206e-05,
      2.369530349710658e-09,
      -4.3492016743584827e-07,
      0.0001773637777660042,
      1.8422086895952816e-06,
      -9.295198651670944e-06,
      1.4392205684998771e-06,
      0.012467922642827034,
      0.013211735524237156
    ]
  ],
  "param_names": [
    "L",
    "RL",
    "C",
    "RC",
    "Rdson",
    "Rload1",
    "Rload2",
    "Rload3",
    "Vin",
    "VF"
  ]
}