{
  "theta_log": [
    15.429167747497559,
    0.641180157661438,
    12.876487731933594,
    0.4172173738479614,
    0.040104612708091736,
    0.516389787197113,
    3.0049383640289307,
    2.1285336017608643,
    14.202439308166504,
    16.745243072509766
  ],
  "Sigma_log": [
    [
      -9677114.0,
      -72391.8359375,
      -2718497.75,
      2504239.25,
      -22496.263671875,
      601608.125,
      1082872.25,
      -1500274.625,
      -9471270.0,
      -9038426.0
    ],
    [
      -72391.859375,
      9956381.0,
      -1321.78857421875,
      26737.44921875,
      -1135.3095703125,
      -332.781982421875,
      8159.951171875,
      -11665.36328125,
      -73784.59375,
      -67897.6796875
    ],
    [
      -2718497.0,
      -1321.7841796875,
      4657201.5,
      -39444.03125,
      3017.85546875,
      -1023394.875,
      283998.03125,
      -415960.59375,
      -2725470.25,
      -2200967.75
    ],
    [
      2504238.5,
      26737.443359375,
      -39444.11328125,
      9678987.0,
      11038.255859375,
      -959051.5,
      -273042.59375,
      413122.59375,
      2853718.0,
      2446395.5
    ],
    [
      -22496.26171875,
      -1135.3094482421875,
      3017.854736328125,
      11038.255859375,
      9980713.0,
      116.85029602050781,
      2457.789794921875,
      -3632.4677734375,
      -23646.765625,
      -20323.19921875
    ],
    [
      601608.3125,
      -332.7814025878906,
      -1023394.75,
      -959051.5625,
      116.8509750366211,
      8392538.0,
      -67530.21875,
      102280.625,
      625653.5,
      525681.6875
    ],
    [
      1082872.25,
      8159.94970703125,
      283998.09375,
      -273042.65625,
      2457.789794921875,
      -67530.1953125,
      9975240.0,
      162210.546875,
      1064662.375,
      972303.5
    ],
    [
      -1500274.625,
      -11665.36328125,
      -415960.75,
      413122.71875,
      -3632.46826171875,
      102280.6015625,
      162210.546875,
      9667576.0,
      -1443713.25,
      -1338127.5
    ],
    [
      -9471270.0,
      -73784.578125,
      -2725470.75,
      2853718.75,
      -23646.767578125,
      625653.375,
      1064662.5,
      -1443713.25,
      -8927224.0,
      -8843763.0
    ],
    [
      -9038426.0,
      -67897.6640625,
      -2200968.25,
      2446396.25,
      -20323.197265625,
      525681.5,
      972303.5625,
      -1338127.5,
      -8843763.0,
      -8023233.5
    ]
  ],
  "theta_phys": [
    502.1141052246094,
    0.18987204134464264,
    39.100975036621094,
    0.15177324414253235,
    0.10409196466207504,
    1.6759661436080933,
    20.184972763061523,
    8.402536392211914,
    14724516.0,
    18722622.0
  ],
  "Sigma_phys": [
    [
      -2439780237312.0,
      -6901651.0,
      -53372678144.0,
      190841792.0,
      -1175790.625,
      506269056.0,
      10975083520.0,
      -6329707008.0,
      -7.002476454189466e+16,
      -8.49692793419858e+16
    ],
    [
      -6901654.0,
      358941.40625,
      -9813.1982421875,
      770.5062866210938,
      -22.438434600830078,
      -105.8975830078125,
      31273.517578125,
      -18610.998046875,
      -206285045760.0,
      -241369628672.0
    ],
    [
      -53372661760.0,
      -9813.166015625,
      7120331264.0,
      -234079.890625,
      12282.9658203125,
      -67065020.0,
      224146048.0,
      -136662752.0,
      -1569170193907712.0,
      -1611268523819008.0
    ],
    [
      190841728.0,
      770.5061645507812,
      -234080.375,
      222956.609375,
      174.38650512695312,
      -243950.875,
      -836476.5625,
      526847.0625,
      6377453387776.0,
      6951660421120.0
    ],
    [
      -1175790.625,
      -22.438430786132812,
      12282.962890625,
      174.38650512695312,
      108142.390625,
      20.385072708129883,
      5164.0458984375,
      -3177.089111328125,
      -36243484672.0,
      -39607365632.0
    ],
    [
      506269184.0,
      -105.89739990234375,
      -67065016.0,
      -243950.90625,
      20.385190963745117,
      23573486.0,
      -2284502.0,
      1440353.25,
      15439745777664.0,
      16495092432896.0
    ],
    [
      10975082496.0,
      31273.51171875,
      224146112.0,
      -836476.75,
      5164.04638671875,
      -2284501.25,
      4064243200.0,
      27511714.0,
      316432520839168.0,
      367448679251968.0
    ],
    [
      -6329706496.0,
      -18611.0,
      -136662800.0,
      526847.25,
      -3177.08935546875,
      1440353.0,
      27511714.0,
      682556160.0,
      -178620945399808.0,
      -210510893023232.0
    ],
    [
      -7.002476883686195e+16,
      -206284996608.0,
      -1569170596560896.0,
      6377455484928.0,
      -36243488768.0,
      15439741583360.0,
      316432554393600.0,
      -178620928622592.0,
      -1.9355236930665516e+21,
      -2.4380622203488274e+21
    ],
    [
      -8.49692707520512e+16,
      -241369563136.0,
      -1611268926472192.0,
      6951663042560.0,
      -39607361536.0,
      16495086141440.0,
      367448712806400.0,
      -210510893023232.0,
      -2.438062501823804e+21,
      -2.812436605747952e+21
    ]
  ],
  "param_names": [
    "L",
    "RL",
    "C",
    "RC",
    "Rdson",
    "Rload1",
    "Rload2",
    "Rload3",
    "Vin",
    "VF"
  ]
}