{
  "theta_log": [
    17.7329158782959,
    0.13961990177631378,
    15.234984397888184,
    -0.18256458640098572,
    0.08148201555013657,
    -0.8331193923950195,
    3.246778726577759,
    2.1071460247039795,
    14.783452987670898,
    19.190584182739258
  ],
  "Sigma_log": [
    [
      -23765604.0,
      -197300.9375,
      -4187033.75,
      4257095.0,
      -45792.109375,
      462950.59375,
      -409255.4375,
      -255424.3125,
      2305678.5,
      -29049422.0
    ],
    [
      -197300.921875,
      9953812.0,
      -18793.365234375,
      40516.64453125,
      -2281.873046875,
      -9112.140625,
      -3609.873046875,
      -2152.659423828125,
      24677.28125,
      -226556.921875
    ],
    [
      -4187033.5,
      -18793.36328125,
      3885153.25,
      391265.53125,
      -3076.835205078125,
      286812.03125,
      -43041.8828125,
      68397.3984375,
      -859611.125,
      -4081869.25
    ],
    [
      4257094.0,
      40516.64453125,
      391265.625,
      9435628.0,
      14071.998046875,
      -229742.171875,
      15162.9599609375,
      -22491.791015625,
      -325762.78125,
      4654676.0
    ],
    [
      -45792.09765625,
      -2281.872802734375,
      -3076.836181640625,
      14071.998046875,
      9960039.0,
      -12425.333984375,
      -824.23876953125,
      -442.9808044433594,
      73815.03125,
      -55266.39453125
    ],
    [
      462950.46875,
      -9112.138671875,
      286812.0,
      -229742.171875,
      -12425.3330078125,
      9288726.0,
      8666.427734375,
      11587.23828125,
      -125947.0859375,
      701756.125
    ],
    [
      -409255.34375,
      -3609.873046875,
      -43041.88671875,
      15162.9609375,
      -824.2389526367188,
      8666.4287109375,
      10079818.0,
      -4290.19580078125,
      56917.7421875,
      -586591.875
    ],
    [
      -255424.296875,
      -2152.659423828125,
      68397.4140625,
      -22491.796875,
      -442.98077392578125,
      11587.23828125,
      -4290.19580078125,
      10143779.0,
      20066.69921875,
      -217620.8125
    ],
    [
      2305678.25,
      24677.28515625,
      -859611.0625,
      -325762.78125,
      73815.03125,
      -125947.09375,
      56917.7421875,
      20066.69921875,
      10502830.0,
      2534830.0
    ],
    [
      -29049418.0,
      -226556.9375,
      -4081869.25,
      4654676.0,
      -55266.39453125,
      701756.125,
      -586591.8125,
      -217620.8125,
      2534829.75,
      -28880346.0
    ]
  ],
  "theta_phys": [
    5026.98388671875,
    0.11498366296291351,
    413.4944152832031,
    0.08331308513879776,
    0.10848937183618546,
    0.4346911907196045,
    25.707395553588867,
    8.22473430633545,
    26325222.0,
    215955776.0
  ],
  "Sigma_phys": [
    [
      -600570310164480.0,
      -114044088.0,
      -8703293521920.0,
      1782929024.0,
      -24973840.0,
      1011632896.0,
      -52888350720.0,
      -10560673792.0,
      3.0512536874490266e+17,
      -3.153623209028983e+19
    ],
    [
      -114044080.0,
      131601.765625,
      -893532.4375,
      388.1350402832031,
      -28.46523666381836,
      -455.446533203125,
      -10670.533203125,
      -2035.7916259765625,
      74697400320.0,
      -5625722437632.0
    ],
    [
      -8703292473344.0,
      -893532.4375,
      664274337792.0,
      13478900.0,
      -138026.046875,
      51552280.0,
      -457529376.0,
      232611456.0,
      -9357152116277248.0,
      -3.644966601825976e+17
    ],
    [
      1782928512.0,
      388.135009765625,
      13478904.0,
      65493.3515625,
      127.1909408569336,
      -8320.2197265625,
      32475.45703125,
      -15412.0048828125,
      -714474520576.0,
      83746661335040.0
    ],
    [
      -24973836.0,
      -28.465234756469727,
      -138026.09375,
      127.1909408569336,
      117229.1015625,
      -585.9710083007812,
      -2298.78466796875,
      -395.2701110839844,
      210816237568.0,
      -1294831190016.0
    ],
    [
      1011632704.0,
      -455.4464111328125,
      51552272.0,
      -8320.2197265625,
      -585.9708862304688,
      1755164.5,
      96845.40625,
      41426.921875,
      -1441255653376.0,
      65876707508224.0
    ],
    [
      -52888338432.0,
      -10670.5341796875,
      -457529408.0,
      32475.4609375,
      -2298.785400390625,
      96845.421875,
      6661451264.0,
      -907103.9375,
      38519246422016.0,
      -3256558825766912.0
    ],
    [
      -10560672768.0,
      -2035.7918701171875,
      232611520.0,
      -15412.0078125,
      -395.27008056640625,
      41426.91796875,
      -907103.9375,
      686188672.0,
      4344800608256.0,
      -386533500649472.0
    ],
    [
      3.051253343851643e+17,
      74697416704.0,
      -9357152116277248.0,
      -714474520576.0,
      210816221184.0,
      -1441255653376.0,
      38519246422016.0,
      4344800608256.0,
      7.278642845412391e+21,
      1.4410720544551636e+22
    ],
    [
      -3.1536229891266576e+19,
      -5625722961920.0,
      -3.644966601825976e+17,
      83746661335040.0,
      -1294831190016.0,
      65876707508224.0,
      -3256558557331456.0,
      -386533500649472.0,
      1.4410719418651729e+22,
      -1.3468897391178433e+24
    ]
  ],
  "param_names": [
    "L",
    "RL",
    "C",
    "RC",
    "Rdson",
    "Rload1",
    "Rload2",
    "Rload3",
    "Vin",
    "VF"
  ]
}