{
  "L": 0.0007280916324816644,
  "RL": 0.3307720422744751,
  "C": 0.00015642881044186652,
  "RC": 0.1894681453704834,
  "Rdson": 0.22066453099250793,
  "Rloads": [
    3.0997276306152344,
    10.149662971496582,
    6.109775066375732
  ],
  "Vin": 48.224552154541016,
  "VF": 1.0985950231552124
}