{
  "L": 0.0007276480318978429,
  "RL": 0.32087647914886475,
  "C": 0.0001628100872039795,
  "RC": 0.19510045647621155,
  "Rdson": 0.21960406005382538,
  "Rloads": [
    3.100459337234497,
    10.17469596862793,
    6.1069560050964355
  ],
  "Vin": 48.13214111328125,
  "VF": 1.0971369743347168
}