{
  "L": 0.0007265047752298415,
  "RL": 0.3140653967857361,
  "C": 0.0001645068550715223,
  "RC": 0.20079195499420166,
  "Rdson": 0.2224917709827423,
  "Rloads": [
    3.0999553203582764,
    10.19684886932373,
    6.098715305328369
  ],
  "Vin": 48.05471420288086,
  "VF": 1.0483893156051636
}