{
  "L": 0.0007253833464346826,
  "RL": 0.3136448860168457,
  "C": 0.00016452166892122477,
  "RC": 0.20079219341278076,
  "Rdson": 0.22192983329296112,
  "Rloads": [
    3.0999526977539062,
    10.196907043457031,
    6.098738670349121
  ],
  "Vin": 48.01667785644531,
  "VF": 1.0094271898269653
}