{
  "L": 0.0007255205418914557,
  "RL": 0.31089115142822266,
  "C": 0.000165359495440498,
  "RC": 0.195053830742836,
  "Rdson": 0.22800402343273163,
  "Rloads": [
    3.101094961166382,
    10.175373077392578,
    6.1094207763671875
  ],
  "Vin": 48.06132888793945,
  "VF": 1.064763069152832
}