{
  "L": 0.000726718339137733,
  "RL": 0.31634223461151123,
  "C": 0.00016464790678583086,
  "RC": 0.20569613575935364,
  "Rdson": 0.21902063488960266,
  "Rloads": [
    3.0997061729431152,
    10.190864562988281,
    6.1027045249938965
  ],
  "Vin": 48.0438232421875,
  "VF": 1.0434409379959106
}