{
  "L": 0.0007247866597026587,
  "RL": 0.3118096590042114,
  "C": 0.0001644862932153046,
  "RC": 0.20085959136486053,
  "Rdson": 0.22455978393554688,
  "Rloads": [
    3.100616216659546,
    10.19980239868164,
    6.098604202270508
  ],
  "Vin": 47.99629592895508,
  "VF": 0.9971891641616821
}