{
  "L": 0.0007286403561010957,
  "RL": 0.31359878182411194,
  "C": 0.0001595064386492595,
  "RC": 0.2144414186477661,
  "Rdson": 0.23739752173423767,
  "Rloads": [
    3.0919559001922607,
    10.221240043640137,
    6.0985612869262695
  ],
  "Vin": 48.20534133911133,
  "VF": 1.156411051750183
}