{
  "theta_log": [
    1.9860100746154785,
    1.1429442167282104,
    0.4669141173362732,
    0.7628663778305054,
    0.8645658493041992,
    1.1288038492202759,
    2.324467897415161,
    1.808052897453308,
    1.5728847980499268,
    0.1453212946653366
  ],
  "Sigma_log": [
    [
      0.0022928889375180006,
      0.002272149780765176,
      -8.237208930950146e-06,
      9.164081120616174e-07,
      0.0023331150878220797,
      6.394944875864894e-07,
      -5.265772870188812e-06,
      -1.4613076473324327e-06,
      0.0011569812195375562,
      0.04975811392068863
    ],
    [
      0.0022721607238054276,
      0.013294540345668793,
      -4.665913002099842e-05,
      -1.4842670680081937e-05,
      -0.01225138921290636,
      2.543596383475233e-05,
      -6.84170809108764e-05,
      -9.065795893548056e-06,
      0.0011471088510006666,
      0.0359775647521019
    ],
    [
      -8.236607754952274e-06,
      -4.665837332140654e-05,
      0.006908323150128126,
      3.6423902201931924e-05,
      -5.288517058943398e-05,
      7.119822839740664e-05,
      -6.304463749984279e-05,
      8.691965194884688e-05,
      -4.800825536221964e-06,
      -7.334028487093747e-05
    ],
    [
      9.165378287434578e-07,
      -1.4842546988802496e-05,
      3.6423989513423294e-05,
      0.00091397954383865,
      -1.7839192878454924e-06,
      -2.0083500203327276e-05,
      -2.885907633753959e-05,
      -2.4752438548603095e-05,
      -1.6078647604444996e-06,
      -6.706774001941085e-05
    ],
    [
      0.0023331064730882645,
      -0.012251409702003002,
      -5.2885854529449716e-05,
      -1.7840905002231011e-06,
      0.033185482025146484,
      -3.6289170566305984e-06,
      1.161983504971431e-06,
      -9.786945156520233e-06,
      0.0014556912938132882,
      0.06821054965257645
    ],
    [
      6.395584364327078e-07,
      2.5436038413317874e-05,
      7.119831570889801e-05,
      -2.0083503841306083e-05,
      -3.6288688534114044e-06,
      5.532266732188873e-05,
      -1.0144721329652384e-07,
      1.5474660131076234e-06,
      7.81061316956766e-07,
      -2.8632930479943752e-06
    ],
    [
      -5.265861091174884e-06,
      -6.841716822236776e-05,
      -6.304463022388518e-05,
      -2.8859083613497205e-05,
      1.161845943897788e-06,
      -1.0144687223601068e-07,
      0.0005448145675472915,
      6.727959203089995e-07,
      -5.305128070176579e-06,
      7.1176327764987946e-06
    ],
    [
      -1.4612884342568577e-06,
      -9.065784979611635e-06,
      8.691965922480449e-05,
      -2.4752434910624288e-05,
      -9.786912414710969e-06,
      1.5474643078050576e-06,
      6.727953518748109e-07,
      0.00019986920233350247,
      -1.6297390175168402e-06,
      4.7946086851879954e-06
    ],
    [
      0.001156981335952878,
      0.0011471034958958626,
      -4.801138857146725e-06,
      -1.6079302440630272e-06,
      0.0014556956011801958,
      7.81026983531774e-07,
      -5.305080776452087e-06,
      -1.6297486808980466e-06,
      0.0005920976400375366,
      0.02510700561106205
    ],
    [
      0.04975809529423714,
      0.03597730025649071,
      -7.33530250727199e-05,
      -6.707054853904992e-05,
      0.06821071356534958,
      -2.8647223189182114e-06,
      7.119673682609573e-06,
      4.7942157834768295e-06,
      0.025106990709900856,
      1.1000347137451172
    ]
  ],
  "theta_phys": [
    0.0007286403561010957,
    0.31359878182411194,
    0.0001595064386492595,
    0.2144414186477661,
    0.23739752173423767,
    3.0919559001922607,
    10.221240043640137,
    6.0985612869262695,
    48.20534133911133,
    1.156411051750183
  ],
  "Sigma_phys": [
    [
      1.2173332342158005e-09,
      5.191878926780191e-07,
      -9.573517109270901e-13,
      1.4318937702206824e-10,
      4.035762231069384e-07,
      1.440732422253177e-09,
      -3.9217415093162344e-08,
      -6.493551030217759e-09,
      4.063822052557953e-05,
      4.192657070234418e-05
    ],
    [
      5.191903369450301e-07,
      0.001307440921664238,
      -2.333937487719595e-09,
      -9.981483799492707e-07,
      -0.0009120861650444567,
      2.4663564545335248e-05,
      -0.0002193019463447854,
      -1.7338346879114397e-05,
      0.017341000959277153,
      0.01304723136126995
    ],
    [
      -9.57281888307182e-13,
      -2.333899518092153e-09,
      1.7576366750926553e-10,
      1.2458718501306976e-09,
      -2.0025727742734034e-09,
      3.5114030794147766e-08,
      -1.0278505158112239e-07,
      8.45519423364749e-08,
      -3.6913846201969136e-08,
      -1.3527983178107661e-08
    ],
    [
      1.4320965247005546e-10,
      -9.981399671232793e-07,
      1.245874847732864e-09,
      4.2029463656945154e-05,
      -9.081551155531997e-08,
      -1.3316232980287168e-05,
      -6.325497088255361e-05,
      -3.2370844564866275e-05,
      -1.6620853784843348e-05,
      -1.663162220211234e-05
    ],
    [
      4.0357474517804803e-07,
      -0.0009120877366513014,
      -2.0025985314475747e-09,
      -9.082422991468775e-08,
      0.0018702534725889564,
      -2.663707391548087e-06,
      2.819549763444229e-06,
      -1.4169376299832948e-05,
      0.016658682376146317,
      0.01872578263282776
    ],
    [
      1.4408765292017733e-09,
      2.466363730491139e-05,
      3.511407697942559e-08,
      -1.3316234799276572e-05,
      -2.6636719212547177e-06,
      0.0005288952961564064,
      -3.206099563612952e-06,
      2.917976598837413e-05,
      0.00011641624587355182,
      -1.0237910828436725e-05
    ],
    [
      -3.9218068792479244e-08,
      -0.00021930222283117473,
      -1.0278504447569503e-07,
      -6.325499271042645e-05,
      2.819215751515003e-06,
      -3.206088877050206e-06,
      0.05691881850361824,
      4.19386378780473e-05,
      -0.002613933989778161,
      8.413010073127225e-05
    ],
    [
      -6.493466209178678e-09,
      -1.7338326870230958e-05,
      8.455194944190225e-08,
      -3.237084092688747e-05,
      -1.4169329006108455e-05,
      2.917973506555427e-05,
      4.193860149825923e-05,
      0.007433625403791666,
      -0.0004791159590240568,
      3.3813706977525726e-05
    ],
    [
      4.063822780153714e-05,
      0.017340919002890587,
      -3.691625849455704e-08,
      -1.662153226789087e-05,
      0.016658730804920197,
      0.00011641112359939143,
      -0.0026139107067137957,
      -0.00047911875299178064,
      1.375889778137207,
      1.399594783782959
    ],
    [
      4.192655615042895e-05,
      0.013047135435044765,
      -1.3530333298206187e-08,
      -1.6632317056064494e-05,
      0.01872582733631134,
      -1.0243020369671285e-05,
      8.415422053076327e-05,
      3.381093847565353e-05,
      1.3995939493179321,
      1.4710615873336792
    ]
  ],
  "param_names": [
    "L",
    "RL",
    "C",
    "RC",
    "Rdson",
    "Rload1",
    "Rload2",
    "Rload3",
    "Vin",
    "VF"
  ]
}