{
  "theta_log": [
    1.9807071685791016,
    1.1372227668762207,
    0.49765703082084656,
    0.6974359154701233,
    0.8089717626571655,
    1.1316008567810059,
    2.3223683834075928,
    1.8080599308013916,
    1.568538784980774,
    -0.0028147937264293432
  ],
  "Sigma_log": [
    [
      2.2044676370569505e-05,
      2.2180891392054036e-05,
      -3.002153050601919e-07,
      3.933299907998844e-08,
      2.1992029360262677e-05,
      1.7604397939408045e-09,
      -4.114847484970596e-08,
      -1.9340083312613388e-08,
      1.1076800547016319e-05,
      0.0005507294554263353
    ],
    [
      2.2180900487001054e-05,
      0.0001287216873606667,
      -8.703170237822633e-07,
      -2.3386013126014404e-08,
      -0.00012540005263872445,
      2.2952224298933288e-07,
      -6.283961511144298e-07,
      -9.53936378778053e-08,
      1.1150081263622269e-05,
      0.0004060268111061305
    ],
    [
      -3.0021266184121487e-07,
      -8.70315091106022e-07,
      7.013264257693663e-05,
      4.431124978054868e-07,
      -1.7305873711848108e-07,
      9.180957931675948e-07,
      -8.146838581524207e-07,
      8.799421493677073e-07,
      -1.4992019714554772e-07,
      -6.0456814026110806e-06
    ],
    [
      3.933355685603601e-08,
      -2.338483895414356e-08,
      4.431091724654834e-07,
      9.918463547364809e-06,
      -1.9306091303405992e-07,
      -2.0600570849182986e-07,
      -3.015059064637171e-07,
      -2.598900437078555e-07,
      -1.8806893820055848e-09,
      -1.012424490909325e-07
    ],
    [
      2.1992085748934187e-05,
      -0.000125400023534894,
      -1.7306253141669004e-07,
      -1.9306068566038448e-07,
      0.00034991957363672554,
      -3.5960255218014936e-08,
      2.6127541019604905e-08,
      -8.735847956131693e-08,
      1.3864791981177405e-05,
      0.0007547661080025136
    ],
    [
      1.7607345581538425e-09,
      2.2952247036300832e-07,
      9.180994879898208e-07,
      -2.0600570849182986e-07,
      -3.595959796598436e-08,
      5.679186187990126e-07,
      -5.141315373435873e-09,
      1.797327797703474e-08,
      5.207418496411265e-09,
      -1.284461177419871e-07
    ],
    [
      -4.114825458145788e-08,
      -6.283960374275921e-07,
      -8.146838013090019e-07,
      -3.0150584962029825e-07,
      2.6127928265395894e-08,
      -5.141305603473256e-09,
      5.538358436751878e-06,
      3.7936866981169715e-09,
      -4.518244622886414e-08,
      2.7064879759564064e-07
    ],
    [
      -1.9340054890903957e-08,
      -9.539361656152323e-08,
      8.79942263054545e-07,
      -2.598900152861461e-07,
      -8.735847245588957e-08,
      1.7973256660752668e-08,
      3.793688918563021e-09,
      2.0354189018689794e-06,
      -1.7842150867863893e-08,
      -8.334768608619925e-08
    ],
    [
      1.1076802366005722e-05,
      1.115007671614876e-05,
      -1.4992151875503623e-07,
      -1.8809807045272464e-09,
      1.3864768334315158e-05,
      5.207272835150434e-09,
      -4.5182545704847143e-08,
      -1.784216330236177e-08,
      5.645355486194603e-06,
      0.00027671869611367583
    ],
    [
      0.0005507294554263353,
      0.00040602654917165637,
      -6.045746431482257e-06,
      -1.0125574334551857e-07,
      0.0007547647110186517,
      -1.284532231693447e-07,
      2.706435964228149e-07,
      -8.334813372812278e-08,
      0.0002767187834251672,
      0.014017719775438309
    ]
  ],
  "theta_phys": [
    0.0007247866597026587,
    0.3118096590042114,
    0.0001644862932153046,
    0.20085959136486053,
    0.22455978393554688,
    3.100616216659546,
    10.19980239868164,
    6.098604202270508,
    47.99629592895508,
    0.9971891641616821
  ],
  "Sigma_phys": [
    [
      1.1580414578660214e-11,
      5.01278130116134e-09,
      -3.5790909624043576e-14,
      5.726111858977978e-12,
      3.5793772390491085e-09,
      3.956210359312706e-12,
      -3.041975282780385e-10,
      -8.548678431807843e-11,
      3.8532951407432847e-07,
      3.980393898928014e-07
    ],
    [
      5.012783077518179e-09,
      1.251499998033978e-05,
      -4.4637182838869194e-11,
      -1.4646650559058116e-09,
      -8.780501048022415e-06,
      2.2190258164300758e-07,
      -1.998549123527482e-06,
      -1.8140089252938196e-07,
      0.00016686887829564512,
      0.00012624722148757428
    ],
    [
      -3.57905945277872e-14,
      -4.463708222490759e-11,
      1.8974906281638004e-12,
      1.463983795302326e-11,
      -6.392271694605212e-12,
      4.682370047248696e-10,
      -1.3668175480319178e-09,
      8.827023001423129e-10,
      -1.1835799007542391e-09,
      -9.916365506512648e-10
    ],
    [
      5.72619295730048e-12,
      -1.4645915591415815e-09,
      1.4639728665444274e-11,
      4.0015621038946847e-07,
      -8.708010312830083e-09,
      -1.2829798379243584e-07,
      -6.177036198096175e-07,
      -3.183557168995321e-07,
      -1.813081595969379e-08,
      -2.027835677154144e-08
    ],
    [
      3.5793865649225154e-09,
      -8.78049831953831e-06,
      -6.392412207206766e-12,
      -8.707999654689047e-09,
      1.7645426851231605e-05,
      -2.5038179529701665e-08,
      5.984423268046157e-08,
      -1.1963754786847858e-07,
      0.00014943526184652,
      0.00016901369963306934
    ],
    [
      3.956873023680529e-12,
      2.219027948058283e-07,
      4.682388921040115e-10,
      -1.2829799800329056e-07,
      -2.50377212296371e-08,
      5.459868134494172e-06,
      -1.6259755852843227e-07,
      3.398644423668884e-07,
      7.749580959170999e-07,
      -3.9714265653856273e-07
    ],
    [
      -3.0419591845465277e-10,
      -1.9985486687801313e-06,
      -1.3668175480319178e-09,
      -6.177035061227798e-07,
      5.984512085888127e-08,
      -1.6259726010048325e-07,
      0.0005761884967796504,
      2.3598460074936156e-07,
      -2.2119189452496357e-05,
      2.752804675765219e-06
    ],
    [
      -8.548665941798816e-11,
      -1.8140084989681782e-07,
      8.827024111646153e-10,
      -3.183556884778227e-07,
      -1.1963754786847858e-07,
      3.3986404446295637e-07,
      2.3598474285790871e-07,
      7.570327579742298e-05,
      -5.22258324053837e-06,
      -5.068757786830247e-07
    ],
    [
      3.8532957091774733e-07,
      0.00016686880553606898,
      -1.1835903368506706e-09,
      -1.8133624379856883e-08,
      0.0001494349999120459,
      7.74936381731095e-07,
      -2.2119238565210253e-05,
      -5.222586878517177e-06,
      0.013004892505705357,
      0.013244139961898327
    ],
    [
      3.98039361471092e-07,
      0.0001262471341760829,
      -9.916472087923012e-10,
      -2.02810195304437e-08,
      0.00016901339404284954,
      -3.9716465494166187e-07,
      2.7527519250725163e-06,
      -5.0687850716713e-07,
      0.013244145549833775,
      0.013939027674496174
    ]
  ],
  "param_names": [
    "L",
    "RL",
    "C",
    "RC",
    "Rdson",
    "Rload1",
    "Rload2",
    "Rload3",
    "Vin",
    "VF"
  ]
}