{
  "theta_log": [
    1.9833687543869019,
    1.1516544818878174,
    0.4986390769481659,
    0.7212297916412354,
    0.7839957475662231,
    1.1313073635101318,
    2.3214917182922363,
    1.808732032775879,
    1.5695284605026245,
    0.04252384603023529
  ],
  "Sigma_log": [
    [
      0.0005519504775293171,
      0.0005584968021139503,
      -6.34908928986988e-06,
      8.285287549369968e-07,
      0.0005472041084431112,
      8.480866142690502e-08,
      -1.0518630233491422e-06,
      -5.250848289506393e-07,
      0.00027766465791501105,
      0.013195982202887535
    ],
    [
      0.0005584984901361167,
      0.0031645249109715223,
      -2.0751644115080126e-05,
      -6.87945032495918e-07,
      -0.003195064840838313,
      5.8465288930165116e-06,
      -1.5911968148429878e-05,
      -2.469146693329094e-06,
      0.00028108179685659707,
      0.009844622574746609
    ],
    [
      -6.349027898977511e-06,
      -2.0751444026245736e-05,
      0.0017690119566395879,
      1.0631963959895074e-05,
      -3.3851320040412247e-06,
      2.3198079361463897e-05,
      -2.1565490897046402e-05,
      2.2751797587261535e-05,
      -3.1853967357164947e-06,
      -0.00011641580204013735
    ],
    [
      8.285578587674536e-07,
      -6.879084821775905e-07,
      1.0632015801093075e-05,
      0.0002379383222432807,
      -5.1248484851385e-06,
      -5.070771749160485e-06,
      -7.461594123014947e-06,
      -6.430271241697483e-06,
      -1.250516561412951e-07,
      -6.274487532209605e-06
    ],
    [
      0.0005471988115459681,
      -0.0031950732227414846,
      -3.3851222269731807e-06,
      -5.12486894876929e-06,
      0.009211188182234764,
      -8.767580652602192e-07,
      7.112310527190857e-07,
      -2.3132840851758374e-06,
      0.00034775049425661564,
      0.018141424283385277
    ],
    [
      8.479928936822034e-08,
      5.846519798069494e-06,
      2.3197908376459964e-05,
      -5.070771749160485e-06,
      -8.76760566370649e-07,
      1.429467010893859e-05,
      -1.434412695289211e-07,
      4.627772796084173e-07,
      1.5382170204247814e-07,
      -2.1993619157001376e-06
    ],
    [
      -1.0518276667426107e-06,
      -1.591192267369479e-05,
      -2.1565490897046402e-05,
      -7.461594123014947e-06,
      7.112442972356803e-07,
      -1.4344260534926434e-07,
      0.00013903829676564783,
      8.516038008110627e-08,
      -1.158266059064772e-06,
      6.714704795740545e-06
    ],
    [
      -5.250656727184833e-07,
      -2.4691214548511198e-06,
      2.275179031130392e-05,
      -6.430271241697483e-06,
      -2.3132729438657407e-06,
      4.6277767751234933e-07,
      8.516035165939684e-08,
      5.1257458835607395e-05,
      -4.734548610940692e-07,
      -2.7046298782806844e-06
    ],
    [
      0.0002776646288111806,
      0.0002810807782225311,
      -3.185429704899434e-06,
      -1.250661512131046e-07,
      0.00034775305539369583,
      1.5382590845547384e-07,
      -1.1582836805246188e-06,
      -4.734643823667284e-07,
      0.00014167973131407052,
      0.0066382186487317085
    ],
    [
      0.013195982202887535,
      0.009844583459198475,
      -0.00011641714081633836,
      -6.275176474446198e-06,
      0.018141550943255424,
      -2.199136815761449e-06,
      6.713863058394054e-06,
      -2.705082579268492e-06,
      0.006638220977038145,
      0.3214409351348877
    ]
  ],
  "theta_phys": [
    0.000726718339137733,
    0.31634223461151123,
    0.00016464790678583086,
    0.20569613575935364,
    0.21902063488960266,
    3.0997061729431152,
    10.190864562988281,
    6.1027045249938965,
    48.0438232421875,
    1.0434409379959106
  ],
  "Sigma_phys": [
    [
      2.914958552313607e-10,
      1.2839377916407102e-07,
      -7.596853376402868e-13,
      1.2385109604551303e-10,
      8.709645982207803e-08,
      1.9104112736201273e-10,
      -7.789980216443837e-09,
      -2.3287236583513504e-09,
      9.694475011201575e-06,
      1.0006350748881232e-05
    ],
    [
      1.2839417706800305e-07,
      0.00031668166047893465,
      -1.0808511863302783e-09,
      -4.476484249948953e-08,
      -0.0002213716070400551,
      5.732918907597195e-06,
      -5.129701821715571e-05,
      -4.766794063471025e-06,
      0.004271962679922581,
      0.0032495565246790648
    ],
    [
      -7.596780192756225e-13,
      -1.0808407502338468e-09,
      4.7956028037532406e-11,
      3.600773845757743e-10,
      -1.2207222732651957e-10,
      1.1839375702038524e-08,
      -3.618483290779295e-08,
      2.286095046599712e-08,
      -2.5197492092843277e-08,
      -2.0000278766474366e-08
    ],
    [
      1.2385543979309688e-10,
      -4.4762465734038415e-08,
      3.600791331770381e-10,
      1.006738511932781e-05,
      -2.3088313128027949e-07,
      -3.2331120110029588e-06,
      -1.5641153368051164e-05,
      -8.071936463238671e-06,
      -1.235814011124603e-06,
      -1.346704266325105e-06
    ],
    [
      8.709561427622248e-08,
      -0.000221372174564749,
      -1.2207186650403656e-10,
      -2.3088405498583597e-07,
      0.00044186104787513614,
      -5.952307446932537e-07,
      1.5874745713517768e-06,
      -3.0919775326765375e-06,
      0.0036592355463653803,
      0.004145951941609383
    ],
    [
      1.9102001924675704e-10,
      5.732909812650178e-06,
      1.1839287772374973e-08,
      -3.2331117836292833e-06,
      -5.952324499958195e-07,
      0.00013734573440160602,
      -4.531121248874115e-06,
      8.754168447921984e-06,
      2.290739575983025e-05,
      -7.113529136404395e-06
    ],
    [
      -7.789718203810025e-09,
      -5.1296872698003426e-05,
      -3.618483646050663e-08,
      -1.5641153368051164e-05,
      1.5875041299295845e-06,
      -4.531163085630396e-06,
      0.014439644291996956,
      5.296280505717732e-06,
      -0.0005670964601449668,
      7.140125671867281e-05
    ],
    [
      -2.328638615267664e-09,
      -4.766745860251831e-06,
      2.2860941584212924e-08,
      -8.071936463238671e-06,
      -3.0919627533876337e-06,
      8.754175723879598e-06,
      5.2962786867283285e-06,
      0.0019089817069470882,
      -0.00013881566701456904,
      -1.7222573660546914e-05
    ],
    [
      9.694473192212172e-06,
      0.0042719473131000996,
      -2.519775144094183e-08,
      -1.2359572565401322e-06,
      0.003659262554720044,
      2.290802149218507e-05,
      -0.000567105074878782,
      -0.0001388184609822929,
      0.3270264267921448,
      0.33277982473373413
    ],
    [
      1.0006350748881232e-05,
      0.003249543718993664,
      -2.000050791650665e-08,
      -1.3468522865878185e-06,
      0.004145980812609196,
      -7.112801085895626e-06,
      7.139230001484975e-05,
      -1.7225456758751534e-05,
      0.3327799439430237,
      0.34997493028640747
    ]
  ],
  "param_names": [
    "L",
    "RL",
    "C",
    "RC",
    "Rdson",
    "Rload1",
    "Rload2",
    "Rload3",
    "Vin",
    "VF"
  ]
}