{
  "L": 0.0007250519702211022,
  "RL": 0.31100794672966003,
  "C": 0.00016489403788000345,
  "RC": 0.20024225115776062,
  "Rdson": 0.2267744541168213,
  "Rloads": [
    3.1002376079559326,
    10.198686599731445,
    6.099907875061035
  ],
  "Vin": 48.02337646484375,
  "VF": 1.0253188610076904
}