{
  "L": 0.0007197525701485574,
  "RL": 0.34145766496658325,
  "C": 0.00016399445303250104,
  "RC": 0.2030830830335617,
  "Rdson": 0.16926489770412445,
  "Rloads": [
    3.098724603652954,
    10.188377380371094,
    6.1050310134887695
  ],
  "Vin": 47.73734664916992,
  "VF": 0.6940450072288513
}