{
  "L": 0.0007264355081133544,
  "RL": 0.3504585325717926,
  "C": 0.00016281976422760636,
  "RC": 0.19581738114356995,
  "Rdson": 0.15843282639980316,
  "Rloads": [
    3.0944364070892334,
    10.187952041625977,
    6.101240158081055
  ],
  "Vin": 47.86415481567383,
  "VF": 0.8246187567710876
}