{
  "theta_log": [
    1.9810731410980225,
    1.134648323059082,
    0.5001328587532043,
    0.6943577527999878,
    0.8187857270240784,
    1.1314787864685059,
    2.322258949279785,
    1.8082736730575562,
    1.5691027641296387,
    0.025003647431731224
  ],
  "Sigma_log": [
    [
      2.1582909539574757e-05,
      2.1708843632950447e-05,
      -2.898185584854218e-07,
      3.793581981881289e-08,
      2.155712354579009e-05,
      1.8026282688765605e-09,
      -4.033936562564122e-08,
      -1.8882605701264765e-08,
      1.0851015758817084e-05,
      0.000525004870723933
    ],
    [
      2.170874176954385e-05,
      0.00012669821444433182,
      -8.314340220749727e-07,
      -3.2844351238736635e-08,
      -0.00012192347639938816,
      2.2596304916078225e-07,
      -6.169186121951498e-07,
      -9.322587146698424e-08,
      1.0918932275671978e-05,
      0.00038647273322567344
    ],
    [
      -2.8981290256524517e-07,
      -8.314307820000977e-07,
      6.898587162140757e-05,
      4.317782327234454e-07,
      -2.132857019887524e-07,
      8.914170166463009e-07,
      -8.036703320613015e-07,
      8.837095037961262e-07,
      -1.4524326275022759e-07,
      -5.687812063115416e-06
    ],
    [
      3.793644154370668e-08,
      -3.284320726493206e-08,
      4.317777779760945e-07,
      9.76259707385907e-06,
      -1.6794254520391405e-07,
      -2.0321878935192217e-07,
      -2.9639929266522813e-07,
      -2.5537659098517906e-07,
      -1.955708484047136e-09,
      -9.762948138813954e-08
    ],
    [
      2.15571799344616e-05,
      -0.00012192332360427827,
      -2.132937453325212e-07,
      -1.6794271573417063e-07,
      0.0003368738398421556,
      -3.58713911907671e-08,
      2.498011753004903e-08,
      -8.599708678502793e-08,
      1.3569373550126329e-05,
      0.0007182877161540091
    ],
    [
      1.8024658432480578e-09,
      2.259628075762521e-07,
      8.914191198527988e-07,
      -2.032187182976486e-07,
      -3.587159369544679e-08,
      5.584707309935766e-07,
      -4.940592823743373e-09,
      1.776784763762862e-08,
      5.1279442914164974e-09,
      -1.2116424841224216e-07
    ],
    [
      -4.033850942164463e-08,
      -6.169178163872857e-07,
      -8.036702752178826e-07,
      -2.963992642435187e-07,
      2.4980865376278416e-08,
      -4.940552411625276e-09,
      5.450650405691704e-06,
      3.44492101511662e-09,
      -4.426506450272427e-08,
      2.556707840994932e-07
    ],
    [
      -1.8882850838508602e-08,
      -9.322615568407855e-08,
      8.837095037961262e-07,
      -2.5537659098517906e-07,
      -8.599742074011374e-08,
      1.776781566320551e-08,
      3.444923457607274e-09,
      2.004711177505669e-06,
      -1.7457221446193216e-08,
      -7.8662424130016e-08
    ],
    [
      1.0851014849322382e-05,
      1.0918982297880575e-05,
      -1.4524611913202534e-07,
      -1.9560211228508706e-09,
      1.3569344446295872e-05,
      5.128004687549037e-09,
      -4.426548372293837e-08,
      -1.7457097101214458e-08,
      5.53340396436397e-06,
      0.0002639451122377068
    ],
    [
      0.0005250050453469157,
      0.000386475381674245,
      -5.687953944288893e-06,
      -9.764406172507734e-08,
      0.0007182864937931299,
      -1.2116022674035776e-07,
      2.556497520345147e-07,
      -7.865644846560826e-08,
      0.00026394519954919815,
      0.013011106289923191
    ]
  ],
  "theta_phys": [
    0.0007250519702211022,
    0.31100794672966003,
    0.00016489403788000345,
    0.20024225115776062,
    0.2267744541168213,
    3.1002376079559326,
    10.198686599731445,
    6.099907875061035,
    48.02337646484375,
    1.0253188610076904
  ],
  "Sigma_phys": [
    [
      1.134614277531476e-11,
      4.8952775166810625e-09,
      -3.464976650871185e-14,
      5.5077513730350525e-12,
      3.5444924773031516e-09,
      4.0520082948691805e-12,
      -2.9829255732138904e-10,
      -8.351305064158154e-11,
      3.7782632489324897e-07,
      3.90293593000024e-07
    ],
    [
      4.89525442404215e-09,
      1.2255004548933357e-05,
      -4.263872588339268e-11,
      -2.0454453686369334e-09,
      -8.599098691774998e-06,
      2.1787325010791392e-07,
      -1.9567871731851483e-06,
      -1.7686065234556736e-07,
      0.0001630813640076667,
      0.00012323932605795562
    ],
    [
      -3.4649088882354045e-14,
      -4.263856281938594e-11,
      1.8757289558385404e-12,
      1.4256779784505014e-11,
      -7.975553377448374e-12,
      4.5570192064303683e-10,
      -1.3515345509418353e-09,
      8.888689784214421e-10,
      -1.1501477548137018e-09,
      -9.61632551366165e-10
    ],
    [
      5.507841578655803e-12,
      -2.0453743143633574e-09,
      1.425676417199373e-11,
      3.9145047026067914e-07,
      -7.62624186023686e-09,
      -1.2615792854830943e-07,
      -6.053090260138561e-07,
      -3.119321263511665e-07,
      -1.8806696644446674e-08,
      -2.004452070991647e-08
    ],
    [
      3.5445018031765585e-09,
      -8.599088687333278e-06,
      -7.975854351971456e-12,
      -7.626249853842637e-09,
      1.7324295185972005e-05,
      -2.521954911571811e-08,
      5.7774055761683485e-08,
      -1.1896005958078604e-07,
      0.00014777692558709532,
      0.0001670134806772694
    ],
    [
      4.051642701896618e-12,
      2.1787300852338376e-07,
      4.557029753549102e-10,
      -1.2615788591574528e-07,
      -2.521969122426526e-08,
      5.367726771510206e-06,
      -1.5621340310190135e-07,
      3.3601065752009163e-07,
      7.634682788193459e-07,
      -3.8514869515893224e-07
    ],
    [
      -2.982862568057243e-10,
      -1.9567846720747184e-06,
      -1.3515344399195328e-09,
      -6.053089691704372e-07,
      5.777578238053138e-08,
      -1.5621212412497698e-07,
      0.000566939648706466,
      2.1431215202483145e-07,
      -2.16799380723387e-05,
      2.6735253868537256e-06
    ],
    [
      -8.351413310903055e-11,
      -1.7686117814719182e-07,
      8.888689784214421e-10,
      -3.119320979294571e-07,
      -1.1896052143356428e-07,
      3.360100606641936e-07,
      2.143122941333786e-07,
      7.459305197698995e-05,
      -5.113886345498031e-06,
      -4.91982405037561e-07
    ],
    [
      3.7782632489324897e-07,
      0.00016308212070725858,
      -1.1501704033634041e-09,
      -1.880970401657578e-08,
      0.0001477766054449603,
      7.634772600795259e-07,
      -2.1680141799151897e-05,
      -5.11384996570996e-06,
      0.012761382386088371,
      0.012996465899050236
    ],
    [
      3.902937066868617e-07,
      0.00012324017006903887,
      -9.616565321834969e-10,
      -2.004751209483402e-08,
      0.00016701318963896483,
      -3.8513590538968856e-07,
      2.6733052891358966e-06,
      -4.919450020679506e-07,
      0.012996469624340534,
      0.013678300194442272
    ]
  ],
  "param_names": [
    "L",
    "RL",
    "C",
    "RC",
    "Rdson",
    "Rload1",
    "Rload2",
    "Rload3",
    "Vin",
    "VF"
  ]
}