{
  "theta_log": [
    1.9737372398376465,
    1.2280534505844116,
    0.49466243386268616,
    0.7084450125694275,
    0.5262947678565979,
    1.1309906244277954,
    2.3212475776672363,
    1.8091132640838623,
    1.56312894821167,
    -0.36521846055984497
  ],
  "Sigma_log": [
    [
      0.0005669533275067806,
      0.0005688756355084479,
      -6.094791388022713e-06,
      7.893997917562956e-07,
      0.0005683852359652519,
      9.210824458705247e-08,
      -1.0936755643342622e-06,
      -5.091940806778439e-07,
      0.00028338440461084247,
      0.020103726536035538
    ],
    [
      0.0005688740639016032,
      0.0028670092578977346,
      -1.8910328435595147e-05,
      -1.222555511048995e-06,
      -0.004055046942085028,
      5.574882834480377e-06,
      -1.5129324310692027e-05,
      -2.3265711206477135e-06,
      0.0002844593836925924,
      0.01514371670782566
    ],
    [
      -6.0947145357204136e-06,
      -1.8910317521658726e-05,
      0.001827739761210978,
      1.1560496204765514e-05,
      -5.331191005097935e-06,
      2.28292410611175e-05,
      -2.3122074708226137e-05,
      2.4813258278300054e-05,
      -3.0565936413040617e-06,
      -0.00016317849804181606
    ],
    [
      7.89385751431837e-07,
      -1.2225615364513942e-06,
      1.1560542588995304e-05,
      0.00025483095669187605,
      -5.51188395547797e-06,
      -5.387742021412123e-06,
      -7.903846380941104e-06,
      -6.6633815549721476e-06,
      -1.5982743661879795e-07,
      -1.148966111941263e-05
    ],
    [
      0.0005683922790922225,
      -0.004055039491504431,
      -5.3313810894906055e-06,
      -5.511847120942548e-06,
      0.015499244444072247,
      -1.3037534927207162e-06,
      1.2506811799539719e-06,
      -2.951163423858816e-06,
      0.00038107321597635746,
      0.030283123254776
    ],
    [
      9.211345286530559e-08,
      5.574886472459184e-06,
      2.282906643813476e-05,
      -5.387742021412123e-06,
      -1.3037430335316458e-06,
      1.479111688240664e-05,
      -1.4182249685745774e-07,
      4.788853971149365e-07,
      1.594028162799077e-07,
      -3.297827788628638e-06
    ],
    [
      -1.093687842512736e-06,
      -1.5129325220186729e-05,
      -2.3122072889236733e-05,
      -7.903846380941104e-06,
      1.2506387747635017e-06,
      -1.4182130314566166e-07,
      0.00014426982670556754,
      5.570377226149503e-08,
      -1.1918368727492634e-06,
      1.007618266157806e-05
    ],
    [
      -5.091889647701464e-07,
      -2.3265633899427485e-06,
      2.481325645931065e-05,
      -6.6633815549721476e-06,
      -2.9511675165849738e-06,
      4.788832370650198e-07,
      5.570371897078985e-08,
      5.3259012929629534e-05,
      -4.695265261034365e-07,
      -2.954162482637912e-06
    ],
    [
      0.00028338440461084247,
      0.00028446019859984517,
      -3.0566304758394836e-06,
      -1.5982027434802148e-07,
      0.00038106978172436357,
      1.5939984621127223e-07,
      -1.191830506286351e-06,
      -4.695289987921569e-07,
      0.0001437240425730124,
      0.010048341937363148
    ],
    [
      0.020103728398680687,
      0.015143773518502712,
      -0.00016318146663252264,
      -1.1489153621369042e-05,
      0.030282869935035706,
      -3.298027422715677e-06,
      1.0076648322865367e-05,
      -2.954342107841512e-06,
      0.010048345662653446,
      0.7267042994499207
    ]
  ],
  "theta_phys": [
    0.0007197525119408965,
    0.34145766496658325,
    0.00016399445303250104,
    0.2030830830335617,
    0.16926489770412445,
    3.098724603652954,
    10.188377380371094,
    6.105031490325928,
    47.73734664916992,
    0.6940450072288513
  ],
  "Sigma_phys": [
    [
      2.937065868291455e-10,
      1.3980972823901539e-07,
      -7.19401209610393e-13,
      1.1538622141094024e-10,
      6.924571493982512e-08,
      2.05430394917272e-10,
      -8.020043296141921e-09,
      -2.237455776210595e-09,
      9.736825631989632e-06,
      1.004262867354555e-05
    ],
    [
      1.3980934454593807e-07,
      0.0003342741692904383,
      -1.0589247256831413e-09,
      -8.477722701627499e-08,
      -0.0002343687228858471,
      5.8986902331525926e-06,
      -5.263339699013159e-05,
      -4.849992819799809e-06,
      0.004636768717318773,
      0.00358886388130486
    ],
    [
      -7.193922107323614e-13,
      -1.0589240595493266e-09,
      4.9155565035041704e-11,
      3.8501654642253413e-10,
      -1.4798588743314411e-10,
      1.1601218652401712e-08,
      -3.863322817210246e-08,
      2.4842817580861265e-08,
      -2.3929032977321185e-08,
      -1.857289966267217e-08
    ],
    [
      1.1538416749834468e-10,
      -8.477764623648909e-08,
      3.85018072979193e-10,
      1.050992614182178e-05,
      -1.8947011426462268e-07,
      -3.3904982501553604e-06,
      -1.635374610486906e-05,
      -8.261451512225904e-06,
      -1.5494706531171687e-06,
      -1.6194538829950034e-06
    ],
    [
      6.924656759110803e-08,
      -0.00023436828632839024,
      -1.4799116099251108e-10,
      -1.8946884949855303e-07,
      0.0004440627235453576,
      -6.838255899310752e-07,
      2.1568430383922532e-06,
      -3.0496364615828497e-06,
      0.0030791694298386574,
      0.003557584248483181
    ],
    [
      2.0544199674787933e-10,
      5.8986943258787505e-06,
      1.1601130722738162e-08,
      -3.3904982501553604e-06,
      -6.838201329628646e-07,
      0.00014202568854670972,
      -4.477474703890039e-06,
      9.059463081939612e-06,
      2.3579645130666904e-05,
      -7.0924875217315275e-06
    ],
    [
      -8.02013389034073e-09,
      -5.2633400628110394e-05,
      -3.8633224619388784e-08,
      -1.635374610486906e-05,
      2.1567698240687605e-06,
      -4.477436959859915e-06,
      0.014975645579397678,
      3.4647950997168664e-06,
      -0.0005796690820716321,
      7.125062256818637e-05
    ],
    [
      -2.2374331276608928e-09,
      -4.849976903642528e-06,
      2.4842817580861265e-08,
      -8.261451512225904e-06,
      -3.0496405543090077e-06,
      9.059423064172734e-06,
      3.4647916891117347e-06,
      0.0019850386306643486,
      -0.00013683787256013602,
      -1.2517278264567722e-05
    ],
    [
      9.736825631989632e-06,
      0.004636781755834818,
      -2.3929320747129168e-08,
      -1.5494011904593208e-06,
      0.0030791417229920626,
      2.3579204935231246e-05,
      -0.0005796659970656037,
      -0.00013683860015589744,
      0.32752615213394165,
      0.3329203426837921
    ],
    [
      1.0042629583040252e-05,
      0.003588877385482192,
      -1.8573237170471657e-08,
      -1.6193823739740765e-06,
      0.0035575544461607933,
      -7.092916803230764e-06,
      7.12539185769856e-05,
      -1.2518040421127807e-05,
      0.33292046189308167,
      0.3500523567199707
    ]
  ],
  "param_names": [
    "L",
    "RL",
    "C",
    "RC",
    "Rdson",
    "Rload1",
    "Rload2",
    "Rload3",
    "Vin",
    "VF"
  ]
}