{
  "theta_log": [
    1.9829795360565186,
    1.2540721893310547,
    0.48747366666793823,
    0.6720122694969177,
    0.4601605236530304,
    1.129605770111084,
    2.3212058544158936,
    1.8084920644760132,
    1.565781831741333,
    -0.19283410906791687
  ],
  "Sigma_log": [
    [
      0.002142560901120305,
      0.0021514215040951967,
      -1.6302332369377837e-05,
      1.192290369544935e-06,
      0.0021730749867856503,
      5.560034992413421e-07,
      -3.635604116425384e-06,
      -2.0790703274542466e-06,
      0.0010741616133600473,
      0.06428258866071701
    ],
    [
      0.0021514156833291054,
      0.01037339586764574,
      -5.0806207582354546e-05,
      -1.1747186363209039e-05,
      -0.015959877520799637,
      1.992654324567411e-05,
      -5.25375253346283e-05,
      -8.098314538074192e-06,
      0.0010790175292640924,
      0.04900973662734032
    ],
    [
      -1.6302465155604295e-05,
      -5.080626579001546e-05,
      0.006613200530409813,
      3.894671317539178e-05,
      -5.707758464268409e-05,
      7.100688526406884e-05,
      -8.193341636797413e-05,
      8.946174057200551e-05,
      -8.510089173796587e-06,
      -0.00034742720890790224
    ],
    [
      1.1922373914785567e-06,
      -1.1747266398742795e-05,
      3.8946578570175916e-05,
      0.0010152440518140793,
      -4.5685483200941235e-06,
      -2.074038093269337e-05,
      -2.9152744900784455e-05,
      -2.5266521333833225e-05,
      -1.3584003681899048e-06,
      -7.824628846719861e-05
    ],
    [
      0.002173092681914568,
      -0.015959858894348145,
      -5.707726450054906e-05,
      -4.568536951410351e-06,
      0.06640838086605072,
      -5.7311772252433e-06,
      5.405112915468635e-06,
      -1.2582012459461112e-05,
      0.0014787253458052874,
      0.09952051192522049
    ],
    [
      5.559827513934579e-07,
      1.9926541426684707e-05,
      7.100727816578001e-05,
      -2.0740377294714563e-05,
      -5.73119768887409e-06,
      5.325832171365619e-05,
      -3.54751733766534e-07,
      1.568549691910448e-06,
      6.759300958947279e-07,
      -3.7136487662792206e-06
    ],
    [
      -3.635551820480032e-06,
      -5.253745257505216e-05,
      -8.193341636797413e-05,
      -2.9152744900784455e-05,
      5.405041520134546e-06,
      -3.5475764548209554e-07,
      0.0005250374670140445,
      1.6903643995647144e-07,
      -4.121093297726475e-06,
      3.795005613937974e-05
    ],
    [
      -2.079019168377272e-06,
      -8.098256330413278e-06,
      8.946174784796312e-05,
      -2.5266521333833225e-05,
      -1.2581998817040585e-05,
      1.5685471908000181e-06,
      1.690361273176677e-07,
      0.00019350359798409045,
      -1.8151313270209357e-06,
      -1.75268214661628e-05
    ],
    [
      0.0010741613805294037,
      0.0010790202068164945,
      -8.510021871188655e-06,
      -1.3583730833488517e-06,
      0.0014787164982408285,
      6.759400434930285e-07,
      -4.1211178540834226e-06,
      -1.815156110751559e-06,
      0.0005463120760396123,
      0.032226938754320145
    ],
    [
      0.0642826110124588,
      0.049009934067726135,
      -0.00034742290154099464,
      -7.82447459641844e-05,
      0.09951997548341751,
      -3.712940952027566e-06,
      3.794860822381452e-05,
      -1.752834941726178e-05,
      0.03222695365548134,
      1.9656058549880981
    ]
  ],
  "theta_phys": [
    0.0007264355081133544,
    0.3504585325717926,
    0.00016281976422760636,
    0.19581738114356995,
    0.15843282639980316,
    3.0944364070892334,
    10.187952041625977,
    6.101240158081055,
    47.86415481567383,
    0.8246187567710876
  ],
  "Sigma_phys": [
    [
      1.130647686586883e-09,
      5.477207878357149e-07,
      -1.9282082441146597e-12,
      1.696017493113544e-10,
      2.5010186277540924e-07,
      1.2498450052689236e-09,
      -2.6906706196427876e-08,
      -9.214767615617347e-09,
      3.7348840123740956e-05,
      3.8507350836880505e-05
    ],
    [
      5.477193099068245e-07,
      0.0012740727979689837,
      -2.899082307550316e-09,
      -8.061609264586878e-07,
      -0.0008861583773978055,
      2.1609772375086322e-05,
      -0.0001875828456832096,
      -1.7316073353867978e-05,
      0.018099872395396233,
      0.014163553714752197
    ],
    [
      -1.928224073466378e-12,
      -2.8990856382193897e-09,
      1.7531777418700045e-10,
      1.2417357142524565e-09,
      -1.4723731123211792e-09,
      3.57757841129569e-08,
      -1.359111507781563e-07,
      8.887151636827184e-08,
      -6.632108551229976e-08,
      -4.6647045337522286e-08
    ],
    [
      1.6959422755036258e-10,
      -8.061664402703173e-07,
      1.2417313843826605e-09,
      3.892897075274959e-05,
      -1.4173419060625747e-07,
      -1.2567518751893658e-05,
      -5.815908662043512e-05,
      -3.0186642106855288e-05,
      -1.273178895644378e-05,
      -1.2634794074983802e-05
    ],
    [
      2.5010390913848823e-07,
      -0.000886157329659909,
      -1.4723647856484945e-09,
      -1.417338353348896e-07,
      0.0016669142059981823,
      -2.809768602674012e-06,
      8.724425242689904e-06,
      -1.2162236089352518e-05,
      0.011213548481464386,
      0.013002024032175541
    ],
    [
      1.2497983759018894e-09,
      2.1609768737107515e-05,
      3.577597951220923e-08,
      -1.2567516932904255e-05,
      -2.8097786071157316e-06,
      0.0005099769914522767,
      -1.118389263865538e-05,
      2.9614060622407123e-05,
      0.00010011375707108527,
      -9.476229934080038e-06
    ],
    [
      -2.6906318950636887e-08,
      -0.00018758259830065072,
      -1.359111507781563e-07,
      -5.815908662043512e-05,
      8.724309736862779e-06,
      -1.1184079085069243e-05,
      0.054495930671691895,
      1.0507160368433688e-05,
      -0.0020096006337553263,
      0.0003188251284882426
    ],
    [
      -9.214540241941904e-09,
      -1.7315947843599133e-05,
      8.88715234736992e-08,
      -3.0186642106855288e-05,
      -1.2162222446931992e-05,
      2.9614015147672035e-05,
      1.050714126904495e-05,
      0.00720319664105773,
      -0.000530074059497565,
      -8.818088826956227e-05
    ],
    [
      3.7348829209804535e-05,
      0.018099917098879814,
      -6.63205597106753e-08,
      -1.2731533388432581e-05,
      0.011213481426239014,
      0.00010011522681452334,
      -0.0020096125081181526,
      -0.0005300813354551792,
      1.2515885829925537,
      1.271986961364746
    ],
    [
      3.8507361750816926e-05,
      0.014163610525429249,
      -4.664646979790632e-08,
      -1.2634545782930218e-05,
      0.013001954182982445,
      -9.474423677602317e-06,
      0.00031881293398328125,
      -8.818857895676047e-05,
      1.2719875574111938,
      1.336604356765747
    ]
  ],
  "param_names": [
    "L",
    "RL",
    "C",
    "RC",
    "Rdson",
    "Rload1",
    "Rload2",
    "Rload3",
    "Vin",
    "VF"
  ]
}