{
  "L": 0.0007224467117339373,
  "RL": 0.309004008769989,
  "C": 0.00016533314192201942,
  "RC": 0.1950017362833023,
  "Rdson": 0.22734789550304413,
  "Rloads": [
    3.101060390472412,
    10.175984382629395,
    6.109147071838379
  ],
  "Vin": 47.957672119140625,
  "VF": 0.96114182472229
}