{
  "L": 0.000718145165592432,
  "RL": 0.3033062815666199,
  "C": 0.0001657573156990111,
  "RC": 0.18906570971012115,
  "Rdson": 0.23308129608631134,
  "Rloads": [
    3.102060556411743,
    10.152647018432617,
    6.1181440353393555
  ],
  "Vin": 47.8565559387207,
  "VF": 0.8611969351768494
}