{
  "L": 0.000725043355487287,
  "RL": 0.31350675225257874,
  "C": 0.00016452580166514963,
  "RC": 0.20079059898853302,
  "Rdson": 0.22179856896400452,
  "Rloads": [
    3.099951982498169,
    10.196924209594727,
    6.09872579574585
  ],
  "Vin": 48.005279541015625,
  "VF": 0.9976560473442078
}