{
  "theta_log": [
    1.977473497390747,
    1.1281840801239014,
    0.5027922987937927,
    0.6678382754325867,
    0.8213112354278564,
    1.131744146347046,
    2.320030450820923,
    1.8097871541976929,
    1.5677337646484375,
    -0.03963330015540123
  ],
  "Sigma_log": [
    [
      0.0003533495182637125,
      0.0003577643947210163,
      -4.226487817504676e-06,
      8.182291821867693e-07,
      0.0003500094171613455,
      3.709713780608581e-08,
      -6.480320848822885e-07,
      -3.3087076189985964e-07,
      0.0001774080446921289,
      0.009141907095909119
    ],
    [
      0.00035776366712525487,
      0.002157019916921854,
      -1.251876983587863e-05,
      6.063070827622141e-07,
      -0.002081726910546422,
      3.421439032536e-06,
      -9.935887646861374e-06,
      -1.5387087159979274e-06,
      0.000179697570274584,
      0.006688713561743498
    ],
    [
      -4.226470537105342e-06,
      -1.2518768926383927e-05,
      0.0011623285245150328,
      7.692328836128581e-06,
      -4.97476275995723e-06,
      1.5155396795307752e-05,
      -1.665586205490399e-05,
      1.6791776943136938e-05,
      -2.127843572452548e-06,
      -8.61100634210743e-05
    ],
    [
      8.182275905710412e-07,
      6.063063437977689e-07,
      7.692336112086195e-06,
      0.00017335079610347748,
      -4.029728188470472e-06,
      -3.676719416034757e-06,
      -5.271971076581394e-06,
      -4.458357125258772e-06,
      4.5707793105975725e-08,
      2.385899279033765e-06
    ],
    [
      0.0003500079910736531,
      -0.0020817273762077093,
      -4.974777766619809e-06,
      -4.029725459986366e-06,
      0.005625977646559477,
      2.333742088467261e-07,
      -9.366872433247408e-08,
      -1.5961938970576739e-06,
      0.0002213241532444954,
      0.012540245428681374
    ],
    [
      3.709317653033395e-08,
      3.4214360766782193e-06,
      1.5155305845837574e-05,
      -3.676720325529459e-06,
      2.3336814081176271e-07,
      9.463819878874347e-06,
      -1.175558566046675e-07,
      3.3101846952376945e-07,
      9.391942512593232e-08,
      -1.6168123693205416e-06
    ],
    [
      -6.480162255684263e-07,
      -9.935882189893164e-06,
      -1.665586205490399e-05,
      -5.271971986076096e-06,
      -9.364492115082612e-08,
      -1.1755633266830046e-07,
      9.235298057319596e-05,
      -8.11971112568699e-09,
      -7.268920398928458e-07,
      4.301298758946359e-06
    ],
    [
      -3.3086692496908654e-07,
      -1.5387061012006598e-06,
      1.6791776943136938e-05,
      -4.4583580347534735e-06,
      -1.5961919643814326e-06,
      3.310205727302673e-07,
      -8.119645400483932e-09,
      3.4181273804279044e-05,
      -3.0245973903220147e-07,
      -2.078235411318019e-06
    ],
    [
      0.0001774079428287223,
      0.0001796978758648038,
      -2.1278506210364867e-06,
      4.5708475227002054e-08,
      0.0002213247789768502,
      9.392162780841318e-08,
      -7.268999411280674e-07,
      -3.02461558021605e-07,
      9.037848940351978e-05,
      0.004589820746332407
    ],
    [
      0.009141906164586544,
      0.006688730791211128,
      -8.611052908236161e-05,
      2.385938159932266e-06,
      0.012540281750261784,
      -1.6167020930879517e-06,
      4.300874934415333e-06,
      -2.078334318866837e-06,
      0.004589821677654982,
      0.2411377727985382
    ]
  ],
  "theta_phys": [
    0.0007224467117339373,
    0.309004008769989,
    0.00016533314192201942,
    0.1950017362833023,
    0.22734789550304413,
    3.101060390472412,
    10.175984382629395,
    6.109147071838379,
    47.957672119140625,
    0.96114182472229
  ],
  "Sigma_phys": [
    [
      1.8442344873470518e-10,
      7.986694328110389e-08,
      -5.048302271007388e-13,
      1.1527078597195484e-10,
      5.74879024384245e-08,
      8.311060867294273e-11,
      -4.7640771327905895e-09,
      -1.4603090958686948e-09,
      6.146632131276419e-06,
      6.347900580294663e-06
    ],
    [
      7.986677985627466e-08,
      0.00020595976093318313,
      -6.395665108627213e-10,
      3.653383373602992e-08,
      -0.00014624424511566758,
      3.278559915997903e-06,
      -3.124260183540173e-05,
      -2.904698931160965e-06,
      0.002662958577275276,
      0.001986525719985366
    ],
    [
      -5.04828167116611e-13,
      -6.395664553515701e-10,
      3.17723070075715e-11,
      2.48002590685914e-10,
      -1.8699208848005355e-10,
      7.770294629949603e-09,
      -2.8022281384210146e-08,
      1.6960441939772863e-08,
      -1.687165607222596e-08,
      -1.368362934073275e-08
    ],
    [
      1.1527055698845601e-10,
      3.6533787550752095e-08,
      2.4800284048609456e-10,
      6.591781584575074e-06,
      -1.7865087897916965e-07,
      -2.2233568870433373e-06,
      -1.0461354577273596e-05,
      -5.311215318215545e-06,
      4.2745145378830784e-07,
      4.4717558012052905e-07
    ],
    [
      5.7487675064749055e-08,
      -0.00014624428877141327,
      -1.8699264359156587e-10,
      -1.7865076529233193e-07,
      0.00029079028172418475,
      1.645333753685918e-07,
      -2.1670152250408137e-07,
      -2.2169563180796104e-06,
      0.0024131140671670437,
      0.002740213880315423
    ],
    [
      8.310172688874573e-11,
      3.2785571875137975e-06,
      7.77024755649336e-09,
      -2.2233575691643637e-06,
      1.6452909790132253e-07,
      9.100954048335552e-05,
      -3.7096328924235422e-06,
      6.271089660003781e-06,
      1.3967663107905537e-05,
      -4.8190045163210016e-06
    ],
    [
      -4.763960337328399e-09,
      -3.12425872834865e-05,
      -2.8022279607853307e-08,
      -1.0461356396263e-05,
      -2.1664646965291467e-07,
      -3.7096478990861215e-06,
      0.009563211351633072,
      -5.047746753916726e-07,
      -0.00035473532625474036,
      4.2069128539878875e-05
    ],
    [
      -1.460292109456418e-09,
      -2.90469370156643e-06,
      1.6960441939772863e-08,
      -5.311216682457598e-06,
      -2.2169538169691805e-06,
      6.271129677770659e-06,
      -5.047706395089335e-07,
      0.001275702496059239,
      -8.861479727784172e-05,
      -1.2202893231005874e-05
    ],
    [
      6.146628948044963e-06,
      0.0026629632338881493,
      -1.687171113928798e-08,
      4.274578770946391e-07,
      0.0024131208192557096,
      1.3967989616503473e-05,
      -0.0003547391970641911,
      -8.861532842274755e-05,
      0.2078649401664734,
      0.21156376600265503
    ],
    [
      6.347899670799961e-06,
      0.0019865308422595263,
      -1.3683703947720005e-08,
      4.4718285607814323e-07,
      0.0027402217965573072,
      -4.818675733986311e-06,
      4.206498124403879e-05,
      -1.2203474398120306e-05,
      0.2115638107061386,
      0.22276152670383453
    ]
  ],
  "param_names": [
    "L",
    "RL",
    "C",
    "RC",
    "Rdson",
    "Rload1",
    "Rload2",
    "Rload3",
    "Vin",
    "VF"
  ]
}