{
  "theta_log": [
    1.9810612201690674,
    1.1426507234573364,
    0.49789726734161377,
    0.6970923542976379,
    0.7965993881225586,
    1.131386637687683,
    2.3220860958099365,
    1.8080798387527466,
    1.5687259435653687,
    -0.002346704015508294
  ],
  "Sigma_log": [
    [
      1.4610316611651797e-05,
      1.4688089322589803e-05,
      -2.0539070533232007e-07,
      2.849270153149064e-08,
      1.460026851418661e-05,
      1.2018290806992127e-09,
      -2.7105778954705784e-08,
      -1.325881626712544e-08,
      7.3417663770669606e-06,
      0.0003649071149993688
    ],
    [
      1.4688084775116295e-05,
      8.503169374307618e-05,
      -5.414735824160744e-07,
      5.821381154902383e-09,
      -8.44980968395248e-05,
      1.3875430227017205e-07,
      -4.0519225308344176e-07,
      -6.138634489616379e-08,
      7.3839464675984345e-06,
      0.00026856522890739143
    ],
    [
      -2.0538666944958095e-07,
      -5.414718202700897e-07,
      4.642095882445574e-05,
      2.9700319714720536e-07,
      -2.391002453805413e-07,
      5.979326829219644e-07,
      -5.376515446187113e-07,
      5.936271918471903e-07,
      -1.037838046613615e-07,
      -4.217668902128935e-06
    ],
    [
      2.849201941046431e-08,
      5.820517401389225e-09,
      2.9700311188207706e-07,
      6.590254088223446e-06,
      -1.3815123622862302e-07,
      -1.4322893093776656e-07,
      -2.028824752642322e-07,
      -1.7624424231144076e-07,
      -7.603517815368832e-11,
      1.0217036106041633e-09
    ],
    [
      1.4600347640225664e-05,
      -8.449805318377912e-05,
      -2.3910729396448005e-07,
      -1.381507530595627e-07,
      0.00023807125398889184,
      9.002907752631018e-09,
      -4.1539607309459825e-09,
      -6.709259992021543e-08,
      9.217946171702351e-06,
      0.000503379909787327
    ],
    [
      1.2020621165120815e-09,
      1.3875461490897578e-07,
      5.979337061035039e-07,
      -1.4322893093776656e-07,
      9.003247924965763e-09,
      3.757358513212239e-07,
      -3.016334737537818e-09,
      1.2188477782615337e-08,
      3.693898520396033e-09,
      -7.27782207832206e-08
    ],
    [
      -2.710688917773041e-08,
      -4.051931341564341e-07,
      -5.376516583055491e-07,
      -2.0288248947508691e-07,
      -4.15556744570722e-09,
      -3.0163032072039186e-09,
      3.6724131859955378e-06,
      2.627283279821313e-09,
      -3.01638891642142e-08,
      1.6242074707406573e-07
    ],
    [
      -1.3259160880352283e-08,
      -6.13866788512496e-08,
      5.936273623774468e-07,
      -1.762442707331502e-07,
      -6.709302624585689e-08,
      1.2188461795403782e-08,
      2.627283057776708e-09,
      1.3502855154001736e-06,
      -1.2267024729339937e-08,
      -7.615005870320601e-08
    ],
    [
      7.341768196056364e-06,
      7.383950105577242e-06,
      -1.0378584391901313e-07,
      -7.569056492684467e-11,
      9.217910701408982e-06,
      3.6937901626288294e-09,
      -3.0163327835452947e-08,
      -1.2266853310904935e-08,
      3.7418319607240846e-06,
      0.00018336364882998168
    ],
    [
      0.0003649071149993688,
      0.00026856528711505234,
      -4.217773039272288e-06,
      1.038682806431268e-09,
      0.0005033778725191951,
      -7.278401170651705e-08,
      1.624485861384528e-07,
      -7.614141850353917e-08,
      0.00018336357607040554,
      0.009286721237003803
    ]
  ],
  "theta_phys": [
    0.000725043355487287,
    0.31350675225257874,
    0.00016452580166514963,
    0.20079059898853302,
    0.22179856896400452,
    3.099951982498169,
    10.196924209594727,
    6.09872579574585,
    48.005279541015625,
    0.9976560473442078
  ],
  "Sigma_phys": [
    [
      7.680466505843864e-12,
      3.3386906572729913e-09,
      -2.4500715990532704e-14,
      4.148021336136676e-12,
      2.3479214128485637e-09,
      2.7012305153090166e-12,
      -2.0039876702515613e-10,
      -5.86283729897552e-11,
      2.555368610046571e-07,
      2.639533249748638e-07
    ],
    [
      3.3386897690945716e-09,
      8.35746595839737e-06,
      -2.792917980221077e-11,
      3.6645134149360103e-10,
      -5.87560452913749e-06,
      1.3484918781614397e-07,
      -1.2953204304722021e-06,
      -1.1737018468238603e-07,
      0.00011112823995063081,
      8.399965736316517e-05
    ],
    [
      -2.4500234875818663e-14,
      -2.7929089596590018e-11,
      1.2565568160635698e-12,
      9.811569959272681e-12,
      -8.725148208099665e-12,
      3.049588914727508e-10,
      -9.019949787081316e-10,
      5.956442006294083e-10,
      -8.196955891826008e-10,
      -6.92288837367272e-10
    ],
    [
      4.147922023217676e-12,
      3.663969405653944e-10,
      9.811567357187467e-12,
      2.6569836109047174e-07,
      -6.152574449913573e-09,
      -8.91515909984264e-08,
      -4.1539101403031964e-07,
      -2.158228511461857e-07,
      -7.329037376990755e-10,
      2.046676300659911e-10
    ],
    [
      2.3479340693910444e-09,
      -5.875601800653385e-06,
      -8.725404947174109e-12,
      -6.1525531336315e-09,
      1.1711820661730599e-05,
      6.1900835568451384e-09,
      -9.394860001066263e-09,
      -9.075539963987467e-08,
      9.814810618991032e-05,
      0.0001113872422138229
    ],
    [
      2.701754184958327e-12,
      1.3484948624409299e-07,
      3.0495939107311187e-10,
      -8.91515909984264e-08,
      6.1903171477695196e-09,
      3.610709882195806e-06,
      -9.534626599361218e-08,
      2.3043240560127742e-07,
      5.497040547197685e-07,
      -2.250801713898909e-07
    ],
    [
      -2.0040698267553836e-10,
      -1.2953231589563075e-06,
      -9.019951452415853e-10,
      -4.1539104245202907e-07,
      -9.398493538981256e-09,
      -9.534527123378211e-08,
      0.0003818474942818284,
      1.6338613306743355e-07,
      -1.4765410014661029e-05,
      1.652309947530739e-06
    ],
    [
      -5.862989260752016e-11,
      -1.1737082417084821e-07,
      5.95644367162862e-10,
      -2.1582289377874986e-07,
      -9.075597517949063e-08,
      2.304321071733284e-07,
      1.6338613306743355e-07,
      5.022313416702673e-05,
      -3.5914297313865973e-06,
      -4.633297407963255e-07
    ],
    [
      2.5553691784807597e-07,
      0.00011112829815829173,
      -8.197116874164578e-10,
      -7.295820614316995e-10,
      9.814772784011438e-05,
      5.49687911188812e-07,
      -1.4765136256755795e-05,
      -3.591379254430649e-06,
      0.008623077534139156,
      0.008781790733337402
    ],
    [
      2.639533249748638e-07,
      8.39996719150804e-05,
      -6.923059348018512e-10,
      2.080688954464449e-10,
      0.00011138679838040844,
      -2.2509809127768676e-07,
      1.6525932551303413e-06,
      -4.6327716063387925e-07,
      0.008781787939369678,
      0.009243236854672432
    ]
  ],
  "param_names": [
    "L",
    "RL",
    "C",
    "RC",
    "Rdson",
    "Rload1",
    "Rload2",
    "Rload3",
    "Vin",
    "VF"
  ]
}