{
  "theta_log": [
    1.9715015888214111,
    1.1095730066299438,
    0.5053545236587524,
    0.6369244456291199,
    0.8462170958518982,
    1.1320666074752808,
    2.317734479904175,
    1.8112587928771973,
    1.5656230449676514,
    -0.14943207800388336
  ],
  "Sigma_log": [
    [
      0.0014184567844495177,
      0.0014292070409283042,
      -7.54229404265061e-06,
      3.919565642718226e-06,
      0.001416180981323123,
      2.4268075549116475e-07,
      -2.557957714088843e-06,
      -1.2180325938970782e-06,
      0.0007106672273948789,
      0.04081025347113609
    ],
    [
      0.0014292033156380057,
      0.008807738311588764,
      -3.9946236938703805e-05,
      4.537261247605784e-06,
      -0.00814859103411436,
      1.3541622138291132e-05,
      -3.8989546737866476e-05,
      -6.043451321602333e-06,
      0.0007163223926909268,
      0.0295732319355011
    ],
    [
      -7.54248867451679e-06,
      -3.994627695647068e-05,
      0.004623067565262318,
      3.1901319744065404e-05,
      -1.0312498488929123e-05,
      6.081514948164113e-05,
      -7.826709043001756e-05,
      7.39958486519754e-05,
      -3.764305802178569e-06,
      -0.00011571009235922247
    ],
    [
      3.919666141882772e-06,
      4.5373667489911895e-06,
      3.190130155417137e-05,
      0.0007320951553992927,
      -1.8061586160911247e-05,
      -1.5087909559952095e-05,
      -2.1861185814486817e-05,
      -1.8026183170150034e-05,
      4.823432391276583e-07,
      2.750445855781436e-05
    ],
    [
      0.0014161786530166864,
      -0.008148590102791786,
      -1.031219926517224e-05,
      -1.8061711671180092e-05,
      0.021278519183397293,
      1.0206999832007568e-06,
      -4.212278952309134e-07,
      -5.952668743702816e-06,
      0.0008857344510033727,
      0.05575096607208252
    ],
    [
      2.426738774374826e-07,
      1.3541622138291132e-05,
      6.081487299525179e-05,
      -1.5087911378941499e-05,
      1.0206673550783307e-06,
      3.793830910581164e-05,
      -6.263212526391726e-07,
      1.4134112689134781e-06,
      4.137755240662955e-07,
      -4.0758459363132715e-06
    ],
    [
      -2.55786108027678e-06,
      -3.8989448512438685e-05,
      -7.826708315405995e-05,
      -2.1861180357518606e-05,
      -4.211173632029386e-07,
      -6.263215936996858e-07,
      0.0003696216153912246,
      -3.489273581180896e-07,
      -2.8330514396657236e-06,
      1.6864767530933022e-05
    ],
    [
      -1.2179933719380642e-06,
      -6.043402208888438e-06,
      7.39958486519754e-05,
      -1.8026183170150034e-05,
      -5.952646915829973e-06,
      1.413410473105614e-06,
      -3.489276139134745e-07,
      0.00013769703218713403,
      -1.1379597708582878e-06,
      -6.87023566570133e-06
    ],
    [
      0.0007106670527718961,
      0.0007163240225054324,
      -3.764208713619155e-06,
      4.822916253033327e-07,
      0.0008857353241182864,
      4.1377916204510257e-07,
      -2.833099415511242e-06,
      -1.137979324994376e-06,
      0.0003612400032579899,
      0.020446104928851128
    ],
    [
      0.04081025347113609,
      0.029573341831564903,
      -0.00011570423521334305,
      2.7501551812747493e-05,
      0.05575102940201759,
      -4.07559400628088e-06,
      1.6861951735336334e-05,
      -6.871347068226896e-06,
      0.020446112379431725,
      1.1968919038772583
    ]
  ],
  "theta_phys": [
    0.000718145165592432,
    0.3033062815666199,
    0.0001657573156990111,
    0.18906570971012115,
    0.23308129608631134,
    3.102060556411743,
    10.152647018432617,
    6.1181440353393555,
    47.8565559387207,
    0.8611969351768494
  ],
  "Sigma_phys": [
    [
      7.315442140942707e-10,
      3.113069055871165e-07,
      -8.978181696359111e-13,
      5.321854068540688e-10,
      2.370491785086415e-07,
      5.406271541552599e-10,
      -1.8650260003028052e-08,
      -5.351688869836835e-09,
      2.4424178263871e-05,
      2.523968942114152e-05
    ],
    [
      3.1130610977925244e-07,
      0.0008102652500383556,
      -2.0083064100617776e-09,
      2.601884148134559e-07,
      -0.0005760648637078702,
      1.2740965757984668e-05,
      -0.00012006291944999248,
      -1.1214660844416358e-05,
      0.010397559031844139,
      0.007724719122052193
    ],
    [
      -8.978413715624023e-13,
      -2.008308408463222e-09,
      1.270210325809984e-10,
      9.997562777641633e-10,
      -3.984226559783366e-10,
      3.1270495526314335e-08,
      -1.3171376167520066e-07,
      7.504119992063352e-08,
      -2.9860633077305465e-08,
      -1.6517580192498826e-08
    ],
    [
      5.321990625972717e-10,
      2.6019446863756457e-07,
      9.99755722652651e-10,
      2.6169358534389175e-05,
      -7.959321806083608e-07,
      -8.848957804730162e-06,
      -4.196292502456345e-05,
      -2.0851450244663283e-05,
      4.364257620181888e-06,
      4.478353275771951e-06
    ],
    [
      2.3704878060470946e-07,
      -0.0005760647472925484,
      -3.984110819033049e-10,
      -7.959377512634092e-07,
      0.0011559957638382912,
      7.379990734079911e-07,
      -9.96790390672686e-07,
      -8.488654202665202e-06,
      0.00987989641726017,
      0.011190829798579216
    ],
    [
      5.4061183307752e-10,
      1.274096666747937e-05,
      3.127035341776718e-08,
      -8.848958714224864e-06,
      7.37975426545745e-07,
      0.0003650719881989062,
      -1.9725441234186292e-05,
      2.682492595340591e-05,
      6.142660276964307e-05,
      -1.0888561519095674e-05
    ],
    [
      -1.864955478936281e-08,
      -0.00012006261385977268,
      -1.3171374746434594e-07,
      -4.196291774860583e-05,
      -9.965287972590886e-07,
      -1.9725452148122713e-05,
      0.03809920698404312,
      -2.167374623240903e-05,
      -0.0013764967443421483,
      0.0001474558812333271
    ],
    [
      -5.351516563223413e-09,
      -1.1214568985451479e-05,
      7.504119992063352e-08,
      -2.085144842567388e-05,
      -8.488623279845342e-06,
      2.682491140149068e-05,
      -2.1673762603313662e-05,
      0.005154232494533062,
      -0.000333186995703727,
      -3.619876952143386e-05
    ],
    [
      2.442417280690279e-05,
      0.01039758138358593,
      -2.9859865691150844e-08,
      4.363791049399879e-06,
      0.00987990666180849,
      6.142714846646413e-05,
      -0.0013765200274065137,
      -0.000333192729158327,
      0.8273299336433411,
      0.8426641225814819
    ],
    [
      2.5239691240130924e-05,
      0.007724747061729431,
      -1.651674352842747e-08,
      4.4778798837796785e-06,
      0.011190841905772686,
      -1.0887888493016362e-05,
      0.0001474312593927607,
      -3.620462666731328e-05,
      0.842664361000061,
      0.887687087059021
    ]
  ],
  "param_names": [
    "L",
    "RL",
    "C",
    "RC",
    "Rdson",
    "Rload1",
    "Rload2",
    "Rload3",
    "Vin",
    "VF"
  ]
}