{
  "L": 0.0007279119454324245,
  "RL": 0.30003660917282104,
  "C": 0.00015600057668052614,
  "RC": 0.20376832783222198,
  "Rdson": 0.2535473108291626,
  "Rloads": [
    3.1002542972564697,
    10.201043128967285,
    6.096010208129883
  ],
  "Vin": 48.1418571472168,
  "VF": 1.141081690788269
}