{
  "L": 0.0007253197254613042,
  "RL": 0.3101806938648224,
  "C": 0.00016422162298113108,
  "RC": 0.19989795982837677,
  "Rdson": 0.22821107506752014,
  "Rloads": [
    3.0999770164489746,
    10.200644493103027,
    6.099534034729004
  ],
  "Vin": 48.031185150146484,
  "VF": 1.0358563661575317
}