{
  "L": 0.0007240232662297785,
  "RL": 0.3037303686141968,
  "C": 0.0001591051695868373,
  "RC": 0.20199592411518097,
  "Rdson": 0.2430081069469452,
  "Rloads": [
    3.0978057384490967,
    10.190544128417969,
    6.105007648468018
  ],
  "Vin": 48.03704833984375,
  "VF": 1.0271697044372559
}