{
  "theta_log": [
    1.9796533584594727,
    1.110970139503479,
    0.4643952250480652,
    0.7030773162841797,
    0.8879246711730957,
    1.130694031715393,
    2.321460247039795,
    1.8091093301773071,
    1.569387435913086,
    0.026807161048054695
  ],
  "Sigma_log": [
    [
      0.000551491801161319,
      0.0005544989835470915,
      -6.734084308845922e-06,
      9.014195256895619e-07,
      0.0005478885723277926,
      7.585349948158182e-08,
      -1.0030291832663352e-06,
      -5.138895744494221e-07,
      0.00027726221014745533,
      0.013392416760325432
    ],
    [
      0.0005544898449443281,
      0.0034145135432481766,
      -2.2195255951373838e-05,
      -2.605542306355346e-07,
      -0.0030148406513035297,
      5.852053618582431e-06,
      -1.588486338732764e-05,
      -2.4914049845392583e-06,
      0.00027889315970242023,
      0.009704595431685448
    ],
    [
      -6.73410340823466e-06,
      -2.2195357814780436e-05,
      0.0016801796155050397,
      1.0894123079197016e-05,
      -1.8539933535066666e-06,
      2.0352110368548892e-05,
      -2.1636747987940907e-05,
      2.3784537916071713e-05,
      -3.3446872294007335e-06,
      -0.00012715411139652133
    ],
    [
      9.014253237182857e-07,
      -2.605595454951981e-07,
      1.089411034627119e-05,
      0.00025027571246027946,
      -5.513536962098442e-06,
      -5.0519342948973645e-06,
      -7.494841156585608e-06,
      -6.26059318165062e-06,
      -1.0662620297807734e-07,
      -5.488567694555968e-06
    ],
    [
      0.0005479044048115611,
      -0.0030148159712553024,
      -1.8541395547799766e-06,
      -5.513561973202741e-06,
      0.00768248550593853,
      -7.244519792948267e-07,
      4.4984827241023595e-07,
      -2.0342938569228863e-06,
      0.00034172943560406566,
      0.017998896539211273
    ],
    [
      7.583872729810537e-08,
      5.852039066667203e-06,
      2.0352223145891912e-05,
      -5.051932475907961e-06,
      -7.244675543915946e-07,
      1.3528121598938014e-05,
      -1.29186460640085e-07,
      4.399401518639934e-07,
      1.4564466255251318e-07,
      -2.3062602849677205e-06
    ],
    [
      -1.0029992836280144e-06,
      -1.5884848835412413e-05,
      -2.16367443499621e-05,
      -7.494839337596204e-06,
      4.499052295159345e-07,
      -1.2918685854401701e-07,
      0.00013217316882219166,
      2.9142867674636364e-08,
      -1.112130803448963e-06,
      6.771355401724577e-06
    ],
    [
      -5.138876986165997e-07,
      -2.49141089625482e-06,
      2.3784537916071713e-05,
      -6.26059318165062e-06,
      -2.034278850260307e-06,
      4.3994040765937825e-07,
      2.9142920965341546e-08,
      4.8833386244950816e-05,
      -4.597166594066948e-07,
      -2.7811620384454727e-06
    ],
    [
      0.00027726221014745533,
      0.0002788977581076324,
      -3.3446790439484175e-06,
      -1.0662921567927697e-07,
      0.00034172143205069005,
      1.4565145534106705e-07,
      -1.1121453553641913e-06,
      -4.5971745521455887e-07,
      0.0001414193247910589,
      0.00673287408426404
    ],
    [
      0.013392427936196327,
      0.009704829193651676,
      -0.00012715370394289494,
      -5.488710485224146e-06,
      0.01799851842224598,
      -2.3059237719280645e-06,
      6.770607342332369e-06,
      -2.7812152438855264e-06,
      0.0067328792065382,
      0.3314436078071594
    ]
  ],
  "theta_phys": [
    0.0007240232662297785,
    0.3037303686141968,
    0.0001591051695868373,
    0.20199592411518097,
    0.2430081069469452,
    3.0978057384490967,
    10.190544128417969,
    6.105007648468018,
    48.03704833984375,
    1.0271697044372559
  ],
  "Sigma_phys": [
    [
      2.890973571645361e-10,
      1.219386831508018e-07,
      -7.757385228970848e-13,
      1.3183237834724082e-10,
      9.639744291689567e-08,
      1.7013054853798337e-10,
      -7.400541068847133e-09,
      -2.271478116711023e-09,
      9.64316313911695e-06,
      9.959870112652425e-06
    ],
    [
      1.2193667942028696e-07,
      0.0003149961703456938,
      -1.0725873522687834e-09,
      -1.5985600398948918e-08,
      -0.0002225221978733316,
      5.506183697434608e-06,
      -4.916647230857052e-05,
      -4.619752871803939e-06,
      0.00406913785263896,
      0.0030276651959866285
    ],
    [
      -7.757406913014298e-13,
      -1.0725922372500918e-09,
      4.2532834892972105e-11,
      3.5012182042493123e-10,
      -7.168251409117588e-11,
      1.0031085295736375e-08,
      -3.508113621819575e-08,
      2.3102833424104574e-08,
      -2.5563252847859985e-08,
      -2.0780543508180926e-08
    ],
    [
      1.318332248922971e-10,
      -1.598592547225053e-08,
      3.50121404091297e-10,
      1.0211838343821e-05,
      -2.7064103846896614e-07,
      -3.161218046443537e-06,
      -1.5427744074258953e-05,
      -7.720479516137857e-06,
      -1.0346248018322513e-06,
      -1.1387905942683574e-06
    ],
    [
      9.640022824441985e-08,
      -0.00022252037888392806,
      -7.168816928970756e-11,
      -2.706422890241811e-07,
      0.00045367336133494973,
      -5.453616154227348e-07,
      1.1139974276375142e-06,
      -3.018009692823398e-06,
      0.003989141434431076,
      0.004492714535444975
    ],
    [
      1.7009743613627393e-10,
      5.50616960026673e-06,
      1.0031141250976816e-08,
      -3.1612169095751597e-06,
      -5.453733251670201e-07,
      0.00012982127373106778,
      -4.078200163348811e-06,
      8.320204869960435e-06,
      2.167330058000516e-05,
      -7.338456271099858e-06
    ],
    [
      -7.400320800599047e-09,
      -4.916643229080364e-05,
      -3.5081129112768394e-08,
      -1.5427740436280146e-05,
      1.1141385130031267e-06,
      -4.0782128962746356e-06,
      0.013725812546908855,
      1.813075414247578e-06,
      -0.0005444143316708505,
      7.087861013133079e-05
    ],
    [
      -2.271469679016036e-09,
      -4.6197642404877115e-06,
      2.3102831647747735e-08,
      -7.720480425632559e-06,
      -3.01798763757688e-06,
      8.320209417433944e-06,
      1.813078711165872e-06,
      0.0018200749764218926,
      -0.00013481952191796154,
      -1.7440328520024195e-05
    ],
    [
      9.64316313911695e-06,
      0.004069204907864332,
      -2.5563190675370606e-08,
      -1.0346540193495457e-06,
      0.0039890483021736145,
      2.1674311938113533e-05,
      -0.0005444214912131429,
      -0.0001348197547486052,
      0.32633328437805176,
      0.3322148323059082
    ],
    [
      9.959879207599442e-06,
      0.003027738071978092,
      -2.078047600662103e-08,
      -1.138820152846165e-06,
      0.004492620471864939,
      -7.33738534108852e-06,
      7.087078120093793e-05,
      -1.7440663214074448e-05,
      0.3322150707244873,
      0.3496987223625183
    ]
  ],
  "param_names": [
    "L",
    "RL",
    "C",
    "RC",
    "Rdson",
    "Rload1",
    "Rload2",
    "Rload3",
    "Vin",
    "VF"
  ]
}