{
  "theta_log": [
    1.9814423322677612,
    1.131984829902649,
    0.49604666233062744,
    0.6926368474960327,
    0.8251007795333862,
    1.1313947439193726,
    2.322450876235962,
    1.808212399482727,
    1.5692654848098755,
    0.03522849082946777
  ],
  "Sigma_log": [
    [
      2.172432687075343e-05,
      2.1865118469577283e-05,
      -2.90204809516581e-07,
      3.840465012672212e-08,
      2.169691288145259e-05,
      1.9637163006791525e-09,
      -4.0017400948499926e-08,
      -1.945428707017527e-08,
      1.0924391062872019e-05,
      0.0005232654511928558
    ],
    [
      2.18654349737335e-05,
      0.00012835593952331692,
      -8.296152600451023e-07,
      -3.5434265299727485e-08,
      -0.00012250052532181144,
      2.2744991667877912e-07,
      -6.197622610670805e-07,
      -9.402526046642379e-08,
      1.1000086487911176e-05,
      0.0003849089553114027
    ],
    [
      -2.902045252994867e-07,
      -8.296116789097141e-07,
      6.89400767441839e-05,
      4.333770959874528e-07,
      -2.2600671911732206e-07,
      8.82680865288421e-07,
      -7.946678124426398e-07,
      8.793915640126215e-07,
      -1.4556619021277584e-07,
      -5.6449216572218575e-06
    ],
    [
      3.840509421593197e-08,
      -3.5433796341521884e-08,
      4.333764422881359e-07,
      9.876254807750229e-06,
      -1.6342013964276703e-07,
      -2.043642268745316e-07,
      -2.9748463248324697e-07,
      -2.5674822268229036e-07,
      -1.8628689701927215e-09,
      -9.037830750457942e-08
    ],
    [
      2.169650178984739e-05,
      -0.00012250129657331854,
      -2.2600153215535101e-07,
      -1.6342055175755377e-07,
      0.0003357972309459001,
      -3.579304674872219e-08,
      2.4797945030741175e-08,
      -8.667471718126762e-08,
      1.3648042113345582e-05,
      0.0007149892626330256
    ],
    [
      1.9640160608958013e-09,
      2.2745001615476212e-07,
      8.826855832921865e-07,
      -2.0436429792880517e-07,
      -3.579226870442653e-08,
      5.580245669989381e-07,
      -4.742772397037243e-09,
      1.7599417034830367e-08,
      5.216904241933662e-09,
      -1.1672682376229204e-07
    ],
    [
      -4.0019948244207626e-08,
      -6.197641937433218e-07,
      -7.94667755599221e-07,
      -2.974846609049564e-07,
      2.4794454489551754e-08,
      -4.742715109529172e-09,
      5.451892320706975e-06,
      3.564943007461352e-09,
      -4.4177298264003184e-08,
      2.638075784489047e-07
    ],
    [
      -1.945475780473771e-08,
      -9.402548784009923e-08,
      8.793915071692027e-07,
      -2.5674822268229036e-07,
      -8.667574746823448e-08,
      1.7599393942191455e-08,
      3.5649405649706978e-09,
      2.004165708058281e-06,
      -1.7769885118923412e-08,
      -9.11281858861912e-08
    ],
    [
      1.092439197236672e-05,
      1.0999927326338366e-05,
      -1.4556638916474185e-07,
      -1.8631034492955223e-09,
      1.3648253116116393e-05,
      5.216735043944709e-09,
      -4.417601218165146e-08,
      -1.7769641758036414e-08,
      5.572103418671759e-06,
      0.0002631254610605538
    ],
    [
      0.0005232649855315685,
      0.00038490089355036616,
      -5.644922566716559e-06,
      -9.038962645036008e-08,
      0.0007149986922740936,
      -1.1673488131691556e-07,
      2.63870333583327e-07,
      -9.111653298532474e-08,
      0.0002631251700222492,
      0.01284121721982956
    ]
  ],
  "theta_phys": [
    0.0007253197254613042,
    0.3101806938648224,
    0.00016422162298113108,
    0.19989795982837677,
    0.22821107506752014,
    3.0999770164489746,
    10.200644493103027,
    6.099534034729004,
    48.031185150146484,
    1.0358563661575317
  ],
  "Sigma_phys": [
    [
      1.1428922912226636e-11,
      4.919218365984079e-09,
      -3.4567218065804234e-14,
      5.568287584495346e-12,
      3.5914029528072433e-09,
      4.4153660762324964e-12,
      -2.960778844318668e-10,
      -8.606795137700018e-11,
      3.805835433468019e-07,
      3.9314349464802945e-07
    ],
    [
      4.919289420257655e-09,
      1.2349390090093948e-05,
      -4.2259255123022754e-11,
      -2.197083404098521e-09,
      -8.671404430060647e-06,
      2.1870513933208713e-07,
      -1.960954477908672e-06,
      -1.7789180617455713e-07,
      0.00016388310177717358,
      0.00012367226008791476
    ],
    [
      -3.4567184184486344e-14,
      -4.22590712423343e-11,
      1.8592271819328765e-12,
      1.422671529194286e-11,
      -8.470097019597222e-12,
      4.4935805076917745e-10,
      -1.3312008162458255e-09,
      8.80864825525407e-10,
      -1.1481909867328e-09,
      -9.602576511724692e-10
    ],
    [
      5.568351769263957e-12,
      -2.197054316255276e-09,
      1.4226694475261148e-11,
      3.946471736071544e-07,
      -7.455051687088599e-09,
      -1.2664024495734338e-07,
      -6.065973821023363e-07,
      -3.130490995317814e-07,
      -1.7886030434510758e-08,
      -1.8714235494599052e-08
    ],
    [
      3.5913350071581362e-09,
      -8.671458999742754e-06,
      -8.469902730567913e-12,
      -7.455070338835412e-09,
      1.748841896187514e-05,
      -2.532175891190036e-08,
      5.7727135072127567e-08,
      -1.206495738870217e-07,
      0.00014959958207327873,
      0.00016901909839361906
    ],
    [
      4.4160400163029134e-12,
      2.1870523880807013e-07,
      4.49360465504256e-10,
      -1.2664027337905281e-07,
      -2.5321208241280146e-08,
      5.362536739994539e-06,
      -1.4997482367107295e-07,
      3.3277709121648513e-07,
      7.767739020891895e-07,
      -3.7482513448594545e-07
    ],
    [
      -2.960967304677098e-10,
      -1.960960616997909e-06,
      -1.331200705223523e-09,
      -6.065973821023363e-07,
      5.771901356865783e-08,
      -1.4997301889252412e-07,
      0.0005672865663655102,
      2.2180783787462133e-07,
      -2.1644626031047665e-05,
      2.7874968964169966e-06
    ],
    [
      -8.607003304517136e-11,
      -1.778922467110533e-07,
      8.808647700142558e-10,
      -3.130490995317814e-07,
      -1.2065100918334792e-07,
      3.3277663646913425e-07,
      2.2180766734436475e-07,
      7.456361345248297e-05,
      -5.206004971114453e-06,
      -5.757698318120674e-07
    ],
    [
      3.8058360019022075e-07,
      0.00016388071526307613,
      -1.1481925410450344e-09,
      -1.7888282854983117e-08,
      0.00014960189582780004,
      7.767487204546342e-07,
      -2.1643994841724634e-05,
      -5.205933575780364e-06,
      0.012854812666773796,
      0.01309138908982277
    ],
    [
      3.9314312516580685e-07,
      0.00012366968439891934,
      -9.602578732170741e-10,
      -1.871658028562706e-08,
      0.000169021324836649,
      -3.748509982415271e-07,
      2.78816037280194e-06,
      -5.756962764280615e-07,
      0.013091374188661575,
      0.013778605498373508
    ]
  ],
  "param_names": [
    "L",
    "RL",
    "C",
    "RC",
    "Rdson",
    "Rload1",
    "Rload2",
    "Rload3",
    "Vin",
    "VF"
  ]
}