{
  "theta_log": [
    1.9850099086761475,
    1.0987343788146973,
    0.4446895122528076,
    0.7118135094642639,
    0.9303802251815796,
    1.1314841508865356,
    2.3224899768829346,
    1.8076344728469849,
    1.5715669393539429,
    0.1319766640663147
  ],
  "Sigma_log": [
    [
      0.0023802025243639946,
      0.002406798303127289,
      -6.559457688126713e-06,
      1.3855423048880766e-06,
      0.0023451102897524834,
      6.56968495604815e-07,
      -5.094540483696619e-06,
      -1.457846110497485e-06,
      0.0011992552317678928,
      0.05224940553307533
    ],
    [
      0.0024067831691354513,
      0.014861940406262875,
      -7.824453496141359e-05,
      4.3137660554748436e-07,
      -0.012313955463469028,
      2.4842098355293274e-05,
      -6.827124889241531e-05,
      -9.855266398517415e-06,
      0.0012131809489801526,
      0.03828313201665878
    ],
    [
      -6.559412213391624e-06,
      -7.824446947779506e-05,
      0.006767104845494032,
      4.619035462383181e-05,
      2.6716912543633953e-05,
      8.934544894145802e-05,
      -7.531986193498597e-05,
      8.390822767978534e-05,
      -3.0065230021136813e-06,
      -9.924406185746193e-09
    ],
    [
      1.38532607252273e-06,
      4.311647217036807e-07,
      4.619058017851785e-05,
      0.001037530368193984,
      -3.1348834454547614e-05,
      -2.028672315645963e-05,
      -3.0500768843921833e-05,
      -2.6088286176673137e-05,
      -1.7179404494527262e-06,
      -7.857990567572415e-05
    ],
    [
      0.002345142187550664,
      -0.01231391355395317,
      2.6716861611930653e-05,
      -3.1348608899861574e-05,
      0.030143853276968002,
      -2.1359558104450116e-06,
      7.864273356972262e-07,
      -7.311041372304317e-06,
      0.0014506670413538814,
      0.06867246329784393
    ],
    [
      6.57001578474592e-07,
      2.4842140192049555e-05,
      8.93455944606103e-05,
      -2.028672861342784e-05,
      -2.135926251867204e-06,
      5.4954747611191124e-05,
      -4.708292919985979e-07,
      1.7227877151526627e-06,
      7.827366061974317e-07,
      -8.6252111941576e-07
    ],
    [
      -5.09459732711548e-06,
      -6.827125616837293e-05,
      -7.53198764869012e-05,
      -3.050076702493243e-05,
      7.863033602006908e-07,
      -4.708359426786046e-07,
      0.0005351323634386063,
      4.4078396399527264e-07,
      -5.105527634441387e-06,
      5.612382665276527e-06
    ],
    [
      -1.4578462241843226e-06,
      -9.855266398517415e-06,
      8.390822040382773e-05,
      -2.608829345263075e-05,
      -7.311042736546369e-06,
      1.7227910120709566e-06,
      4.4078441874262353e-07,
      0.00019656337099149823,
      -1.5723985598015133e-06,
      4.344226908870041e-06
    ],
    [
      0.0011992554645985365,
      0.0012131888652220368,
      -3.0065493774600327e-06,
      -1.7178316511490266e-06,
      0.0014506516745314002,
      7.827203489796375e-07,
      -5.105500349600334e-06,
      -1.5723987871751888e-06,
      0.0006128055974841118,
      0.026325061917304993
    ],
    [
      0.052249420434236526,
      0.03828348219394684,
      -1.0881310963384294e-08,
      -7.857513992348686e-05,
      0.06867176294326782,
      -8.632960089016706e-07,
      5.6136682360374834e-06,
      4.344227363617392e-06,
      0.026325060054659843,
      1.1683719158172607
    ]
  ],
  "theta_phys": [
    0.0007279119454324245,
    0.30003660917282104,
    0.00015600057668052614,
    0.20376832783222198,
    0.2535473108291626,
    3.1002542972564697,
    10.201043128967285,
    6.096010208129883,
    48.1418571472168,
    1.141081690788269
  ],
  "Sigma_phys": [
    [
      1.261164173094187e-09,
      5.256453050606069e-07,
      -7.448571382080715e-13,
      2.0551112200895005e-10,
      4.3281383454996103e-07,
      1.482588718459965e-09,
      -3.782931301543613e-08,
      -6.468985791485693e-09,
      4.202554191579111e-05,
      4.3398722482379526e-05
    ],
    [
      5.25642008142313e-07,
      0.0013379011070355773,
      -3.66230468173967e-09,
      2.6373484729447227e-08,
      -0.0009367653983645141,
      2.3107864763005637e-05,
      -0.0002089568879455328,
      -1.8025541066890582e-05,
      0.017523573711514473,
      0.01310685370117426
    ],
    [
      -7.448519882477522e-13,
      -3.662301573115201e-09,
      1.646854735914971e-10,
      1.46829792768699e-09,
      1.0567480224210613e-09,
      4.321116264804914e-08,
      -1.198616530473373e-07,
      7.979514293765533e-08,
      -2.25794618557984e-08,
      -1.7666376174452214e-12
    ],
    [
      2.054790504413262e-10,
      2.636052975901748e-08,
      1.4683050331143477e-09,
      4.307985000195913e-05,
      -1.6196347587538185e-06,
      -1.2815805348509457e-05,
      -6.340040999930352e-05,
      -3.240618752897717e-05,
      -1.6852627595653757e-05,
      -1.8271110093337484e-05
    ],
    [
      4.328196894221037e-07,
      -0.0009367621969431639,
      1.0567461350419194e-09,
      -1.6196230490095331e-06,
      0.0019378350116312504,
      -1.6789917935966514e-06,
      2.034052613453241e-06,
      -1.1300143341941293e-05,
      0.017707187682390213,
      0.019868193194270134
    ],
    [
      1.4826635474918248e-09,
      2.3107904780772515e-05,
      4.3211237255036394e-08,
      -1.2815808986488264e-05,
      -1.6789686014817562e-06,
      0.0005282017518766224,
      -1.4890366401232313e-05,
      3.25592773151584e-05,
      0.00011682500917231664,
      -3.051291969313752e-06
    ],
    [
      -3.7829735788363905e-08,
      -0.00020895690249744803,
      -1.1986168146904674e-07,
      -6.340040999930352e-05,
      2.033732016570866e-06,
      -1.4890576494508423e-05,
      0.05568655580282211,
      2.7410444090492092e-05,
      -0.002507310127839446,
      6.532939005410299e-05
    ],
    [
      -6.468986679664113e-09,
      -1.8025541066890582e-05,
      7.979512872680061e-08,
      -3.2406194804934785e-05,
      -1.1300145160930697e-05,
      3.2559342798776925e-05,
      2.7410471375333145e-05,
      0.007304558530449867,
      -0.00046145691885612905,
      3.0218641768442467e-05
    ],
    [
      4.202554919174872e-05,
      0.017523687332868576,
      -2.2579659031407573e-08,
      -1.6851559848873876e-05,
      0.01770699955523014,
      0.00011682257172651589,
      -0.002507296856492758,
      -0.00046145697706378996,
      1.4202618598937988,
      1.446135401725769
    ],
    [
      4.339873339631595e-05,
      0.01310697291046381,
      -1.9369755365622465e-12,
      -1.827000050980132e-05,
      0.019867990165948868,
      -3.0540331863448955e-06,
      6.534434942295775e-05,
      3.0218641768442467e-05,
      1.446135401725769,
      1.5212990045547485
    ]
  ],
  "param_names": [
    "L",
    "RL",
    "C",
    "RC",
    "Rdson",
    "Rload1",
    "Rload2",
    "Rload3",
    "Vin",
    "VF"
  ]
}