{
  "L": 0.000730465108063072,
  "RL": 0.36580175161361694,
  "C": 0.00015839013212826103,
  "RC": 0.19189174473285675,
  "Rdson": 0.14058798551559448,
  "Rloads": [
    3.1024625301361084,
    10.155930519104004,
    6.090626239776611
  ],
  "Vin": 48.03248977661133,
  "VF": 0.9764942526817322
}