{
  "L": 0.0007262170547619462,
  "RL": 0.31546834111213684,
  "C": 0.00016052038699854165,
  "RC": 0.20223943889141083,
  "Rdson": 0.2228880673646927,
  "Rloads": [
    3.0990803241729736,
    10.204809188842773,
    6.096938133239746
  ],
  "Vin": 48.058746337890625,
  "VF": 1.0442299842834473
}