{
  "L": 0.00072465994162485,
  "RL": 0.3157666325569153,
  "C": 0.00016458627942483872,
  "RC": 0.2012578547000885,
  "Rdson": 0.21814589202404022,
  "Rloads": [
    3.0997161865234375,
    10.203937530517578,
    6.099442481994629
  ],
  "Vin": 47.98219299316406,
  "VF": 0.9761366844177246
}