{
  "theta_log": [
    1.988511323928833,
    1.2969213724136353,
    0.4598909616470337,
    0.6517611742019653,
    0.340663343667984,
    1.1321961879730225,
    2.3180577754974365,
    1.8067508935928345,
    1.5692925453186035,
    -0.02378641441464424
  ],
  "Sigma_log": [
    [
      0.002115594455972314,
      0.002161281881853938,
      -1.5328341760323383e-05,
      9.657527471063077e-07,
      0.002007500734180212,
      4.6150944399414584e-07,
      -3.8048938222345896e-06,
      -1.7001254946080735e-06,
      0.0010637594386935234,
      0.0538594089448452
    ],
    [
      0.0021613012067973614,
      0.00995155144482851,
      -7.204791472759098e-05,
      6.938789738342166e-07,
      -0.01806928776204586,
      1.7964979633688927e-05,
      -4.907760376227088e-05,
      -7.817556252120994e-06,
      0.001087122829630971,
      0.04210822656750679
    ],
    [
      -1.532729402242694e-05,
      -7.204688154160976e-05,
      0.0063809785060584545,
      4.6273195039248094e-05,
      5.642816540785134e-05,
      8.696235454408452e-05,
      -9.670621511759236e-05,
      7.553802424808964e-05,
      -7.273403298313497e-06,
      -0.00023094643256627023
    ],
    [
      9.656889687903458e-07,
      6.938641377018939e-07,
      4.6273180487332866e-05,
      0.001060915645211935,
      -5.601940938504413e-05,
      -1.999024061660748e-05,
      -2.98520753858611e-05,
      -2.5277180611738004e-05,
      -1.753155629558023e-06,
      -9.330348984804004e-05
    ],
    [
      0.002007420640438795,
      -0.018069390207529068,
      5.6427172239637e-05,
      -5.601918383035809e-05,
      0.08564493060112,
      -4.33281229561544e-06,
      5.563048034673557e-06,
      -1.0615321116347332e-05,
      0.0014582944568246603,
      0.08466342091560364
    ],
    [
      4.615368709437462e-07,
      1.796499236661475e-05,
      8.696262375451624e-05,
      -1.999024061660748e-05,
      -4.3327231651346665e-06,
      5.172998862690292e-05,
      -8.180919053302205e-07,
      1.596647962287534e-06,
      6.303826012299396e-07,
      -3.875582478940487e-06
    ],
    [
      -3.8048992792028002e-06,
      -4.9077589210355654e-05,
      -9.670623694546521e-05,
      -2.985206629091408e-05,
      5.562936166825239e-06,
      -8.181013981811702e-07,
      0.0005013196496292949,
      6.861349532982786e-08,
      -4.141226781939622e-06,
      2.2943364456295967e-05
    ],
    [
      -1.7001063952193363e-06,
      -7.817515324859414e-06,
      7.553800969617441e-05,
      -2.5277182430727407e-05,
      -1.0615362043608911e-05,
      1.596652850821556e-06,
      6.861380796863159e-08,
      0.00018477221601642668,
      -1.588276973052416e-06,
      -5.7850411394611e-06
    ],
    [
      0.001063758973032236,
      0.0010871125850826502,
      -7.273930805240525e-06,
      -1.7531228877487592e-06,
      0.0014583346201106906,
      6.303678219410358e-07,
      -4.141222234466113e-06,
      -1.5882862953731092e-06,
      0.0005428169970400631,
      0.027080878615379333
    ],
    [
      0.053859371691942215,
      0.04210769385099411,
      -0.00023097306257113814,
      -9.330175089417025e-05,
      0.08466542512178421,
      -3.876354639942292e-06,
      2.2943644580664113e-05,
      -5.785476787423249e-06,
      0.027080869302153587,
      1.3982378244400024
    ]
  ],
  "theta_phys": [
    0.000730465108063072,
    0.36580175161361694,
    0.00015839013212826103,
    0.19189174473285675,
    0.14058798551559448,
    3.1024625301361084,
    10.155930519104004,
    6.090626239776611,
    48.03248977661133,
    0.9764942526817322
  ],
  "Sigma_phys": [
    [
      1.1288373569229293e-09,
      5.775062277280085e-07,
      -1.7734655974668834e-12,
      1.353697848260893e-10,
      2.061595125724125e-07,
      1.0458914845301592e-09,
      -2.8226805781628173e-08,
      -7.563841109003988e-09,
      3.7323123251553625e-05,
      3.841764555545524e-05
    ],
    [
      5.775114004791249e-07,
      0.0013316263211891055,
      -4.174411927237998e-09,
      4.8706375821438996e-08,
      -0.0009292552131228149,
      2.038820821326226e-05,
      -0.00018232611182611436,
      -1.741721644066274e-05,
      0.01910114847123623,
      0.015041197650134563
    ],
    [
      -1.7733443836639995e-12,
      -4.174352419283878e-09,
      1.6008237790909874e-10,
      1.4064163167404331e-09,
      1.2565283258325621e-09,
      4.2733251603976896e-08,
      -1.5556153698526032e-07,
      7.287115977305803e-08,
      -5.53351249266143e-08,
      -3.571980400352004e-08
    ],
    [
      1.3536083365295326e-10,
      4.870533132361743e-08,
      1.4064158726512233e-09,
      3.9065504097379744e-05,
      -1.511273353571596e-06,
      -1.1900929166586138e-05,
      -5.817689452669583e-05,
      -2.9542474294430576e-05,
      -1.6158903235918842e-05,
      -1.7483318515587598e-05
    ],
    [
      2.061512986983871e-07,
      -0.0009292605682276189,
      1.2565061213720696e-09,
      -1.5112672144823591e-06,
      0.0016927705146372318,
      -1.8898382450061035e-06,
      7.942930096760392e-06,
      -9.089569175557699e-06,
      0.009847557172179222,
      0.011622879654169083
    ],
    [
      1.0459536570195382e-09,
      2.038822276517749e-05,
      4.273338305438301e-08,
      -1.1900929166586138e-05,
      -1.8897993641076027e-06,
      0.0004979153163731098,
      -2.5776762413443066e-05,
      3.0170163881848566e-05,
      9.393897926202044e-05,
      -1.1741220077965409e-05
    ],
    [
      -2.8226848414192318e-08,
      -0.00018232605361845344,
      -1.5556157961782446e-07,
      -5.81768763368018e-05,
      7.94277002569288e-06,
      -2.5777060727705248e-05,
      0.05170757696032524,
      4.244154752086615e-06,
      -0.002020150888711214,
      0.0002275341103086248
    ],
    [
      -7.563756732054117e-09,
      -1.7417125491192564e-05,
      7.287114556220331e-08,
      -2.954247611341998e-05,
      -9.089603736356366e-06,
      3.0170254831318744e-05,
      4.244173851475352e-06,
      0.006854259874671698,
      -0.00046464716433547437,
      -3.4406308259349316e-05
    ],
    [
      3.7323108699638397e-05,
      0.019100969657301903,
      -5.5339135940357664e-08,
      -1.615859946468845e-05,
      0.00984782911837101,
      9.393678192282096e-05,
      -0.002020148793235421,
      -0.0004646499000955373,
      1.252344012260437,
      1.2701866626739502
    ],
    [
      3.841762008960359e-05,
      0.015041007660329342,
      -3.572392515138745e-08,
      -1.7482992916484363e-05,
      0.011623154394328594,
      -1.1743559298338369e-05,
      0.00022753690427634865,
      -3.440890213823877e-05,
      1.270186185836792,
      1.3332771062850952
    ]
  ],
  "param_names": [
    "L",
    "RL",
    "C",
    "RC",
    "Rdson",
    "Rload1",
    "Rload2",
    "Rload3",
    "Vin",
    "VF"
  ]
}