{
  "theta_log": [
    1.9805322885513306,
    1.1498332023620605,
    0.49826475977897644,
    0.6994167566299438,
    0.7799938917160034,
    1.1313105821609497,
    2.3227736949920654,
    1.8081973791122437,
    1.5682448148727417,
    -0.024152657017111778
  ],
  "Sigma_log": [
    [
      2.4072573069133796e-05,
      2.4214172299252823e-05,
      -3.20613310123008e-07,
      4.302723866089764e-08,
      2.403038160991855e-05,
      2.1694237517522197e-09,
      -4.5830592654283464e-08,
      -2.1069059386036315e-08,
      1.2092396900698077e-05,
      0.0006138368044048548
    ],
    [
      2.421440149191767e-05,
      0.00013825764472130686,
      -9.021779874274216e-07,
      -4.289740473950587e-08,
      -0.0001404632639605552,
      2.5064207420655293e-07,
      -6.846605060673028e-07,
      -1.0283553564249814e-07,
      1.2168774446763564e-05,
      0.00045344713726080954
    ],
    [
      -3.2060339094641677e-07,
      -9.021685514198907e-07,
      7.710037607466802e-05,
      4.777394337907026e-07,
      -2.767612272691622e-07,
      9.827771236814442e-07,
      -8.599961915933818e-07,
      9.781115295481868e-07,
      -1.6102751487778733e-07,
      -6.596866114705335e-06
    ],
    [
      4.3026332718909543e-08,
      -4.289735144880069e-08,
      4.777384106091631e-07,
      1.0852990271814633e-05,
      -1.7893545134484157e-07,
      -2.2690653622703394e-07,
      -3.2938498861767584e-07,
      -2.853566343219427e-07,
      -1.8355308384343516e-09,
      -9.332416084362194e-08
    ],
    [
      2.403014150331728e-05,
      -0.0001404637732775882,
      -2.76771714879942e-07,
      -1.789329644452664e-07,
      0.00040553222061134875,
      -4.2504481712057895e-08,
      3.076423737979894e-08,
      -1.0051953580614281e-07,
      1.5252254343067762e-05,
      0.0008498147944919765
    ],
    [
      2.169885160441254e-09,
      2.5064238684535667e-07,
      9.827809890339267e-07,
      -2.2690643675105093e-07,
      -4.250368945690752e-08,
      6.234986358322203e-07,
      -4.893927485483118e-09,
      1.9590721933582245e-08,
      5.830962379604898e-09,
      -1.4014267435413785e-07
    ],
    [
      -4.583169754823757e-08,
      -6.846610745014914e-07,
      -8.599963052802195e-07,
      -3.293850454610947e-07,
      3.07625178663784e-08,
      -4.8939061692010455e-09,
      6.092408511904068e-06,
      4.509029150057131e-09,
      -5.000769931484683e-08,
      2.928395588241983e-07
    ],
    [
      -2.1069153532948803e-08,
      -1.0283565643476322e-07,
      9.781116432350245e-07,
      -2.853566343219427e-07,
      -1.0051953580614281e-07,
      1.9590745026221157e-08,
      4.50903137050318e-09,
      2.2387214357877383e-06,
      -1.9550142837942985e-08,
      -8.884217095328495e-08
    ],
    [
      1.2092395991203375e-05,
      1.216865985043114e-05,
      -1.6103248867693765e-07,
      -1.8350689856561075e-09,
      1.5252372577378992e-05,
      5.830745664070491e-09,
      -5.000714509151294e-08,
      -1.9550098429022e-08,
      6.16179113421822e-06,
      0.0003083418996538967
    ],
    [
      0.0006138364551588893,
      0.00045344087993726134,
      -6.597119408979779e-06,
      -9.329910000133168e-08,
      0.0008498205570504069,
      -1.401548672674835e-07,
      2.928687763414928e-07,
      -8.88398830056758e-08,
      0.00030834178323857486,
      0.01594935543835163
    ]
  ],
  "theta_phys": [
    0.00072465994162485,
    0.3157666325569153,
    0.00016458627942483872,
    0.2012578547000885,
    0.21814589202404022,
    3.0997161865234375,
    10.203937530517578,
    6.099442481994629,
    47.98219299316406,
    0.9761366844177246
  ],
  "Sigma_phys": [
    [
      1.2641279516223403e-11,
      5.5407700649823255e-09,
      -3.823925496995034e-14,
      6.275243345787995e-12,
      3.798760861428718e-09,
      4.873046410835968e-12,
      -3.3888902795098375e-10,
      -9.312569465569354e-11,
      4.204619870051829e-07,
      4.3420800466265064e-07
    ],
    [
      5.540822467509088e-09,
      1.378547131025698e-05,
      -4.688695959265132e-11,
      -2.726152192877862e-09,
      -9.6755584308994e-06,
      2.453251966016978e-07,
      -2.20601918954344e-06,
      -1.9806128648269805e-07,
      0.0001843712234403938,
      0.00013976664922665805
    ],
    [
      -3.8238072511955976e-14,
      -4.688647387007805e-11,
      2.0885446150309406e-12,
      1.5824775517758738e-11,
      -9.936785769215639e-12,
      5.013841564149857e-10,
      -1.4443016782550444e-09,
      9.819111079778509e-10,
      -1.2716682151747705e-09,
      -1.0598438793252285e-09
    ],
    [
      6.275111073122952e-12,
      -2.726148862208788e-09,
      1.5824742558012694e-11,
      4.395973860482627e-07,
      -7.855905259646079e-09,
      -1.41553883281631e-07,
      -6.764324211872008e-07,
      -3.5029259493057907e-07,
      -1.772534119481861e-08,
      -1.8334013418552786e-08
    ],
    [
      3.798722669756671e-09,
      -9.67559390119277e-06,
      -9.937162204209926e-12,
      -7.855796901878875e-09,
      1.9298317056382075e-05,
      -2.8741119706410245e-08,
      6.847956512956443e-08,
      -1.337481165819554e-07,
      0.0001596471411176026,
      0.0001809597306419164
    ],
    [
      4.8740833417937335e-12,
      2.4532550924050156e-07,
      5.013860993052788e-10,
      -1.415538122273574e-07,
      -2.8740585023001586e-08,
      5.9907247305091005e-06,
      -1.547915360333718e-07,
      3.7039276890027395e-07,
      8.672458875480515e-07,
      -4.2403624433973164e-07
    ],
    [
      -3.3889718809021474e-10,
      -2.206021235906519e-06,
      -1.4443020113219518e-09,
      -6.764325917174574e-07,
      6.847573530421869e-08,
      -1.5479088233405491e-07,
      0.000634343596175313,
      2.8063445256520936e-07,
      -2.4484133973601274e-05,
      2.916810217357124e-06
    ],
    [
      -9.312611792822167e-11,
      -1.980615138563735e-07,
      9.819111079778509e-10,
      -3.5029259493057907e-07,
      -1.3374810237110069e-07,
      3.7039322364762484e-07,
      2.806345946737565e-07,
      8.328759577125311e-05,
      -5.7216352615796495e-06,
      -5.28956434209249e-07
    ],
    [
      4.2046195858347346e-07,
      0.00018436950631439686,
      -1.2717075170698422e-09,
      -1.7720880762794877e-08,
      0.00015964839258231223,
      8.672137141729763e-07,
      -2.448386476316955e-05,
      -5.721622073906474e-06,
      0.014186235144734383,
      0.01444186456501484
    ],
    [
      4.3420772044555633e-07,
      0.00013976471382193267,
      -1.0598847355325347e-09,
      -1.8329091133750808e-08,
      0.0001809609675547108,
      -4.240731357185723e-07,
      2.9171012556616915e-06,
      -5.289428486321412e-07,
      0.014441858977079391,
      0.015197228640317917
    ]
  ],
  "param_names": [
    "L",
    "RL",
    "C",
    "RC",
    "Rdson",
    "Rload1",
    "Rload2",
    "Rload3",
    "Vin",
    "VF"
  ]
}