{
  "theta_log": [
    1.982678771018982,
    1.148888111114502,
    0.47325077652931213,
    0.7042821645736694,
    0.8014994859695435,
    1.1311054229736328,
    2.322859048843384,
    1.8077867031097412,
    1.5698391199111938,
    0.04327975586056709
  ],
  "Sigma_log": [
    [
      0.0005459507810883224,
      0.0005486650043167174,
      -5.999181212246185e-06,
      8.139552960528817e-07,
      0.0005438548396341503,
      7.950026059688753e-08,
      -1.014254848996643e-06,
      -4.755737563755247e-07,
      0.00027464100276120007,
      0.013050244189798832
    ],
    [
      0.0005486714653670788,
      0.003144629066810012,
      -1.9196084394934587e-05,
      -8.834862796902598e-07,
      -0.0031183988321572542,
      5.591993613052182e-06,
      -1.5213462575047743e-05,
      -2.289482154083089e-06,
      0.00027612902340479195,
      0.009628375992178917
    ],
    [
      -5.999027052894235e-06,
      -1.9195857021259144e-05,
      0.0016655083745718002,
      1.043066913553048e-05,
      -4.154627731622895e-06,
      2.1165596990613267e-05,
      -1.8932512830360793e-05,
      1.983290167117957e-05,
      -3.0071587389102206e-06,
      -0.00011018738587154076
    ],
    [
      8.139734291034983e-07,
      -8.834808795654681e-07,
      1.0430706424813252e-05,
      0.00024346119607798755,
      -4.639064172806684e-06,
      -4.966798314853804e-06,
      -7.220523002615664e-06,
      -6.298278094618581e-06,
      -1.256101995750214e-07,
      -6.090143870096654e-06
    ],
    [
      0.0005438456428237259,
      -0.0031184141989797354,
      -4.154739144723862e-06,
      -4.639099643100053e-06,
      0.008847040124237537,
      -8.529759156772343e-07,
      6.213451797520975e-07,
      -2.19352523345151e-06,
      0.000344220083206892,
      0.01792794093489647
    ],
    [
      7.95161696487412e-08,
      5.592009529209463e-06,
      2.116547511832323e-05,
      -4.966798769601155e-06,
      -8.529594310857647e-07,
      1.3442823728837539e-05,
      -1.1119178111584915e-07,
      4.0536352230446937e-07,
      1.4543525139742997e-07,
      -2.146422048099339e-06
    ],
    [
      -1.0142812243429944e-06,
      -1.5213486221909989e-05,
      -1.8932512830360793e-05,
      -7.220523002615664e-06,
      6.213116989783884e-07,
      -1.1119222875777268e-07,
      0.0001313568645855412,
      1.079603535458773e-07,
      -1.1095933132310165e-06,
      6.093410775065422e-06
    ],
    [
      -4.755714542170608e-07,
      -2.289472377015045e-06,
      1.9832899852190167e-05,
      -6.298278094618581e-06,
      -2.1935318272880977e-06,
      4.0536320966566564e-07,
      1.0796032512416787e-07,
      4.818569868803024e-05,
      -4.382306997285923e-07,
      -2.079541445709765e-06
    ],
    [
      0.0002746409736573696,
      0.0002761257637757808,
      -3.007236955454573e-06,
      -1.2561923767862027e-07,
      0.0003442247398197651,
      1.4542700910169515e-07,
      -1.1095803529315162e-06,
      -4.3823177975355065e-07,
      0.0001401384943164885,
      0.006564779672771692
    ],
    [
      0.013050234876573086,
      0.009628210216760635,
      -0.00011019102385034785,
      -6.090598162700189e-06,
      0.017928151413798332,
      -2.146812448700075e-06,
      6.094062428019242e-06,
      -2.079579871860915e-06,
      0.006564775016158819,
      0.3178437650203705
    ]
  ],
  "theta_phys": [
    0.0007262170547619462,
    0.31546834111213684,
    0.00016052038699854165,
    0.20223943889141083,
    0.2228880673646927,
    3.0990803241729736,
    10.204809188842773,
    6.096938133239746,
    48.058746337890625,
    1.0442299842834473
  ],
  "Sigma_phys": [
    [
      2.87929652342811e-10,
      1.2569832108511036e-07,
      -6.993404336533282e-13,
      1.1954538747804833e-10,
      8.803112905297894e-08,
      1.789236814264683e-10,
      -7.516548272690216e-09,
      -2.1056980603617603e-09,
      9.585267434886191e-06,
      9.896491064864676e-06
    ],
    [
      1.2569981322485546e-07,
      0.0003129543620161712,
      -9.720724225559252e-10,
      -5.636654876184366e-08,
      -0.00021926750196143985,
      5.467078153742477e-06,
      -4.897661347058602e-05,
      -4.4035691644239705e-06,
      0.004186395555734634,
      0.00317179411649704
    ],
    [
      -6.993224358972649e-13,
      -9.72060876236469e-10,
      4.291481059404134e-11,
      3.3861657922074073e-10,
      -1.4864461050922984e-10,
      1.0529156213578972e-08,
      -3.101296996987912e-08,
      1.941011973372042e-08,
      -2.319844938369897e-08,
      -1.8469631157813637e-08
    ],
    [
      1.1954806589109523e-10,
      -5.6366204148616816e-08,
      3.386178004660678e-10,
      9.957755537470803e-06,
      -2.091139634785577e-07,
      -3.1129720809985884e-06,
      -1.4901823305990547e-05,
      -7.766037015244365e-06,
      -1.2208524822199252e-06,
      -1.2861438563049887e-06
    ],
    [
      8.802963691323384e-08,
      -0.00021926857880316675,
      -1.4864857955654287e-10,
      -2.0911556930514053e-07,
      0.0004395129217300564,
      -5.891914156563871e-07,
      1.413268364558462e-06,
      -2.980857516377e-06,
      0.003687189659103751,
      0.004172664135694504
    ],
    [
      1.7895948611901247e-10,
      5.4670936151524074e-06,
      1.0529094929268012e-08,
      -3.112972308372264e-06,
      -5.891800469726149e-07,
      0.0001291088992729783,
      -3.5164982818969293e-06,
      7.659303264517803e-06,
      2.166082413168624e-05,
      -6.9461493694689125e-06
    ],
    [
      -7.51674367194255e-09,
      -4.8976689868140966e-05,
      -3.101296996987912e-08,
      -1.4901822396495845e-05,
      1.4131921943771886e-06,
      -3.5165123790648067e-06,
      0.013679258525371552,
      6.717087217111839e-06,
      -0.0005441782413981855,
      6.493240653071553e-05
    ],
    [
      -2.1056880683545387e-09,
      -4.403550519782584e-06,
      1.941011973372042e-08,
      -7.766037015244365e-06,
      -2.980866611324018e-06,
      7.659297807549592e-06,
      6.7170849433750845e-06,
      0.0017911902396008372,
      -0.0001284065074287355,
      -1.3239619875093922e-05
    ],
    [
      9.585267434886191e-06,
      0.00418634619563818,
      -2.3199053345024367e-08,
      -1.220940362145484e-06,
      0.003687239484861493,
      2.1659596313838847e-05,
      -0.0005441718967631459,
      -0.00012840682757087052,
      0.3236699104309082,
      0.3294494152069092
    ],
    [
      9.896483788907062e-06,
      0.003171739401295781,
      -1.847024222456639e-08,
      -1.2862398079960258e-06,
      0.004172712564468384,
      -6.947412657609675e-06,
      6.493934779427946e-05,
      -1.3239864529168699e-05,
      0.3294491767883301,
      0.3465820252895355
    ]
  ],
  "param_names": [
    "L",
    "RL",
    "C",
    "RC",
    "Rdson",
    "Rload1",
    "Rload2",
    "Rload3",
    "Vin",
    "VF"
  ]
}