{
  "L": 0.000725225021596998,
  "RL": 0.31345099210739136,
  "C": 0.0001645266602281481,
  "RC": 0.20079047977924347,
  "Rdson": 0.22205564379692078,
  "Rloads": [
    3.0999512672424316,
    10.196914672851562,
    6.098724842071533
  ],
  "Vin": 48.01164627075195,
  "VF": 1.004513144493103
}