{
  "L": 0.0007223511929623783,
  "RL": 0.3152112066745758,
  "C": 0.00016702436550986022,
  "RC": 0.18909183144569397,
  "Rdson": 0.21760991215705872,
  "Rloads": [
    3.102374315261841,
    10.151519775390625,
    6.119110584259033
  ],
  "Vin": 47.964576721191406,
  "VF": 0.9633699655532837
}