{
  "L": 0.0007245515589602292,
  "RL": 0.3152976632118225,
  "C": 0.0001656496460782364,
  "RC": 0.19501112401485443,
  "Rdson": 0.2191963940858841,
  "Vin": 48.01130294799805,
  "VF": 1.0104924440383911,
  "Rloads": [
    3.1011362075805664,
    10.175726890563965,
    6.109407901763916
  ]
}