{
  "L": 0.0007245726883411407,
  "RL": 0.3153046667575836,
  "C": 0.0001656495878705755,
  "RC": 0.19501112401485443,
  "Rdson": 0.21920514106750488,
  "Rloads": [
    3.1011366844177246,
    10.175722122192383,
    6.109407901763916
  ],
  "Vin": 48.01199722290039,
  "VF": 1.0112305879592896
}