{
  "L": 0.0007223515422083437,
  "RL": 0.3152112662792206,
  "C": 0.00016702436550986022,
  "RC": 0.18909183144569397,
  "Rdson": 0.21760991215705872,
  "Vin": 47.96458053588867,
  "VF": 0.9633783102035522,
  "Rloads": [
    3.1023738384246826,
    10.151521682739258,
    6.119110584259033
  ]
}