{
  "L": 0.0007245584856718779,
  "RL": 0.3152998387813568,
  "C": 0.00016564941324759275,
  "RC": 0.19501112401485443,
  "Rdson": 0.2191993147134781,
  "Vin": 48.011539459228516,
  "VF": 1.0107342004776,
  "Rloads": [
    3.1011362075805664,
    10.175726890563965,
    6.109407901763916
  ]
}