{
  "L": 0.0007252246141433716,
  "RL": 0.3134509325027466,
  "C": 0.00016452664567623287,
  "RC": 0.20079052448272705,
  "Rdson": 0.22205474972724915,
  "Vin": 48.01163101196289,
  "VF": 1.0045148134231567,
  "Rloads": [
    3.09995174407959,
    10.19693374633789,
    6.09872579574585
  ]
}