{
  "L": 0.0007252256036736071,
  "RL": 0.31345999240875244,
  "C": 0.0001645268639549613,
  "RC": 0.20079044997692108,
  "Rdson": 0.2220691740512848,
  "Vin": 48.01176834106445,
  "VF": 1.0045013427734375,
  "Rloads": [
    3.0999550819396973,
    10.196914672851562,
    6.098727703094482
  ]
}