{
  "L": 0.0007223510765470564,
  "RL": 0.31521114706993103,
  "C": 0.0001670241035753861,
  "RC": 0.18909184634685516,
  "Rdson": 0.21760974824428558,
  "Vin": 47.96457290649414,
  "VF": 0.9633622765541077,
  "Rloads": [
    3.1023738384246826,
    10.151521682739258,
    6.119110584259033
  ]
}