{
  "theta_log": [
    1.9773417711257935,
    1.1480729579925537,
    0.5129694938659668,
    0.6370625495910645,
    0.7775338292121887,
    1.1321675777435303,
    2.3176236152648926,
    1.811416745185852,
    1.5678777694702148,
    -0.03730909898877144
  ],
  "Sigma_log": [
    [
      1.090529203414917,
      1.121903419494629,
      -0.008427254855632782,
      0.0032242259476333857,
      1.0592105388641357,
      0.00018544642080087215,
      -0.002177366754040122,
      -0.001068210112862289,
      0.5476877093315125,
      28.117753982543945
    ],
    [
      1.1219158172607422,
      6.807363510131836,
      -0.030930498614907265,
      0.0027700630016624928,
      -7.005504131317139,
      0.011353849433362484,
      -0.03208470344543457,
      -0.005010517779737711,
      0.5654659867286682,
      20.69746208190918
    ],
    [
      -0.008427174761891365,
      -0.030930351465940475,
      0.43608254194259644,
      0.0029725185595452785,
      -0.018156681209802628,
      0.005646446719765663,
      -0.007097093854099512,
      0.007113806903362274,
      -0.0050235651433467865,
      -0.17776226997375488
    ],
    [
      0.003224288346245885,
      0.0027701344806700945,
      0.002972512738779187,
      0.07021494209766388,
      -0.014712302945554256,
      -0.001474430551752448,
      -0.002097157761454582,
      -0.001739686238579452,
      0.00037331547355279326,
      0.019317785277962685
    ],
    [
      1.0591932535171509,
      -7.005534648895264,
      -0.01815662905573845,
      -0.014712357893586159,
      19.72115707397461,
      0.00036722735967487097,
      0.00013685507292393595,
      -0.005326779093593359,
      0.6865189671516418,
      39.098350524902344
    ],
    [
      0.00018546934006735682,
      0.011353880167007446,
      0.005646463017910719,
      -0.0014744304353371263,
      0.00036725273821502924,
      0.0036702111829072237,
      -8.928719762479886e-05,
      0.00017136891256086528,
      0.0003292681067250669,
      -0.00430935388430953
    ],
    [
      -0.0021773921325802803,
      -0.032084718346595764,
      -0.007097093388438225,
      -0.0020971575286239386,
      0.00013682094868272543,
      -8.92873722477816e-05,
      0.035704419016838074,
      0.000247328047407791,
      -0.0023892284370958805,
      0.013295302167534828
    ],
    [
      -0.0010681974235922098,
      -0.005010496824979782,
      0.007113809231668711,
      -0.001739686238579452,
      -0.0053267814218997955,
      0.00017136889800895005,
      0.0002473279892001301,
      0.013183477334678173,
      -0.0009932934772223234,
      -0.006567157339304686
    ],
    [
      0.5476875305175781,
      0.5654596090316772,
      -0.005023605655878782,
      0.0003732844488695264,
      0.6865276098251343,
      0.00032925602863542736,
      -0.0023892151657491922,
      -0.000993299763649702,
      0.2793785333633423,
      14.11850357055664
    ],
    [
      28.117740631103516,
      20.697128295898438,
      -0.17776423692703247,
      0.019316211342811584,
      39.098777770996094,
      -0.004309973679482937,
      0.013296003453433514,
      -0.006567476317286491,
      14.118499755859375,
      740.0923461914062
    ]
  ],
  "theta_phys": [
    0.0007223515422083437,
    0.3152112662792206,
    0.00016702436550986022,
    0.18909183144569397,
    0.21760991215705872,
    3.1023738384246826,
    10.151521682739258,
    6.119110584259033,
    47.96458053588867,
    0.9633783102035522
  ],
  "Sigma_phys": [
    [
      5.690291686732962e-07,
      0.00025544993695802987,
      -1.0167509056913104e-09,
      4.4039950353180757e-07,
      0.00016649821191094816,
      4.1558629959581594e-07,
      -1.5966559658409096e-05,
      -4.7216476559697185e-06,
      0.018975894898176193,
      0.019567083567380905
    ],
    [
      0.00025545276002958417,
      0.6763669848442078,
      -1.6284277535305591e-06,
      0.0001651064958423376,
      -0.48052921891212463,
      0.011102965101599693,
      -0.10266701132059097,
      -0.009664349257946014,
      8.549266815185547,
      6.285150527954102
    ],
    [
      -1.0167412467509962e-09,
      -1.6284199091387563e-06,
      1.216545530979829e-08,
      9.388088528794469e-08,
      -6.599256039407919e-07,
      2.925830585809308e-06,
      -1.2033488019369543e-05,
      7.270599326147931e-06,
      -4.024505687993951e-05,
      -2.860331005649641e-05
    ],
    [
      4.404080584663461e-07,
      0.00016511075955349952,
      9.388069344140604e-08,
      0.002510586054995656,
      -0.0006053856341168284,
      -0.0008649504161439836,
      -0.004025640897452831,
      -0.0020129454787820578,
      0.003385863034054637,
      0.0035190624184906483
    ],
    [
      0.00016649549070280045,
      -0.4805313050746918,
      -6.599236712645506e-07,
      -0.0006053879042156041,
      0.9338771104812622,
      0.0002479178656358272,
      0.0003023226745426655,
      -0.007093027699738741,
      7.165588855743408,
      8.196603775024414
    ],
    [
      4.1563762920304725e-07,
      0.011102994903922081,
      2.925839226008975e-06,
      -0.0008649504161439836,
      0.0002479350077919662,
      0.03532476723194122,
      -0.0028119944036006927,
      0.003253227798268199,
      0.04899643361568451,
      -0.012879623100161552
    ],
    [
      -1.5966745195328258e-05,
      -0.10266705602407455,
      -1.203348710987484e-05,
      -0.004025639966130257,
      0.00030224729562178254,
      -0.0028119999915361404,
      3.6794614791870117,
      0.015363593585789204,
      -1.1633474826812744,
      0.13002480566501617
    ],
    [
      -4.7215917220455594e-06,
      -0.009664309211075306,
      7.270601599884685e-06,
      -0.0020129454787820578,
      -0.007093030959367752,
      0.0032532273326069117,
      0.01536359079182148,
      0.49363571405410767,
      -0.2915322184562683,
      -0.03871351107954979
    ],
    [
      0.018975887447595596,
      8.54917049407959,
      -4.024538066005334e-05,
      0.0033855820074677467,
      7.16567850112915,
      0.04899463430047035,
      -1.1633410453796387,
      -0.29153406620025635,
      642.738525390625,
      652.3883666992188
    ],
    [
      0.01956707425415516,
      6.2850494384765625,
      -2.860362656065263e-05,
      0.0035187758039683104,
      8.196694374084473,
      -0.012881474569439888,
      0.13003166019916534,
      -0.03871539235115051,
      652.38818359375,
      686.8780517578125
    ]
  ],
  "param_names": [
    "L",
    "RL",
    "C",
    "RC",
    "Rdson",
    "Rloads1",
    "Rloads2",
    "Rloads3",
    "Vin",
    "VF"
  ]
}