{
  "theta_log": [
    1.9804118871688843,
    1.1483691930770874,
    0.504704475402832,
    0.6678864359855652,
    0.7848378419876099,
    1.1317687034606934,
    2.32000470161438,
    1.809829831123352,
    1.5688658952713013,
    0.01116799283772707
  ],
  "Sigma_log": [
    [
      1.1534796953201294,
      1.1704877614974976,
      -0.012991523370146751,
      0.0027512051165103912,
      1.1430339813232422,
      0.0001421503839083016,
      -0.0022100135684013367,
      -0.0011025177082046866,
      0.5798938870429993,
      28.414608001708984
    ],
    [
      1.1705093383789062,
      6.870255947113037,
      -0.03640415892004967,
      0.0011532488279044628,
      -6.914822101593018,
      0.011611854657530785,
      -0.032998405396938324,
      -0.005090659484267235,
      0.5906174182891846,
      20.949951171875
    ],
    [
      -0.012991304509341717,
      -0.03640376031398773,
      0.43470045924186707,
      0.0028388872742652893,
      -0.02256850339472294,
      0.005540407728403807,
      -0.005875574424862862,
      0.006371920928359032,
      -0.007347443141043186,
      -0.2808628976345062
    ],
    [
      0.002751263789832592,
      0.0011532771168276668,
      0.0028389012441039085,
      0.06662547588348389,
      -0.012404276058077812,
      -0.0014316656161099672,
      -0.0020134912338107824,
      -0.0017145657911896706,
      0.00015627406537532806,
      0.008036434650421143
    ],
    [
      1.14299476146698,
      -6.914886474609375,
      -0.022568415850400925,
      -0.012404396198689938,
      19.640933990478516,
      0.0003017510171048343,
      9.450839570490643e-05,
      -0.005455818958580494,
      0.7285264134407043,
      39.36262893676758
    ],
    [
      0.00014218191790860146,
      0.011611878871917725,
      0.005540383048355579,
      -0.0014316652668640018,
      0.0003018109709955752,
      0.003624610835686326,
      -7.495767204090953e-05,
      0.00016241543926298618,
      0.0003133821301162243,
      -0.005413353443145752
    ],
    [
      -0.002210073871538043,
      -0.03299842029809952,
      -0.005875574424862862,
      -0.002013490768149495,
      9.434728417545557e-05,
      -7.495821773773059e-05,
      0.03533035144209862,
      0.0002915063814725727,
      -0.002444605343043804,
      0.013712137937545776
    ],
    [
      -0.001102491864003241,
      -0.005090611055493355,
      0.006371920928359032,
      -0.0017145662568509579,
      -0.00545582827180624,
      0.0001624158612685278,
      0.00029150635236874223,
      0.012946786358952522,
      -0.0010208799503743649,
      -0.006725884974002838
    ],
    [
      0.5798934102058411,
      0.5906062126159668,
      -0.00734754791483283,
      0.00015624403022229671,
      0.7285456657409668,
      0.00031336641404777765,
      -0.002444575307890773,
      -0.0010208929888904095,
      0.29586488008499146,
      14.282055854797363
    ],
    [
      28.41457176208496,
      20.949384689331055,
      -0.2808680832386017,
      0.008034937083721161,
      39.363555908203125,
      -0.005414166487753391,
      0.013713650405406952,
      -0.006726494058966637,
      14.282047271728516,
      713.7625122070312
    ]
  ],
  "theta_phys": [
    0.0007245726883411407,
    0.3153046667575836,
    0.0001656495878705755,
    0.19501112401485443,
    0.21920514106750488,
    3.1011366844177246,
    10.175722122192383,
    6.109407901763916,
    48.01199722290039,
    1.0112305879592896
  ],
  "Sigma_phys": [
    [
      6.055832955098595e-07,
      0.0002674110000953078,
      -1.5593097923982668e-09,
      3.8874452457093867e-07,
      0.00018154815188609064,
      3.194117539351282e-07,
      -1.629454163776245e-05,
      -4.8805263759277295e-06,
      0.02017345279455185,
      0.020819667726755142
    ],
    [
      0.00026741588953882456,
      0.6830204725265503,
      -1.901392352010589e-06,
      7.091087172739208e-05,
      -0.47792762517929077,
      0.011354104615747929,
      -0.10587382316589355,
      -0.009806264191865921,
      8.941006660461426,
      6.679802417755127
    ],
    [
      -1.5592835911348857e-09,
      -1.901371547319286e-06,
      1.1928087850776592e-08,
      9.17060347660481e-08,
      -8.194903671210341e-07,
      2.846118604793446e-06,
      -9.903892532747705e-06,
      6.448517524404451e-06,
      -5.843544568051584e-05,
      -4.704732418758795e-05
    ],
    [
      3.8875282371009234e-07,
      7.091261068126187e-05,
      9.170648240797163e-08,
      0.0025337226688861847,
      -0.0005302510689944029,
      -0.0008658085716888309,
      -0.003995529841631651,
      -0.0020427380222827196,
      0.0014631743542850018,
      0.0015847946051508188
    ],
    [
      0.0001815419236663729,
      -0.4779320955276489,
      -8.194871838895779e-07,
      -0.0005302561912685633,
      0.9437644481658936,
      0.00020512584887910634,
      0.0002108076587319374,
      -0.007306506857275963,
      7.667358875274658,
      8.725393295288086
    ],
    [
      3.194826092567382e-07,
      0.011354128830134869,
      2.8461060992412968e-06,
      -0.0008658083970658481,
      0.00020516659424174577,
      0.034858059138059616,
      -0.0023653870448470116,
      0.0030771405436098576,
      0.04666001722216606,
      -0.01697608269751072
    ],
    [
      -1.6294985471176915e-05,
      -0.10587387531995773,
      -9.903892532747705e-06,
      -0.003995528910309076,
      0.00021044827008154243,
      -0.0023654045071452856,
      3.658292770385742,
      0.018122263252735138,
      -1.1943284273147583,
      0.14109793305397034
    ],
    [
      -4.880411779595306e-06,
      -0.009806170128285885,
      6.448517524404451e-06,
      -0.002042738487944007,
      -0.0073065198957920074,
      0.003077148459851742,
      0.01812226139008999,
      0.48323702812194824,
      -0.29944947361946106,
      -0.041552651673555374
    ],
    [
      0.020173437893390656,
      8.940836906433105,
      -5.8436278777662665e-05,
      0.0014628930948674679,
      7.6675615310668945,
      0.04665767773985863,
      -1.1943137645721436,
      -0.2994533181190491,
      682.0134887695312,
      693.4109497070312
    ],
    [
      0.020819643512368202,
      6.679621696472168,
      -4.704819366452284e-05,
      0.0015844992594793439,
      8.72559928894043,
      -0.016978632658720016,
      0.1411134898662567,
      -0.04155641421675682,
      693.4105224609375,
      729.884521484375
    ]
  ],
  "param_names": [
    "L",
    "RL",
    "C",
    "RC",
    "Rdson",
    "Rload1",
    "Rload2",
    "Rload3",
    "Vin",
    "VF"
  ]
}