{
  "theta_log": [
    1.9803828001022339,
    1.1483469009399414,
    0.5047047734260559,
    0.6678864359855652,
    0.7847979068756104,
    1.1317685842514038,
    2.320005178451538,
    1.809829831123352,
    1.568851351737976,
    0.010437780059874058
  ],
  "Sigma_log": [
    [
      1.1537166833877563,
      1.1706621646881104,
      -0.012994269840419292,
      0.0027509566862136126,
      1.14338219165802,
      0.00014215853298082948,
      -0.0022099579218775034,
      -0.0011025512358173728,
      0.5800049901008606,
      28.44049072265625
    ],
    [
      1.1706452369689941,
      6.870859146118164,
      -0.03640654310584068,
      0.001153469318524003,
      -6.915789604187012,
      0.01161224115639925,
      -0.03299950808286667,
      -0.0050905910320580006,
      0.5906707048416138,
      20.967308044433594
    ],
    [
      -0.012994547374546528,
      -0.03640703484416008,
      0.4347006678581238,
      0.002838918473571539,
      -0.022573014721274376,
      0.005540283862501383,
      -0.005875120870769024,
      0.006371946539729834,
      -0.007348994724452496,
      -0.28113967180252075
    ],
    [
      0.0027509962674230337,
      0.0011534980731084943,
      0.002838915679603815,
      0.06662542372941971,
      -0.012405951507389545,
      -0.0014316686429083347,
      -0.0020134930964559317,
      -0.0017145680030807853,
      0.00015612585411872715,
      0.008034825325012207
    ],
    [
      1.14340078830719,
      -6.915752410888672,
      -0.022572878748178482,
      -0.012406022287905216,
      19.644254684448242,
      0.00030112836975604296,
      9.649963612901047e-05,
      -0.005456192884594202,
      0.7287376523017883,
      39.402130126953125
    ],
    [
      0.00014212974929250777,
      0.011612229980528355,
      0.005540290381759405,
      -0.0014316682936623693,
      0.00030108820647001266,
      0.003624608973041177,
      -7.495327736251056e-05,
      0.00016241472621914,
      0.00031335148378275335,
      -0.005419153720140457
    ],
    [
      -0.0022098529152572155,
      -0.032999422401189804,
      -0.005875124130398035,
      -0.0020134930964559317,
      9.661722288001329e-05,
      -7.495317549910396e-05,
      0.03533041477203369,
      0.00029151400667615235,
      -0.0024444609880447388,
      0.013729196973145008
    ],
    [
      -0.0011025627609342337,
      -0.005090609192848206,
      0.006371946539729834,
      -0.0017145677702501416,
      -0.005456201732158661,
      0.00016241418779827654,
      0.0002915140939876437,
      0.012946798466145992,
      -0.0010209050960838795,
      -0.006732411216944456
    ],
    [
      0.5800047516822815,
      0.5906791090965271,
      -0.007348851300776005,
      0.0001561057142680511,
      0.7287282347679138,
      0.00031336647225543857,
      -0.002444513374939561,
      -0.0010208991589024663,
      0.29591700434684753,
      14.294882774353027
    ],
    [
      28.440507888793945,
      20.96774673461914,
      -0.2811330556869507,
      0.008033845573663712,
      39.40168380737305,
      -0.005418399814516306,
      0.013726608827710152,
      -0.006732129026204348,
      14.29489517211914,
      714.9161376953125
    ]
  ],
  "theta_phys": [
    0.0007245515589602292,
    0.3152976632118225,
    0.0001656496460782364,
    0.19501112401485443,
    0.2191963940858841,
    3.1011362075805664,
    10.175726890563965,
    6.109407901763916,
    48.01130294799805,
    1.0104924440383911
  ],
  "Sigma_phys": [
    [
      6.056723691472143e-07,
      0.0002674371062312275,
      -1.5595944535817807e-09,
      3.886981119194388e-07,
      0.0001815909199649468,
      3.194207067735988e-07,
      -1.6293663065880537e-05,
      -4.880532287643291e-06,
      0.020176438614726067,
      0.020822815597057343
    ],
    [
      0.0002674332063179463,
      0.6830500960350037,
      -1.9014754570889636e-06,
      7.092284795362502e-05,
      -0.4779647886753082,
      0.011354228481650352,
      -0.10587505996227264,
      -0.009805914014577866,
      8.941485404968262,
      6.6803083419799805
    ],
    [
      -1.559627871294822e-09,
      -1.9015011503142887e-06,
      1.1928102061631307e-08,
      9.170706505301496e-08,
      -8.196217891054403e-07,
      2.846055394911673e-06,
      -9.903136742650531e-06,
      6.448545263992855e-06,
      -5.844696352141909e-05,
      -4.705932587967254e-05
    ],
    [
      3.887037109961966e-07,
      7.092462328728288e-05,
      9.170698689331402e-08,
      0.0025337208062410355,
      -0.0005303015350364149,
      -0.0008658102597109973,
      -0.003995535429567099,
      -0.0020427405834198,
      0.0014617654960602522,
      0.001583320670761168
    ],
    [
      0.00018159387400373816,
      -0.4779622554779053,
      -8.196168437279994e-07,
      -0.0005303045036271214,
      0.9438486695289612,
      0.00020469437004067004,
      0.00021524076873902231,
      -0.007306715939193964,
      7.669165134429932,
      8.727425575256348
    ],
    [
      3.193560473846446e-07,
      0.011354218237102032,
      2.84605903289048e-06,
      -0.0008658100268803537,
      0.00020466708519961685,
      0.03485802933573723,
      -0.0023652492091059685,
      0.0030771265737712383,
      0.046654775738716125,
      -0.016981864348053932
    ],
    [
      -1.629288999538403e-05,
      -0.10587478429079056,
      -9.903142199618742e-06,
      -0.003995535429567099,
      0.00021550303790718317,
      -0.002365246182307601,
      3.6583025455474854,
      0.01812274567782879,
      -1.1942411661148071,
      0.14117039740085602
    ],
    [
      -4.88058321934659e-06,
      -0.009805949404835701,
      6.448545718740206e-06,
      -0.002042740350589156,
      -0.007306728046387434,
      0.0030771163292229176,
      0.018122751265764236,
      0.48323750495910645,
      -0.2994525134563446,
      -0.04156260937452316
    ],
    [
      0.02017643116414547,
      8.94161319732666,
      -5.8445821196073666e-05,
      0.0014615769032388926,
      7.669065952301025,
      0.046657003462314606,
      -1.1942667961120605,
      -0.2994507849216461,
      682.1139526367188,
      693.5170288085938
    ],
    [
      0.020822828635573387,
      6.680448055267334,
      -4.7058219934115186e-05,
      0.001583127654157579,
      8.727327346801758,
      -0.016979502514004707,
      0.1411437839269638,
      -0.04156086966395378,
      693.5177001953125,
      729.9972534179688
    ]
  ],
  "param_names": [
    "L",
    "RL",
    "C",
    "RC",
    "Rdson",
    "Rloads1",
    "Rloads2",
    "Rloads3",
    "Vin",
    "VF"
  ]
}