{
  "theta_log": [
    1.9813112020492554,
    1.1424726247787476,
    0.4979023337364197,
    0.6970919966697693,
    0.7977537512779236,
    1.1313865184783936,
    2.322087049484253,
    1.8080798387527466,
    1.56885826587677,
    0.004504652228206396
  ],
  "Sigma_log": [
    [
      1.1747455596923828,
      1.1867570877075195,
      -0.014840944670140743,
      0.002400784520432353,
      1.1712408065795898,
      0.0001323587930528447,
      -0.002313641831278801,
      -0.001084126066416502,
      0.5905194878578186,
      29.13594627380371
    ],
    [
      1.1867884397506714,
      6.951962471008301,
      -0.03922780230641365,
      -0.00032051082234829664,
      -6.833272933959961,
      0.011951989494264126,
      -0.034111879765987396,
      -0.0051302919164299965,
      0.5989018678665161,
      21.44445037841797
    ],
    [
      -0.014840989373624325,
      -0.03922732174396515,
      0.43275755643844604,
      0.0027325230184942484,
      -0.024077197536826134,
      0.005430841818451881,
      -0.004622465930879116,
      0.005613503511995077,
      -0.008297971449792385,
      -0.3273216485977173
    ],
    [
      0.002400781027972698,
      -0.0003205668181180954,
      0.002732542809098959,
      0.06343072652816772,
      -0.010009360499680042,
      -0.0013941469369456172,
      -0.0019360275473445654,
      -0.001694325590506196,
      -9.207599305227632e-07,
      0.0006224670214578509
    ],
    [
      1.17119562625885,
      -6.833348751068115,
      -0.024076592177152634,
      -0.010009435936808586,
      19.19831657409668,
      0.0002746020909398794,
      -4.914006058243103e-05,
      -0.005494791083037853,
      0.7406072616577148,
      40.183895111083984
    ],
    [
      0.00013240006228443235,
      0.011952032335102558,
      0.005430812481790781,
      -0.0013941471697762609,
      0.00027464385493658483,
      0.0035885374527424574,
      -6.073231270420365e-05,
      0.0001537465286673978,
      0.0003141413035336882,
      -0.00592785282060504
    ],
    [
      -0.0023137638345360756,
      -0.03411196172237396,
      -0.004622464068233967,
      -0.0019360274309292436,
      -4.930970317218453e-05,
      -6.0732618294423446e-05,
      0.03503574803471565,
      0.00033258378971368074,
      -0.0025333971716463566,
      0.013068453408777714
    ],
    [
      -0.0010841224575415254,
      -0.005130264908075333,
      0.005613502115011215,
      -0.0016943258233368397,
      -0.005494814366102219,
      0.00015374690701719373,
      0.0003325836732983589,
      0.012744268402457237,
      -0.0010207442101091146,
      -0.005929811391979456
    ],
    [
      0.5905192494392395,
      0.5988859534263611,
      -0.008297950029373169,
      -9.193926757689042e-07,
      0.7406297922134399,
      0.0003141200286336243,
      -0.0025333352386951447,
      -0.0010207457235082984,
      0.30118003487586975,
      14.642826080322266
    ],
    [
      29.135906219482422,
      21.443632125854492,
      -0.3273199200630188,
      0.0006224921671673656,
      40.18497848510742,
      -0.005928903818130493,
      0.013071532361209393,
      -0.005929861217737198,
      14.642809867858887,
      736.6317749023438
    ]
  ],
  "theta_phys": [
    0.0007252246141433716,
    0.3134509325027466,
    0.00016452664567623287,
    0.20079052448272705,
    0.22205474972724915,
    3.09995174407959,
    10.19693374633789,
    6.09872579574585,
    48.01163101196289,
    1.0045148134231567
  ],
  "Sigma_phys": [
    [
      6.178582907523378e-07,
      0.0002697763848118484,
      -1.7708032817864705e-09,
      3.4959799677380943e-07,
      0.00018861610442399979,
      2.975639290525578e-07,
      -1.7109536202042364e-05,
      -4.795031145476969e-06,
      0.020561425015330315,
      0.02122550457715988
    ],
    [
      0.0002697835152503103,
      0.6830406188964844,
      -2.023018168983981e-06,
      -2.0172303266008385e-05,
      -0.4756181240081787,
      0.011613542214035988,
      -0.10902970284223557,
      -0.009807328693568707,
      9.01304817199707,
      6.75213098526001
    ],
    [
      -1.7708086108569887e-09,
      -2.0229933852533577e-06,
      1.1714321956901586e-08,
      9.026996394823072e-08,
      -8.796345127848326e-07,
      2.769863158391672e-06,
      -7.75495936977677e-06,
      5.632605734717799e-06,
      -6.554727588081732e-05,
      -5.409626828623004e-05
    ],
    [
      3.495974851830397e-07,
      -2.0175826648483053e-05,
      9.027062475297498e-08,
      0.0025573261082172394,
      -0.00044628226896747947,
      -0.0008677741279825568,
      -0.003963915165513754,
      -0.002074813935905695,
      -8.876383617462125e-06,
      0.00012554976274259388
    ],
    [
      0.00018860884301830083,
      -0.47562339901924133,
      -8.796123438514769e-07,
      -0.000446285615907982,
      0.9466365575790405,
      0.00018902482406701893,
      -0.0001112667378038168,
      -0.007441326510161161,
      7.8957695960998535,
      8.963311195373535
    ],
    [
      2.9765669751213863e-07,
      0.011613584123551846,
      2.7698483791027684e-06,
      -0.0008677742443978786,
      0.00018905356409959495,
      0.03448477387428284,
      -0.0019197484944015741,
      0.002906694309785962,
      0.04675482586026192,
      -0.018459022045135498
    ],
    [
      -1.7110440239775926e-05,
      -0.10902996361255646,
      -7.754956641292665e-06,
      -0.003963914699852467,
      -0.00011165085743414238,
      -0.0019197582732886076,
      3.642927885055542,
      0.020682821050286293,
      -1.2402788400650024,
      0.133859783411026
    ],
    [
      -4.795015229319688e-06,
      -0.009807277470827103,
      5.632603915728396e-06,
      -0.0020748144015669823,
      -0.007441358175128698,
      0.0029067015275359154,
      0.020682813599705696,
      0.4740161597728729,
      -0.2988838851451874,
      -0.03632757067680359
    ],
    [
      0.020561417564749718,
      9.012808799743652,
      -6.554710125783458e-05,
      -8.863203220244031e-06,
      7.896010398864746,
      0.046751659363508224,
      -1.2402485609054565,
      -0.2988843023777008,
      694.255126953125,
      706.199951171875
    ],
    [
      0.021225474774837494,
      6.751872539520264,
      -5.409598088590428e-05,
      0.00012555484136100858,
      8.963552474975586,
      -0.018462294712662697,
      0.13389132916927338,
      -0.036327872425317764,
      706.19921875,
      743.2982788085938
    ]
  ],
  "param_names": [
    "L",
    "RL",
    "C",
    "RC",
    "Rdson",
    "Rloads1",
    "Rloads2",
    "Rloads3",
    "Vin",
    "VF"
  ]
}