{
  "theta_log": [
    -7.229948043823242,
    -1.1542311906814575,
    -8.705636978149414,
    -1.6346986293792725,
    -1.5177738666534424,
    1.1317685842514038,
    2.320005178451538,
    1.809829831123352,
    3.87144136428833,
    0.01067699771374464
  ],
  "Sigma_log": [
    [
      1.1539561748504639,
      1.1708621978759766,
      -0.012997597455978394,
      0.002751224674284458,
      1.143685221672058,
      0.00014213865506462753,
      -0.0022101541981101036,
      -0.0011027518194168806,
      0.5801284313201904,
      28.439929962158203
    ],
    [
      1.1708718538284302,
      6.8714985847473145,
      -0.036410219967365265,
      0.001154123805463314,
      -6.9162917137146,
      0.01161260437220335,
      -0.03300084173679352,
      -0.0050908038392663,
      0.590783417224884,
      20.967538833618164
    ],
    [
      -0.012997400015592575,
      -0.03641001507639885,
      0.43469902873039246,
      0.0028388553764671087,
      -0.02257576957345009,
      0.005540280602872372,
      -0.005875071976333857,
      0.006371952127665281,
      -0.007350468076765537,
      -0.2811453938484192
    ],
    [
      0.0027511559892445803,
      0.0011540927225723863,
      0.0028388407081365585,
      0.06662542372941971,
      -0.012406668625772,
      -0.001431668410077691,
      -0.0020134944934397936,
      -0.0017145687015727162,
      0.0001562002580612898,
      0.00803634524345398
    ],
    [
      1.1436793804168701,
      -6.916309356689453,
      -0.022575918585062027,
      -0.012406519614160061,
      19.646055221557617,
      0.0003005848848260939,
      9.793662320589647e-05,
      -0.005456471815705299,
      0.7288907766342163,
      39.401092529296875
    ],
    [
      0.0001421768101863563,
      0.011612631380558014,
      0.005540338810533285,
      -0.0014316677115857601,
      0.00030062737641856074,
      0.0036246005911380053,
      -7.495503086829558e-05,
      0.00016241402772720903,
      0.0003133770078420639,
      -0.005417197942733765
    ],
    [
      -0.0022102557122707367,
      -0.033000923693180084,
      -0.005875071045011282,
      -0.002013494959101081,
      9.780759137356654e-05,
      -7.495479803765193e-05,
      0.03533032909035683,
      0.00029151441412977874,
      -0.0024446705356240273,
      0.01371753215789795
    ],
    [
      -0.0011027723085135221,
      -0.005090822000056505,
      0.0063719539903104305,
      -0.001714568817988038,
      -0.0054564932361245155,
      0.00016241417324636132,
      0.00029151432681828737,
      0.012946763075888157,
      -0.0010210166219621897,
      -0.006736055016517639
    ],
    [
      0.5801284313201904,
      0.5907787084579468,
      -0.007350569125264883,
      0.00015623564831912518,
      0.7288938760757446,
      0.00031335774110630155,
      -0.0024446200113743544,
      -0.0010210066102445126,
      0.2959807515144348,
      14.294689178466797
    ],
    [
      28.43991470336914,
      20.96728515625,
      -0.28115010261535645,
      0.008038077503442764,
      39.401222229003906,
      -0.005418145097792149,
      0.013720054179430008,
      -0.006735550239682198,
      14.294679641723633,
      714.7366943359375
    ]
  ],
  "theta_phys": [
    0.0007245584856718779,
    0.3152998387813568,
    0.00016564941324759275,
    0.19501112401485443,
    0.2191993147134781,
    3.1011362075805664,
    10.175726890563965,
    6.109407901763916,
    48.011539459228516,
    1.0107342004776
  ],
  "Sigma_phys": [
    [
      6.05809702847182e-07,
      0.00026748719392344356,
      -1.5600065683685216e-09,
      3.887396928803355e-07,
      0.00018164320499636233,
      3.193790973909927e-07,
      -1.629526559554506e-05,
      -4.881467248196714e-06,
      0.020181026309728622,
      0.020827585831284523
    ],
    [
      0.0002674893767107278,
      0.6831230521202087,
      -1.9016779333469458e-06,
      7.096358604030684e-05,
      -0.4780091643333435,
      0.011354662477970123,
      -0.10588007420301437,
      -0.009806391783058643,
      8.943297386169434,
      6.682025909423828
    ],
    [
      -1.559982920618097e-09,
      -1.9016672467842e-06,
      1.1928023901930374e-08,
      9.170489789767089e-08,
      -8.197315537472605e-07,
      2.846049710569787e-06,
      -9.903039426717442e-06,
      6.448541626014048e-06,
      -5.845888517796993e-05,
      -4.7071480366867036e-05
    ],
    [
      3.887299726557103e-07,
      7.09616724634543e-05,
      9.170442893946529e-08,
      0.0025337208062410355,
      -0.0005303392536006868,
      -0.0008658101432956755,
      -0.0039955382235348225,
      -0.0020427415147423744,
      0.0014624693430960178,
      0.0015839991392567754
    ],
    [
      0.0001816422736737877,
      -0.4780103862285614,
      -8.197369538720523e-07,
      -0.0005303328507579863,
      0.9439603090286255,
      0.0002043276617769152,
      0.00021844884031452239,
      -0.0073071871884167194,
      7.670916557312012,
      8.729399681091309
    ],
    [
      3.194648172666348e-07,
      0.011354688555002213,
      2.846079951268621e-06,
      -0.0008658097358420491,
      0.0002043565473286435,
      0.03485794737935066,
      -0.002365304622799158,
      0.0030771135352551937,
      0.04665880650281906,
      -0.016979796811938286
    ],
    [
      -1.6296015019179322e-05,
      -0.10588033497333527,
      -9.90303851722274e-06,
      -0.003995539154857397,
      0.00021816104708705097,
      -0.002365297172218561,
      3.6582937240600586,
      0.018122771754860878,
      -1.1943495273590088,
      0.1410842090845108
    ],
    [
      -4.88155774291954e-06,
      -0.009806427173316479,
      6.448543899750803e-06,
      -0.0020427415147423744,
      -0.007307215593755245,
      0.0030771163292229176,
      0.01812276616692543,
      0.483236163854599,
      -0.2994867265224457,
      -0.041595056653022766
    ],
    [
      0.020181026309728622,
      8.943225860595703,
      -5.845968553330749e-05,
      0.0014628006611019373,
      7.6709489822387695,
      0.046655938029289246,
      -1.1943247318267822,
      -0.2994837760925293,
      682.267578125,
      693.6770629882812
    ],
    [
      0.020827574655413628,
      6.681945323944092,
      -4.7072269808268175e-05,
      0.0015843405853956938,
      8.729429244995117,
      -0.01698276586830616,
      0.1411101371049881,
      -0.041591938585042953,
      693.6765747070312,
      730.1632690429688
    ]
  ],
  "param_names": [
    "L",
    "RL",
    "C",
    "RC",
    "Rdson",
    "Rloads1",
    "Rloads2",
    "Rloads3",
    "Vin",
    "VF"
  ],
  "param_units": {
    "L": "H",
    "RL": "\u03a9",
    "C": "F",
    "RC": "\u03a9",
    "Rdson": "\u03a9",
    "Rloads1": "\u03a9",
    "Rloads2": "\u03a9",
    "Rloads3": "\u03a9",
    "Vin": "V",
    "VF": "V"
  }
}