{
  "theta_log": [
    1.9813117980957031,
    1.1424728631973267,
    0.49790245294570923,
    0.6970917582511902,
    0.7977578639984131,
    1.131386399269104,
    2.32208514213562,
    1.808079719543457,
    1.5688585042953491,
    0.004502990748733282
  ],
  "Sigma_log": [
    [
      1.1790213584899902,
      1.1898865699768066,
      -0.014888451434671879,
      0.0024009577464312315,
      1.1771597862243652,
      0.00013145129196345806,
      -0.002311479998752475,
      -0.0010849456302821636,
      0.5926682353019714,
      29.244117736816406
    ],
    [
      1.1898974180221558,
      6.954260349273682,
      -0.03926260769367218,
      -0.0003205643442925066,
      -6.828856945037842,
      0.011951670050621033,
      -0.03411087021231651,
      -0.0051310402341187,
      0.6004668474197388,
      21.523073196411133
    ],
    [
      -0.014888633042573929,
      -0.03926243260502815,
      0.4327582120895386,
      0.002732624299824238,
      -0.024142036214470863,
      0.005430720280855894,
      -0.004624054301530123,
      0.005613396875560284,
      -0.008321885019540787,
      -0.3285274803638458
    ],
    [
      0.0024009731132537127,
      -0.00032051769085228443,
      0.002732627559453249,
      0.06343085318803787,
      -0.010008717887103558,
      -0.0013941510114818811,
      -0.0019360498990863562,
      -0.0016943331575021148,
      -8.186325430870056e-07,
      0.0006272494792938232
    ],
    [
      1.17714524269104,
      -6.828882217407227,
      -0.02414161153137684,
      -0.010008693672716618,
      19.206052780151367,
      0.0002728921826928854,
      -4.5119450078345835e-05,
      -0.00549562880769372,
      0.7435910701751709,
      40.334259033203125
    ],
    [
      0.0001314643886871636,
      0.011951683089137077,
      0.005430667195469141,
      -0.001394151709973812,
      0.0002728972176555544,
      0.003588534891605377,
      -6.0752685385523364e-05,
      0.0001537440693937242,
      0.0003136717714369297,
      -0.005951970815658569
    ],
    [
      -0.002311536343768239,
      -0.03411093354225159,
      -0.004624050576239824,
      -0.0019360495498403907,
      -4.515110049396753e-05,
      -6.075271812733263e-05,
      0.03503560274839401,
      0.0003325639700051397,
      -0.002532270271331072,
      0.01312553882598877
    ],
    [
      -0.0010849584359675646,
      -0.005131048616021872,
      0.005613395944237709,
      -0.0016943328082561493,
      -0.00549564603716135,
      0.00015374385111499578,
      0.00033256399910897017,
      0.012744261883199215,
      -0.0010211626067757607,
      -0.005950719118118286
    ],
    [
      0.5926681756973267,
      0.600461483001709,
      -0.008321797475218773,
      -8.263159543275833e-07,
      0.7435985803604126,
      0.0003136647865176201,
      -0.0025322427973151207,
      -0.0010211559711024165,
      0.3022599220275879,
      14.697189331054688
    ],
    [
      29.244104385375977,
      21.522781372070312,
      -0.32852256298065186,
      0.0006268977303989232,
      40.33460998535156,
      -0.005952354520559311,
      0.013126958161592484,
      -0.005950374528765678,
      14.697181701660156,
      739.369140625
    ]
  ],
  "theta_phys": [
    0.000725225021596998,
    0.31345099210739136,
    0.0001645266602281481,
    0.20079047977924347,
    0.22205564379692078,
    3.0999512672424316,
    10.196914672851562,
    6.098724842071533,
    48.01164627075195,
    1.004513144493103
  ],
  "Sigma_phys": [
    [
      6.201078690537543e-07,
      0.000270488002570346,
      -1.7764728577063238e-09,
      3.4962334893862135e-07,
      0.0001895701716421172,
      2.955238187496434e-07,
      -1.7093527276301757e-05,
      -4.798658210347639e-06,
      0.020636260509490967,
      0.021304283291101456
    ],
    [
      0.00027049044729210436,
      0.6832666993141174,
      -2.0248137388989562e-06,
      -2.017567203438375e-05,
      -0.4753127694129944,
      0.011613232083618641,
      -0.10902629047632217,
      -0.00980876013636589,
      9.036604881286621,
      6.776875972747803
    ],
    [
      -1.7764946180776064e-09,
      -2.0248046439519385e-06,
      1.1714341496826819e-08,
      9.02733034990888e-08,
      -8.820068728709884e-07,
      2.769801085378276e-06,
      -7.757610546832439e-06,
      5.63249841434299e-06,
      -6.573620339622721e-05,
      -5.4295469453791156e-05
    ],
    [
      3.4962559425366635e-07,
      -2.0172734366497025e-05,
      9.027341008049916e-08,
      0.0025573300663381815,
      -0.00044625531882047653,
      -0.0008677763398736715,
      -0.0039639524184167385,
      -0.00207482255063951,
      -7.891848326835316e-06,
      0.00012651413271669298
    ],
    [
      0.00018956784333568066,
      -0.47531452775001526,
      -8.819914114610583e-07,
      -0.00044625424197874963,
      0.9470256567001343,
      0.0001878485199995339,
      -0.00010216317605227232,
      -0.007442489732056856,
      7.927615165710449,
      8.996870994567871
    ],
    [
      2.955532636406133e-07,
      0.011613245122134686,
      2.769773800537223e-06,
      -0.0008677768055349588,
      0.00018785198335535824,
      0.03448473662137985,
      -0.0019203886622563004,
      0.0029066468123346567,
      0.04668495059013367,
      -0.018534090369939804
    ],
    [
      -1.7093945643864572e-05,
      -0.10902649164199829,
      -7.757604180369526e-06,
      -0.003963951952755451,
      -0.00010223484423477203,
      -0.001920389709994197,
      3.64289927482605,
      0.02068154700100422,
      -1.2397252321243286,
      0.13444402813911438
    ],
    [
      -4.798714599019149e-06,
      -0.009808775968849659,
      5.632497504848288e-06,
      -0.0020748223178088665,
      -0.0074425130151212215,
      0.002906642621383071,
      0.02068154886364937,
      0.4740157723426819,
      -0.2990064322948456,
      -0.036455586552619934
    ],
    [
      0.020636260509490967,
      9.036523818969727,
      -6.573550490429625e-05,
      -7.965918484842405e-06,
      7.9276957511901855,
      0.046683911234140396,
      -1.2397117614746094,
      -0.2990044951438904,
      696.7448120117188,
      708.8208618164062
    ],
    [
      0.02130427397787571,
      6.776784420013428,
      -5.4294658184517175e-05,
      0.0001264431921299547,
      8.996950149536133,
      -0.01853528618812561,
      0.13445858657360077,
      -0.036453478038311005,
      708.820556640625,
      746.0579223632812
    ]
  ],
  "param_names": [
    "L",
    "RL",
    "C",
    "RC",
    "Rdson",
    "Rload1",
    "Rload2",
    "Rload3",
    "Vin",
    "VF"
  ]
}