{
  "theta_log": [
    -7.22902774810791,
    -1.160083532333374,
    -8.71243667602539,
    -1.605493426322937,
    -1.5047663450241089,
    1.1313875913619995,
    2.32208514213562,
    1.8080801963806152,
    3.871446132659912,
    0.004491242114454508
  ],
  "Sigma_log": [
    [
      1.1777695417404175,
      1.188971996307373,
      -0.014874598011374474,
      0.002401205711066723,
      1.1754193305969238,
      0.00013168982695788145,
      -0.0023120897822082043,
      -0.0010847199009731412,
      0.5920404195785522,
      29.212783813476562
    ],
    [
      1.188965082168579,
      6.951323509216309,
      -0.03924763947725296,
      -0.0003211009025108069,
      -6.825902462005615,
      0.011949585750699043,
      -0.03410506248474121,
      -0.005130683537572622,
      0.6000180244445801,
      21.50263023376465
    ],
    [
      -0.014874463900923729,
      -0.039247505366802216,
      0.4327605962753296,
      0.002732370048761368,
      -0.024124475196003914,
      0.0054317074827849865,
      -0.00462380051612854,
      0.00561388349160552,
      -0.008314740844070911,
      -0.32817673683166504
    ],
    [
      0.0024012126959860325,
      -0.00032108978484757245,
      0.0027323816902935505,
      0.0634307786822319,
      -0.010005008429288864,
      -0.001394120161421597,
      -0.0019360887818038464,
      -0.0016943386290222406,
      -6.631016731262207e-07,
      0.0006345659494400024
    ],
    [
      1.175433874130249,
      -6.825882434844971,
      -0.02412479743361473,
      -0.010005020536482334,
      19.19466209411621,
      0.00027587442309595644,
      -5.3971827583154663e-05,
      -0.005494742188602686,
      0.7426813840866089,
      40.285850524902344
    ],
    [
      0.0001316659472649917,
      0.0119495689868927,
      0.00543169304728508,
      -0.0013941206270828843,
      0.00027583344490267336,
      0.00358857330866158,
      -6.0749120166292414e-05,
      0.00015376317605841905,
      0.00031377049162983894,
      -0.005944296717643738
    ],
    [
      -0.0023120904807001352,
      -0.034105051308870316,
      -0.00462380051612854,
      -0.0019360886653885245,
      -5.400550435297191e-05,
      -6.0748880059691146e-05,
      0.03503568470478058,
      0.00033256184542551637,
      -0.002532556653022766,
      0.013104379177093506
    ],
    [
      -0.0010847230441868305,
      -0.005130677949637175,
      0.005613882094621658,
      -0.0016943387454375625,
      -0.00549475708976388,
      0.0001537632488179952,
      0.0003325618163216859,
      0.012744320556521416,
      -0.0010210357140749693,
      -0.005944855511188507
    ],
    [
      0.5920405387878418,
      0.6000216007232666,
      -0.008314811624586582,
      -6.665941327810287e-07,
      0.7426741123199463,
      0.0003137823077850044,
      -0.0025325564201921225,
      -0.0010210340842604637,
      0.3019447326660156,
      14.681452751159668
    ],
    [
      29.212797164916992,
      21.50281524658203,
      -0.3281801640987396,
      0.0006344146677292883,
      40.285499572753906,
      -0.005943695083260536,
      0.013104382902383804,
      -0.0059447698295116425,
      14.681455612182617,
      738.5819091796875
    ]
  ],
  "theta_phys": [
    0.0007252256036736071,
    0.31345999240875244,
    0.0001645268639549613,
    0.20079044997692108,
    0.2220691740512848,
    3.0999550819396973,
    10.196914672851562,
    6.098727703094482,
    48.01176834106445,
    1.0045013427734375
  ],
  "Sigma_phys": [
    [
      6.19450474914629e-07,
      0.00027028805925510824,
      -1.7748236214032431e-09,
      3.496596718832734e-07,
      0.00018930158694274724,
      2.960606764190743e-07,
      -1.7098051102948375e-05,
      -4.797665496880654e-06,
      0.020614471286535263,
      0.021281223744153976
    ],
    [
      0.0002702864876482636,
      0.6830173134803772,
      -2.0241022866684943e-06,
      -2.0210018192301504e-05,
      -0.4751496911048889,
      0.011611554771661758,
      -0.10901086032390594,
      -0.009808364324271679,
      9.030132293701172,
      6.770554542541504
    ],
    [
      -1.774807523169386e-09,
      -2.024095465458231e-06,
      1.1714435643739307e-08,
      9.026500435993512e-08,
      -8.81420191944926e-07,
      2.7703115392796462e-06,
      -7.757194907753728e-06,
      5.632996362692211e-06,
      -6.568001845153049e-05,
      -5.423693437478505e-05
    ],
    [
      3.496606950648129e-07,
      -2.0209319700370543e-05,
      9.026538094758507e-08,
      0.002557326341047883,
      -0.0004461169883143157,
      -0.0008677581208758056,
      -0.003964031580835581,
      -0.002074830001220107,
      -6.3925022004696075e-06,
      0.0001279883144889027
    ],
    [
      0.000189303929801099,
      -0.47514835000038147,
      -8.814319585326302e-07,
      -0.0004461175703909248,
      0.9465793371200562,
      0.00018991318938788027,
      -0.00012221491488162428,
      -0.007441746070981026,
      7.91841983795166,
      8.986515045166016
    ],
    [
      2.960070162316697e-07,
      0.01161153893917799,
      2.7703040359483566e-06,
      -0.0008677582954987884,
      0.00018988497322425246,
      0.034485191106796265,
      -0.0019202784169465303,
      0.0029070130549371243,
      0.04669981822371483,
      -0.0185100007802248
    ],
    [
      -1.7098056559916586e-05,
      -0.10901082307100296,
      -7.757194907753728e-06,
      -0.003964031580835581,
      -0.00012229116691742092,
      -0.0019202707335352898,
      3.6429076194763184,
      0.02068142406642437,
      -1.2398685216903687,
      0.1342257261276245
    ],
    [
      -4.797679594048532e-06,
      -0.009808354079723358,
      5.632994543702807e-06,
      -0.0020748302340507507,
      -0.00744176609441638,
      0.002907014451920986,
      0.02068142406642437,
      0.474018394947052,
      -0.29897019267082214,
      -0.036419257521629333
    ],
    [
      0.02061447501182556,
      9.03018569946289,
      -6.568057142430916e-05,
      -6.426170330087189e-06,
      7.918342113494873,
      0.0467015765607357,
      -1.2398685216903687,
      -0.29896968603134155,
      696.0218505859375,
      708.055419921875
    ],
    [
      0.021281233057379723,
      6.770612716674805,
      -5.423749826150015e-05,
      0.00012795781367458403,
      8.986437797546387,
      -0.018508125096559525,
      0.1342257559299469,
      -0.03641872853040695,
      708.0555419921875,
      745.24609375
    ]
  ],
  "param_names": [
    "L",
    "RL",
    "C",
    "RC",
    "Rdson",
    "Rloads1",
    "Rloads2",
    "Rloads3",
    "Vin",
    "VF"
  ],
  "param_units": {
    "L": "H",
    "RL": "\u03a9",
    "C": "F",
    "RC": "\u03a9",
    "Rdson": "\u03a9",
    "Rloads1": "\u03a9",
    "Rloads2": "\u03a9",
    "Rloads3": "\u03a9",
    "Vin": "V",
    "VF": "V"
  }
}