{
  "theta_log": [
    1.9773411750793457,
    1.1480727195739746,
    0.5129694938659668,
    0.6370625495910645,
    0.7775338292121887,
    1.1321676969528198,
    2.3176233768463135,
    1.811416745185852,
    1.5678776502609253,
    -0.03731776028871536
  ],
  "Sigma_log": [
    [
      1.088940978050232,
      1.1207371950149536,
      -0.00841735303401947,
      0.0032231647055596113,
      1.0569963455200195,
      0.00018568543600849807,
      -0.0021781164687126875,
      -0.0010678175603970885,
      0.5468900203704834,
      28.076181411743164
    ],
    [
      1.1207255125045776,
      6.806949615478516,
      -0.030922992154955864,
      0.0027699810452759266,
      -7.00811243057251,
      0.011354273185133934,
      -0.032085999846458435,
      -0.00501011498272419,
      0.5648618340492249,
      20.665632247924805
    ],
    [
      -0.008416892029345036,
      -0.030922550708055496,
      0.43608248233795166,
      0.0029724901542067528,
      -0.018142560496926308,
      0.005646589677780867,
      -0.007097234483808279,
      0.0071138180792331696,
      -0.0050183990970253944,
      -0.17749334871768951
    ],
    [
      0.003223171690478921,
      0.002770008984953165,
      0.002972500631585717,
      0.0702148899435997,
      -0.014715301804244518,
      -0.0014744281070306897,
      -0.0020971624180674553,
      -0.0017396867042407393,
      0.0003727455623447895,
      0.019287630915641785
    ],
    [
      1.0570085048675537,
      -7.008087158203125,
      -0.018143218010663986,
      -0.014715288765728474,
      19.720121383666992,
      0.00036718856426887214,
      0.00013708011829294264,
      -0.00532650388777256,
      0.6854357719421387,
      39.042537689208984
    ],
    [
      0.0001856543094618246,
      0.01135426014661789,
      0.005646545439958572,
      -0.0014744282234460115,
      0.0003671502345241606,
      0.003670215606689453,
      -8.929272735258564e-05,
      0.00017137086251750588,
      0.00032935990020632744,
      -0.0043048858642578125
    ],
    [
      -0.0021779912058264017,
      -0.03208589926362038,
      -0.007097233552485704,
      -0.0020971624180674553,
      0.0001372557890135795,
      -8.929269097279757e-05,
      0.035704415291547775,
      0.00024732560268603265,
      -0.0023895236663520336,
      0.013280719518661499
    ],
    [
      -0.0010677826358005404,
      -0.0050100889056921005,
      0.007113816682249308,
      -0.0017396870534867048,
      -0.00532645545899868,
      0.00017137124086730182,
      0.00024732566089369357,
      0.013183479197323322,
      -0.000993087189272046,
      -0.006556451320648193
    ],
    [
      0.5468898415565491,
      0.5648676156997681,
      -0.005018631927669048,
      0.00037274183705449104,
      0.685429573059082,
      0.000329375674482435,
      -0.00238958653062582,
      -0.0009931046515703201,
      0.27897799015045166,
      14.097633361816406
    ],
    [
      28.076204299926758,
      20.665958404541016,
      -0.17750544846057892,
      0.01928747445344925,
      39.0422477722168,
      -0.004304076544940472,
      0.013277433812618256,
      -0.00655737379565835,
      14.097647666931152,
      739.0060424804688
    ]
  ],
  "theta_phys": [
    0.0007223511347547174,
    0.3152112066745758,
    0.00016702436550986022,
    0.18909183144569397,
    0.21760991215705872,
    3.102374315261841,
    10.151519775390625,
    6.119110584259033,
    47.964576721191406,
    0.9633699655532837
  ],
  "Sigma_phys": [
    [
      5.681997663486982e-07,
      0.00025518418988212943,
      -1.015555639582999e-09,
      4.4025432544003706e-07,
      0.0001661500718910247,
      4.161217361797753e-07,
      -1.597204573045019e-05,
      -4.719910066341981e-06,
      0.01894824393093586,
      0.019537974148988724
    ],
    [
      0.0002551815705373883,
      0.6763256192207336,
      -1.628032123335288e-06,
      0.00016510157729499042,
      -0.4807080626487732,
      0.011103379540145397,
      -0.10267112404108047,
      -0.009663570672273636,
      8.540130615234375,
      6.275429725646973
    ],
    [
      -1.0155000174094653e-09,
      -1.6280089312203927e-06,
      1.216545442161987e-08,
      9.387998289867028e-08,
      -6.594123647118977e-07,
      2.9259051643748535e-06,
      -1.2033723578497302e-05,
      7.270610694831703e-06,
      -4.020366395707242e-05,
      -2.8559790735016577e-05
    ],
    [
      4.4025526335644827e-07,
      0.00016510323621332645,
      9.388031685375609e-08,
      0.002510583959519863,
      -0.000605509034357965,
      -0.0008649490773677826,
      -0.0040256488136947155,
      -0.002012945944443345,
      0.0033806939609348774,
      0.003513538744300604
    ],
    [
      0.00016615197819191962,
      -0.48070627450942993,
      -6.594362957912381e-07,
      -0.0006055085104890168,
      0.9338281154632568,
      0.0002478917012922466,
      0.0003028197679668665,
      -0.007092661689966917,
      7.1542816162109375,
      8.184832572937012
    ],
    [
      4.160519893048331e-07,
      0.011103366501629353,
      2.9258821996336337e-06,
      -0.0008649491937831044,
      0.00024786582798697054,
      0.0353248193860054,
      -0.002812168560922146,
      0.0032532652840018272,
      0.04901009052991867,
      -0.012866158969700336
    ],
    [
      -1.5971125321811996e-05,
      -0.10267079621553421,
      -1.20337226690026e-05,
      -0.0040256488136947155,
      0.0003032078384421766,
      -0.0028121673967689276,
      3.679459810256958,
      0.015363438054919243,
      -1.1634910106658936,
      0.12988105416297913
    ],
    [
      -4.719755906990031e-06,
      -0.009663520380854607,
      7.270608875842299e-06,
      -0.0020129464101046324,
      -0.007092596497386694,
      0.003253272268921137,
      0.015363442711532116,
      0.49363580346107483,
      -0.2914716303348541,
      -0.038650065660476685
    ],
    [
      0.018948238343000412,
      8.540217399597168,
      -4.020553024020046e-05,
      0.0033806602004915476,
      7.15421724319458,
      0.0490124449133873,
      -1.163521647453308,
      -0.2914767563343048,
      641.8169555664062,
      651.4182739257812
    ],
    [
      0.019537989050149918,
      6.275528430938721,
      -2.856173705367837e-05,
      0.003513510338962078,
      8.184772491455078,
      -0.012863741256296635,
      0.129848912358284,
      -0.03865550458431244,
      651.4189453125,
      685.8579711914062
    ]
  ],
  "param_names": [
    "L",
    "RL",
    "C",
    "RC",
    "Rdson",
    "Rload1",
    "Rload2",
    "Rload3",
    "Vin",
    "VF"
  ]
}