{
  "theta_log": [
    -7.232999324798584,
    -1.1545125246047974,
    -8.697372436523438,
    -1.6655224561691284,
    -1.5250519514083862,
    1.1321675777435303,
    2.3176236152648926,
    1.811416745185852,
    3.870462656021118,
    -0.037325743585824966
  ],
  "Sigma_log": [
    [
      1.0904582738876343,
      1.1218481063842773,
      -0.008426587097346783,
      0.0032244562171399593,
      1.0591033697128296,
      0.00018541837926022708,
      -0.0021773914340883493,
      -0.0010681648273020983,
      0.5476515889167786,
      28.116331100463867
    ],
    [
      1.1218644380569458,
      6.807809352874756,
      -0.03093021549284458,
      0.002770921215415001,
      -7.006542682647705,
      0.011354177258908749,
      -0.03208574652671814,
      -0.0050104293040931225,
      0.5654341578483582,
      20.695730209350586
    ],
    [
      -0.008426675572991371,
      -0.030930206179618835,
      0.43608057498931885,
      0.0029724794439971447,
      -0.018155639991164207,
      0.00564644206315279,
      -0.007097040303051472,
      0.007113808766007423,
      -0.00502331368625164,
      -0.1777515411376953
    ],
    [
      0.0032244583126157522,
      0.0027709011919796467,
      0.0029724896885454655,
      0.0702148899435997,
      -0.014713434502482414,
      -0.001474428572691977,
      -0.002097159391269088,
      -0.001739685656502843,
      0.00037339283153414726,
      0.019321709871292114
    ],
    [
      1.0590897798538208,
      -7.006572723388672,
      -0.01815550960600376,
      -0.014713456854224205,
      19.722965240478516,
      0.0003666400443762541,
      0.00013853631389793009,
      -0.005326870828866959,
      0.686478853225708,
      39.09764099121094
    ],
    [
      0.00018544660997577012,
      0.011354207992553711,
      0.005646428093314171,
      -0.0014744279906153679,
      0.00036665573134087026,
      0.0036702004726976156,
      -8.928916940931231e-05,
      0.00017136914539150894,
      0.0003292546607553959,
      -0.00431060791015625
    ],
    [
      -0.002177498070523143,
      -0.03208582475781441,
      -0.007097041234374046,
      -0.002097159856930375,
      0.0001384193601552397,
      -8.92886528163217e-05,
      0.03570432588458061,
      0.00024732769816182554,
      -0.0023892736062407494,
      0.013294249773025513
    ],
    [
      -0.0010681954445317388,
      -0.005010446533560753,
      0.007113807834684849,
      -0.0017396858893334866,
      -0.005326909478753805,
      0.00017136894166469574,
      0.0002473276399541646,
      0.013183439150452614,
      -0.000993293127976358,
      -0.0065672993659973145
    ],
    [
      0.5476518273353577,
      0.5654261112213135,
      -0.005023270379751921,
      0.0003733912017196417,
      0.686486005783081,
      0.0003292409819550812,
      -0.00238922075368464,
      -0.0009932777611538768,
      0.2793603539466858,
      14.117792129516602
    ],
    [
      28.116313934326172,
      20.69529151916504,
      -0.17774923145771027,
      0.01932159811258316,
      39.09798049926758,
      -0.00431129289790988,
      0.013297023251652718,
      -0.006566491909325123,
      14.117779731750488,
      740.067626953125
    ]
  ],
  "theta_phys": [
    0.0007223510765470564,
    0.31521114706993103,
    0.0001670241035753861,
    0.18909184634685516,
    0.21760974824428558,
    3.1023738384246826,
    10.151521682739258,
    6.119110584259033,
    47.96457290649414,
    0.9633622765541077
  ],
  "Sigma_phys": [
    [
      5.689914246431726e-07,
      0.000255437073064968,
      -1.0166680830536734e-09,
      4.4043071056876215e-07,
      0.00016648114251438528,
      4.155231465574616e-07,
      -1.596673064341303e-05,
      -4.721444383903872e-06,
      0.018974628299474716,
      0.019565755501389503
    ],
    [
      0.00025544079835526645,
      0.6764107942581177,
      -1.6284095636365237e-06,
      0.00016515760216861963,
      -0.48059993982315063,
      0.011103281751275063,
      -0.10267030447721481,
      -0.009664176031947136,
      8.548781394958496,
      6.284517765045166
    ],
    [
      -1.0166787411947098e-09,
      -1.6284091088891728e-06,
      1.2165362051064221e-08,
      9.387950683503732e-08,
      -6.598862114515214e-07,
      2.925823764599045e-06,
      -1.203337888000533e-05,
      7.270589776453562e-06,
      -4.024297231808305e-05,
      -2.860106178559363e-05
    ],
    [
      4.404310232075659e-07,
      0.00016515639435965568,
      9.387983368469577e-08,
      0.0025105844251811504,
      -0.0006054317927919328,
      -0.0008649493101984262,
      -0.004025644157081842,
      -0.002012944780290127,
      0.0033865647856146097,
      0.003519719000905752
    ],
    [
      0.00016647898883093148,
      -0.480601966381073,
      -6.598814366043371e-07,
      -0.0006054326659068465,
      0.9339613914489746,
      0.0002475211804267019,
      0.00030603641062043607,
      -0.007093144580721855,
      7.165163040161133,
      8.19631290435791
    ],
    [
      4.1558641328265367e-07,
      0.01110331155359745,
      2.925816261267755e-06,
      -0.0008649489609524608,
      0.00024753177422098815,
      0.035324662923812866,
      -0.002812056802213192,
      0.0032532319892197847,
      0.04899441823363304,
      -0.012883156538009644
    ],
    [
      -1.5967512808856554e-05,
      -0.10267055779695511,
      -1.2033379789500032e-05,
      -0.004025645088404417,
      0.0003057780850213021,
      -0.0028120402712374926,
      3.6794519424438477,
      0.015363572165369987,
      -1.1633694171905518,
      0.13001234829425812
    ],
    [
      -4.721579898614436e-06,
      -0.009664208628237247,
      7.27058886695886e-06,
      -0.0020129450131207705,
      -0.007093195803463459,
      0.0032532282639294863,
      0.015363568440079689,
      0.49363431334495544,
      -0.29153206944465637,
      -0.03871370851993561
    ],
    [
      0.018974635750055313,
      8.548659324645996,
      -4.024262307211757e-05,
      0.003386549651622772,
      7.165238380432129,
      0.04899238422513008,
      -1.1633436679840088,
      -0.29152756929397583,
      642.6964721679688,
      652.344482421875
    ],
    [
      0.019565744325518608,
      6.284384727478027,
      -2.8600690711755306e-05,
      0.0035196985118091106,
      8.19638442993164,
      -0.012885203585028648,
      0.13003946840763092,
      -0.038708947598934174,
      652.3439331054688,
      686.832275390625
    ]
  ],
  "param_names": [
    "L",
    "RL",
    "C",
    "RC",
    "Rdson",
    "Rloads1",
    "Rloads2",
    "Rloads3",
    "Vin",
    "VF"
  ],
  "param_units": {
    "L": "H",
    "RL": "\u03a9",
    "C": "F",
    "RC": "\u03a9",
    "Rdson": "\u03a9",
    "Rloads1": "\u03a9",
    "Rloads2": "\u03a9",
    "Rloads3": "\u03a9",
    "Vin": "V",
    "VF": "V"
  }
}