{
  "L": 0.0007124040275812149,
  "RL": 0.3156370520591736,
  "C": 0.00015662815712857991,
  "RC": 0.18927699327468872,
  "Rdson": 0.21383380889892578,
  "Rloads": [
    3.0992488861083984,
    10.154607772827148,
    6.109611511230469
  ],
  "Vin": 47.65196228027344,
  "VF": 0.5953525304794312
}