{
  "L": 0.0007234562071971595,
  "RL": 0.315803200006485,
  "C": 0.00016290502389892936,
  "RC": 0.19505538046360016,
  "Rdson": 0.218928724527359,
  "Rloads": [
    3.100313901901245,
    10.176262855529785,
    6.106943130493164
  ],
  "Vin": 47.9798469543457,
  "VF": 0.9674553275108337
}