{
  "L": 0.000725220947060734,
  "RL": 0.3134665787220001,
  "C": 0.00016451538249384612,
  "RC": 0.2007906436920166,
  "Rdson": 0.222039133310318,
  "Rloads": [
    3.099950075149536,
    10.196921348571777,
    6.098719120025635
  ],
  "Vin": 48.01151657104492,
  "VF": 1.0043039321899414
}