{
  "L": 0.0007252073846757412,
  "RL": 0.3135754466056824,
  "C": 0.00016452455020044,
  "RC": 0.2007913887500763,
  "Rdson": 0.22186324000358582,
  "Rloads": [
    3.099952459335327,
    10.196919441223145,
    6.098728656768799
  ],
  "Vin": 48.01079559326172,
  "VF": 1.0033249855041504
}