{
  "L": 0.0007248087786138058,
  "RL": 0.31023216247558594,
  "C": 0.00016541488002985716,
  "RC": 0.19502973556518555,
  "Rdson": 0.22800889611244202,
  "Rloads": [
    3.1010916233062744,
    10.175586700439453,
    6.109321594238281
  ],
  "Vin": 48.03704071044922,
  "VF": 1.0417906045913696
}