{
  "L": 0.000725043413694948,
  "RL": 0.3135066032409668,
  "C": 0.0001645257871132344,
  "RC": 0.20079068839550018,
  "Rdson": 0.22179856896400452,
  "Rloads": [
    3.0999557971954346,
    10.196952819824219,
    6.098727226257324
  ],
  "Vin": 48.005279541015625,
  "VF": 0.9976606965065002
}