{
  "L": 0.0007209188770502806,
  "RL": 0.3087422251701355,
  "C": 0.00015656545292586088,
  "RC": 0.18887288868427277,
  "Rdson": 0.23257899284362793,
  "Rloads": [
    3.0993261337280273,
    10.15561294555664,
    6.109930038452148
  ],
  "Vin": 47.962684631347656,
  "VF": 0.9374251961708069
}