{
  "L": 0.0007249947520904243,
  "RL": 0.3134743273258209,
  "C": 0.00016451656119897962,
  "RC": 0.20079107582569122,
  "Rdson": 0.22180934250354767,
  "Rloads": [
    3.099950075149536,
    10.196913719177246,
    6.0987229347229
  ],
  "Vin": 48.003726959228516,
  "VF": 0.9960209727287292
}