{
  "L": 0.0007224030559882522,
  "RL": 0.3101997375488281,
  "C": 0.00016288470942527056,
  "RC": 0.1948499232530594,
  "Rdson": 0.22679269313812256,
  "Rloads": [
    3.100364923477173,
    10.17673397064209,
    6.10712194442749
  ],
  "Vin": 47.95942306518555,
  "VF": 0.9541056156158447
}