{
  "theta_log": [
    1.9809942245483398,
    1.1425472497940063,
    0.4978410303592682,
    0.697094738483429,
    0.7966480255126953,
    1.1313860416412354,
    2.32208514213562,
    1.8080793619155884,
    1.5686935186386108,
    -0.003986964467912912
  ],
  "Sigma_log": [
    [
      2.299344487255439e-05,
      2.30419773288304e-05,
      -3.0434185305239225e-07,
      3.960267491720515e-08,
      2.298509753018152e-05,
      2.2053481263384356e-09,
      -3.9933556905680234e-08,
      -1.9164632547585825e-08,
      1.154990604845807e-05,
      0.000575380225200206
    ],
    [
      2.304195731994696e-05,
      0.0001316677953582257,
      -8.708911991561763e-07,
      -3.335634346512961e-08,
      -0.00013018185563851148,
      2.419309055312624e-07,
      -6.181065259625029e-07,
      -8.351420177632463e-08,
      1.1579297279240564e-05,
      0.00042719533666968346
    ],
    [
      -3.043315075501596e-07,
      -8.708875611773692e-07,
      7.215716323116794e-05,
      4.503382626808161e-07,
      -2.1760162383088755e-07,
      9.269476208828564e-07,
      -8.359657499568129e-07,
      9.221257073477318e-07,
      -1.5213450410556106e-07,
      -6.153628419269808e-06
    ],
    [
      3.960269623348722e-08,
      -3.335587095421033e-08,
      4.5033343099021295e-07,
      9.91335491562495e-06,
      -1.7419101538962423e-07,
      -2.0626367813747493e-07,
      -3.010555928995018e-07,
      -2.5906493306138145e-07,
      -1.5661492103191677e-09,
      -7.991441464128002e-08
    ],
    [
      2.2985264877206646e-05,
      -0.00013018162280786783,
      -2.1761839263945149e-07,
      -1.7419016273834131e-07,
      0.00036904559237882495,
      -3.8508588318109105e-08,
      2.803112586491352e-08,
      -9.211647267193257e-08,
      1.4415947589441203e-05,
      0.0007859963807277381
    ],
    [
      2.205640559083122e-09,
      2.4193104763980955e-07,
      9.269587621929531e-07,
      -2.062636639266202e-07,
      -3.850840002428413e-08,
      6.021890612828429e-07,
      -5.263899094387625e-09,
      1.833841700715766e-08,
      5.657816437576457e-09,
      -1.2989517017558683e-07
    ],
    [
      -3.9935329709805956e-08,
      -6.181086291690008e-07,
      -8.359657499568129e-07,
      -3.010556213212112e-07,
      2.803023413378014e-08,
      -5.263835589630617e-09,
      5.393389983510133e-06,
      3.123574066066226e-09,
      -4.4117378195096535e-08,
      2.77739786724851e-07
    ],
    [
      -1.9164572151453285e-08,
      -8.351429414688027e-08,
      9.221259347214072e-07,
      -2.5906493306138145e-07,
      -9.211601081915433e-08,
      1.8338365492809316e-08,
      3.1235718456201766e-09,
      1.9921158127544913e-06,
      -1.7433450238968362e-08,
      -9.63512860607807e-08
    ],
    [
      1.1549907867447473e-05,
      1.157931092166109e-05,
      -1.521396768566774e-07,
      -1.566151430765217e-09,
      1.4415863006433938e-05,
      5.6576885398840204e-09,
      -4.4116486463963156e-08,
      -1.743348576610515e-08,
      5.880629032617435e-06,
      0.0002890142786782235
    ],
    [
      0.000575380225200206,
      0.00042719588964246213,
      -6.153893991722725e-06,
      -7.991462069867339e-08,
      0.0007859923643991351,
      -1.299018776990124e-07,
      2.77784295121819e-07,
      -9.635309083932952e-08,
      0.0002890141913667321,
      0.014656838029623032
    ]
  ],
  "theta_phys": [
    0.0007249947520904243,
    0.3134743273258209,
    0.00016451656119897962,
    0.20079107582569122,
    0.22180934250354767,
    3.099950075149536,
    10.196913719177246,
    6.0987229347229,
    48.003726959228516,
    0.9960209727287292
  ],
  "Sigma_phys": [
    [
      1.2085754272361804e-11,
      5.236686639875643e-09,
      -3.6299962872816255e-14,
      5.76505943677974e-12,
      3.6962475302715347e-09,
      4.956404210665344e-12,
      -2.952171562764505e-10,
      -8.473723112079057e-11,
      4.0196502482103824e-07,
      4.154878183726396e-07
    ],
    [
      5.2366817548943345e-09,
      1.2938487998326309e-05,
      -4.4913354285691653e-11,
      -2.0995432059578434e-09,
      -9.051744200405665e-06,
      2.350975023546198e-07,
      -1.975759460037807e-06,
      -1.5966186595051113e-07,
      0.00017424453108105808,
      0.00013338192366063595
    ],
    [
      -3.6298726204713264e-14,
      -4.49131704050032e-11,
      1.9529839984794295e-12,
      1.4876230455818096e-11,
      -7.940568341746612e-12,
      4.727369051771291e-10,
      -1.4023836536480871e-09,
      9.25206466995121e-10,
      -1.2014682582162095e-09,
      -1.0083455181941758e-09
    ],
    [
      5.765062472545823e-12,
      -2.0995134519807834e-09,
      1.4876070861258306e-11,
      3.9967730458556616e-07,
      -7.758004016977793e-09,
      -1.2838724217090203e-07,
      -6.163960506455624e-07,
      -3.172429217102035e-07,
      -1.5095674044118823e-08,
      -1.5982253742663488e-08
    ],
    [
      3.6962741756241257e-09,
      -9.051727829501033e-06,
      -7.941180699133632e-12,
      -7.757965825305746e-09,
      1.8156815713155083e-05,
      -2.6478424786091637e-08,
      6.339998037674377e-08,
      -1.246109064823031e-07,
      0.00015349632303696126,
      0.00017364764062222093
    ],
    [
      4.95706123718187e-12,
      2.3509764446316694e-07,
      4.727425673145547e-10,
      -1.283872279600473e-07,
      -2.647829511204236e-08,
      5.786850579170277e-06,
      -1.6639144462260447e-07,
      3.467012845703721e-07,
      8.419348773713864e-07,
      -4.0106633036884887e-07
    ],
    [
      -2.952302569081411e-10,
      -1.975766053874395e-06,
      -1.4023837646703896e-09,
      -6.163961074889812e-07,
      6.339796243537421e-08,
      -1.6638944089208962e-07,
      0.0005607887869700789,
      1.9424928154876397e-07,
      -2.1595009457087144e-05,
      2.820819872795255e-06
    ],
    [
      -8.473696050392832e-11,
      -1.5966205069162243e-07,
      9.252066890397259e-10,
      -3.172429217102035e-07,
      -1.2461028120469564e-07,
      3.4670031823225145e-07,
      1.9424916786192625e-07,
      7.409559475490823e-05,
      -5.103841886011651e-06,
      -5.852816684637219e-07
    ],
    [
      4.019650816644571e-07,
      0.00017424473480787128,
      -1.2015091144235157e-09,
      -1.5095695360400896e-08,
      0.00015349543537013233,
      8.41915834826068e-07,
      -2.1594572899630293e-05,
      -5.103852345200721e-06,
      0.013551073148846626,
      0.013818558305501938
    ],
    [
      4.1548778995093016e-07,
      0.00013338208373170346,
      -1.0083890389367411e-09,
      -1.5982294598870794e-08,
      0.00017364673840347677,
      -4.0108704979502363e-07,
      2.8212716642883606e-06,
      -5.852925824001431e-07,
      0.013818553648889065,
      0.014540430158376694
    ]
  ],
  "param_names": [
    "L",
    "RL",
    "C",
    "RC",
    "Rdson",
    "Rload1",
    "Rload2",
    "Rload3",
    "Vin",
    "VF"
  ]
}