{
  "theta_log": [
    1.9753564596176147,
    1.1273365020751953,
    0.4483039677143097,
    0.6359040141105652,
    0.8440597653388977,
    1.131184697151184,
    2.318026542663574,
    1.80991530418396,
    1.567838191986084,
    -0.0646183118224144
  ],
  "Sigma_log": [
    [
      0.0022038083989173174,
      0.002223710995167494,
      -1.2797607269021682e-05,
      1.9833025817206362e-06,
      0.0021930669900029898,
      5.457384872897819e-07,
      -4.082890882273205e-06,
      -1.7630019328862545e-06,
      0.001106607262045145,
      0.05842220410704613
    ],
    [
      0.002223677933216095,
      0.01307523064315319,
      -7.365837518591434e-05,
      -1.0205965281784302e-06,
      -0.012147271074354649,
      2.099159792123828e-05,
      -5.711331687052734e-05,
      -9.18362638913095e-06,
      0.0011170010548084974,
      0.043005459010601044
    ],
    [
      -1.2797015187970828e-05,
      -7.365817145910114e-05,
      0.006398205179721117,
      4.635280856746249e-05,
      1.725136098684743e-05,
      7.838883902877569e-05,
      -0.0001056361070368439,
      9.414531086804345e-05,
      -6.081199899199419e-06,
      -0.00018124535563401878
    ],
    [
      1.983329639188014e-06,
      -1.0205943681285135e-06,
      4.635259392671287e-05,
      0.0011399631621316075,
      -2.843831134669017e-05,
      -2.109077831846662e-05,
      -3.180491694365628e-05,
      -2.565595968917478e-05,
      -1.2802513538190397e-06,
      -6.996789306867868e-05
    ],
    [
      0.002193099819123745,
      -0.012147201225161552,
      1.7250438759219833e-05,
      -2.8438384106266312e-05,
      0.03273223713040352,
      -2.6446059564477764e-06,
      1.051554363584728e-06,
      -7.426740921800956e-06,
      0.0013748336350545287,
      0.0792764201760292
    ],
    [
      5.456867597786186e-07,
      2.0991568817407824e-05,
      7.838870806153864e-05,
      -2.109077468048781e-05,
      -2.644668938955874e-06,
      5.1160124712623656e-05,
      -7.66110474614834e-07,
      1.7183555200972478e-06,
      6.577173508048872e-07,
      -1.5329145526266075e-06
    ],
    [
      -4.082822670170572e-06,
      -5.711330595659092e-05,
      -0.00010563611431280151,
      -3.180491694365628e-05,
      1.0516919246583711e-06,
      -7.661091103727813e-07,
      0.0005035495851188898,
      -3.342428271935205e-07,
      -4.2878714339167345e-06,
      1.6230680557782762e-05
    ],
    [
      -1.762959641382622e-06,
      -9.183611837215722e-06,
      9.414531814400107e-05,
      -2.565595059422776e-05,
      -7.4266790761612356e-06,
      1.7183432419187739e-06,
      -3.3424316825403366e-07,
      0.00019896756566595286,
      -1.6315257198584732e-06,
      -6.9306606746977195e-06
    ],
    [
      0.0011066071456298232,
      0.0011170178186148405,
      -6.081491846998688e-06,
      -1.280264655179053e-06,
      0.0013748167548328638,
      6.577446356459404e-07,
      -4.287908268452156e-06,
      -1.6315475477313157e-06,
      0.0005637352587655187,
      0.02933519147336483
    ],
    [
      0.05842224881052971,
      0.043006375432014465,
      -0.0001812617265386507,
      -6.996863521635532e-05,
      0.07927559316158295,
      -1.5314790289266966e-06,
      1.62287506100256e-05,
      -6.931816187716322e-06,
      0.02933521755039692,
      1.578338623046875
    ]
  ],
  "theta_phys": [
    0.0007209188770502806,
    0.3087422251701355,
    0.00015656545292586088,
    0.18887288868427277,
    0.23257899284362793,
    3.0993261337280273,
    10.15561294555664,
    6.109930038452148,
    47.962684631347656,
    0.9374251961708069
  ],
  "Sigma_phys": [
    [
      1.1453721304732767e-09,
      4.949493472850008e-07,
      -1.4444786512746166e-12,
      2.70050509731945e-10,
      3.677128290746623e-07,
      1.2193777099156478e-09,
      -2.989236591588451e-08,
      -7.765606824250426e-09,
      3.8263387978076935e-05,
      3.9482165448134765e-05
    ],
    [
      4.949420144839678e-07,
      0.0012463540770113468,
      -3.5605256520909734e-09,
      -5.951407899829064e-08,
      -0.0008722585625946522,
      2.0086710719624534e-05,
      -0.00017907688743434846,
      -1.7323931388091296e-05,
      0.01654067076742649,
      0.012446758337318897
    ],
    [
      -1.4444117560005743e-12,
      -3.5605158821283567e-09,
      1.568375568306024e-10,
      1.3706975554583778e-09,
      6.281882236613967e-10,
      3.8037981653360475e-08,
      -1.679633356843624e-07,
      9.005977830156553e-08,
      -4.566555134033479e-08,
      -2.660109110763642e-08
    ],
    [
      2.7005417346792626e-10,
      -5.9513958206025563e-08,
      1.3706912271871374e-09,
      4.0665869164513424e-05,
      -1.2492344012571266e-06,
      -1.234609226230532e-05,
      -6.100564496591687e-05,
      -2.960697929665912e-05,
      -1.1597606317081954e-05,
      -1.2388110008032527e-05
    ],
    [
      3.677183428862918e-07,
      -0.0008722535567358136,
      6.281545839037506e-10,
      -1.249237470801745e-06,
      0.001770584611222148,
      -1.9063328409174574e-06,
      2.4837527234922163e-06,
      -1.0553706488281023e-05,
      0.015336424112319946,
      0.017284274101257324
    ],
    [
      1.2192621356987843e-09,
      2.008668343478348e-05,
      3.803791770451426e-08,
      -1.2346089533821214e-05,
      -1.906378315652546e-06,
      0.0004914351156912744,
      -2.411375317024067e-05,
      3.253992326790467e-05,
      9.77709933067672e-05,
      -4.453709152585361e-06
    ],
    [
      -2.989186853596948e-08,
      -0.00017907687288243324,
      -1.679633356843624e-07,
      -6.100564496591687e-05,
      2.4840776404744247e-06,
      -2.411371133348439e-05,
      0.05193432793021202,
      -2.0739795218105428e-05,
      -0.0020885812118649483,
      0.00015451814397238195
    ],
    [
      -7.765421194960709e-09,
      -1.7323904103250243e-05,
      9.005978540699289e-08,
      -2.9606972020701505e-05,
      -1.055361826729495e-05,
      3.2539690437261015e-05,
      -2.073981704597827e-05,
      0.007427707314491272,
      -0.0004781163879670203,
      -3.9696067688055336e-05
    ],
    [
      3.826338070211932e-05,
      0.01654091849923134,
      -4.566774336467461e-08,
      -1.1597726370382588e-05,
      0.015336235985159874,
      9.777506056707352e-05,
      -0.0020885993726551533,
      -0.00047812279080972075,
      1.2968273162841797,
      1.318952202796936
    ],
    [
      3.948219455196522e-05,
      0.012447022832930088,
      -2.660349274208329e-08,
      -1.2388241884764284e-05,
      0.01728409342467785,
      -4.4495382098830305e-06,
      0.00015449977945536375,
      -3.9702685171505436e-05,
      1.318953275680542,
      1.3869903087615967
    ]
  ],
  "param_names": [
    "L",
    "RL",
    "C",
    "RC",
    "Rdson",
    "Rload1",
    "Rload2",
    "Rload3",
    "Vin",
    "VF"
  ]
}