{
  "theta_log": [
    1.9774130582809448,
    1.1320462226867676,
    0.48787248134613037,
    0.6670594215393066,
    0.8188661932945251,
    1.1315197944641113,
    2.3201041221618652,
    1.8094556331634521,
    1.56777024269104,
    -0.046980906277894974
  ],
  "Sigma_log": [
    [
      0.0005564989987760782,
      0.0005602862220257521,
      -6.489960924227489e-06,
      9.36542733143142e-07,
      0.0005550041678361595,
      6.78892533301223e-08,
      -1.0167829032070586e-06,
      -5.008424750485574e-07,
      0.00027941918233409524,
      0.014505144208669662
    ],
    [
      0.0005602820310741663,
      0.0032577882520854473,
      -2.127861989720259e-05,
      -3.8329432072714553e-07,
      -0.0031205660197883844,
      5.5609862101846375e-06,
      -1.5307023204513825e-05,
      -2.4542839582863962e-06,
      0.00028143072267994285,
      0.010689753107726574
    ],
    [
      -6.489932275144383e-06,
      -2.1278659914969467e-05,
      0.0017476504435762763,
      1.1725795957318041e-05,
      -1.4001876706970506e-06,
      2.2344245735439472e-05,
      -2.486455559846945e-05,
      2.4710403522476554e-05,
      -3.2034963624028023e-06,
      -0.00013024930376559496
    ],
    [
      9.365664936922258e-07,
      -3.8324702700265334e-07,
      1.1725793228833936e-05,
      0.0002699285396374762,
      -5.651204446621705e-06,
      -5.387220880948007e-06,
      -7.99369445303455e-06,
      -6.652230695181061e-06,
      -9.107462517476961e-08,
      -5.0402304623275995e-06
    ],
    [
      0.0005550110945478082,
      -0.003120554843917489,
      -1.4002923762745922e-06,
      -5.651193077937933e-06,
      0.00861818715929985,
      -8.438352097073221e-07,
      4.965840503246e-07,
      -2.1121443296578946e-06,
      0.0003491011739242822,
      0.019812632352113724
    ],
    [
      6.788800988033472e-08,
      5.560991212405497e-06,
      2.2344212993630208e-05,
      -5.387222699937411e-06,
      -8.438326517534733e-07,
      1.3931106877862476e-05,
      -1.7510122063413291e-07,
      4.744148043300811e-07,
      1.3720665492655826e-07,
      -2.4790169845800847e-06
    ],
    [
      -1.016760279526352e-06,
      -1.5307014109566808e-05,
      -2.486455559846945e-05,
      -7.993693543539848e-06,
      4.96627308166353e-07,
      -1.7510123484498763e-07,
      0.0001368395023746416,
      -8.761309899796288e-09,
      -1.1125504215669935e-06,
      6.607590876228642e-06
    ],
    [
      -5.008425887353951e-07,
      -2.454290552122984e-06,
      2.4710399884497747e-05,
      -6.652230695181061e-06,
      -2.1121340978424996e-06,
      4.7441571382478287e-07,
      -8.761226411024836e-09,
      5.393597893998958e-05,
      -4.5268942017173686e-07,
      -2.5932727112376597e-06
    ],
    [
      0.0002794191241264343,
      0.00028143281815573573,
      -3.203509095328627e-06,
      -9.108641307875587e-08,
      0.00034909771056845784,
      1.3720718072818272e-07,
      -1.112561676563928e-06,
      -4.5268930648489913e-07,
      0.00014232317334972322,
      0.007282901089638472
    ],
    [
      0.014505148865282536,
      0.010689864866435528,
      -0.00013025016232859343,
      -5.040820269641699e-06,
      0.019812459126114845,
      -2.4789767394395312e-06,
      6.606988335988717e-06,
      -2.593275439721765e-06,
      0.007282904349267483,
      0.3852469027042389
    ]
  ],
  "theta_phys": [
    0.0007224030559882522,
    0.3101997375488281,
    0.00016288470942527056,
    0.1948499232530594,
    0.22679269313812256,
    3.100364923477173,
    10.17673397064209,
    6.10712194442749,
    47.95942306518555,
    0.9541056156158447
  ],
  "Sigma_phys": [
    [
      2.9041799520790335e-10,
      1.255541093314605e-07,
      -7.636633838313533e-13,
      1.318279235773545e-10,
      9.092951103184532e-08,
      1.5205245396110456e-10,
      -7.475086327701774e-09,
      -2.2096187102249587e-09,
      9.680766197561752e-06,
      9.997653251048177e-06
    ],
    [
      1.255531714150493e-07,
      0.0003134770377073437,
      -1.0751404211362114e-09,
      -2.3167226359532833e-08,
      -0.00021953503892291337,
      5.348180366127053e-06,
      -4.8321518988814205e-05,
      -4.649463335226756e-06,
      0.004186844918876886,
      0.0031637747306376696
    ],
    [
      -7.636600228046186e-13,
      -1.0751425305599582e-09,
      4.636766318122376e-11,
      3.7215416859304185e-10,
      -5.17244198861011e-11,
      1.1283889378432832e-08,
      -4.121634233911209e-08,
      2.4580842250543355e-08,
      -2.502525298098135e-08,
      -2.0241941456333734e-08
    ],
    [
      1.318312681242162e-10,
      -2.3164368201378238e-08,
      3.721540575707394e-10,
      1.024823995976476e-05,
      -2.497297657555464e-07,
      -3.2544517125643324e-06,
      -1.5850982890697196e-05,
      -7.915969945315737e-06,
      -8.510822908647242e-07,
      -9.370161819788336e-07
    ],
    [
      9.09306550056499e-08,
      -0.00021953425311949104,
      -5.172828831945253e-11,
      -2.4972925416477665e-07,
      0.00044327578507363796,
      -5.933343913966382e-07,
      1.1461204394436209e-06,
      -2.9254269975353964e-06,
      0.0037971199490129948,
      0.004287140443921089
    ],
    [
      1.520496645257552e-10,
      5.348185368347913e-06,
      1.1283873391221277e-08,
      -3.254452622059034e-06,
      -5.933326292506536e-07,
      0.0001339094596914947,
      -5.524721473193495e-06,
      8.982715371530503e-06,
      2.0401492292876355e-05,
      -7.3331193561898544e-06
    ],
    [
      -7.47492023833729e-09,
      -4.8321493522962555e-05,
      -4.121634233911209e-08,
      -1.5850981071707793e-05,
      1.1462202564871404e-06,
      -5.5247219279408455e-06,
      0.014171907678246498,
      -5.445202759801759e-07,
      -0.0005430027958936989,
      6.415758980438113e-05
    ],
    [
      -2.2096191543141686e-09,
      -4.64947606815258e-06,
      2.4580838697829677e-08,
      -7.915969945315737e-06,
      -2.9254126729938434e-06,
      8.982732651929837e-06,
      -5.445151032290596e-07,
      0.0020116469822824,
      -0.00013259003753773868,
      -1.5110584172361996e-05
    ],
    [
      9.680764378572349e-06,
      0.004186876118183136,
      -2.5025354233321195e-08,
      -8.511925102538953e-07,
      0.0037970824632793665,
      2.0401570509420708e-05,
      -0.0005430083256214857,
      -0.000132589993881993,
      0.3273584246635437,
      0.33325356245040894
    ],
    [
      9.997656889026985e-06,
      0.0031638077925890684,
      -2.024207468309669e-08,
      -9.371257760903973e-07,
      0.004287102725356817,
      -7.333000212383922e-06,
      6.415173265850171e-05,
      -1.5110599633771926e-05,
      0.33325374126434326,
      0.35069701075553894
    ]
  ],
  "param_names": [
    "L",
    "RL",
    "C",
    "RC",
    "Rdson",
    "Rload1",
    "Rload2",
    "Rload3",
    "Vin",
    "VF"
  ]
}