{
  "L": 0.0007254384690895677,
  "RL": 0.31823670864105225,
  "C": 0.00016448811220470816,
  "RC": 0.19940043985843658,
  "Rdson": 0.2145143747329712,
  "Rloads": [
    3.100776195526123,
    10.197709083557129,
    6.098616600036621
  ],
  "Vin": 48.01069641113281,
  "VF": 1.0070383548736572
}