{
  "L": 0.0007201267289929092,
  "RL": 0.2909211814403534,
  "C": 0.00015796752995811403,
  "RC": 0.21557816863059998,
  "Rdson": 0.2583473026752472,
  "Rloads": [
    3.094460964202881,
    10.164737701416016,
    6.096476078033447
  ],
  "Vin": 47.90093231201172,
  "VF": 0.8945860266685486
}