{
  "L": 0.0007240528939291835,
  "RL": 0.3210359215736389,
  "C": 0.00016199714445974678,
  "RC": 0.19843897223472595,
  "Rdson": 0.20675750076770782,
  "Rloads": [
    3.099111318588257,
    10.193757057189941,
    6.0976481437683105
  ],
  "Vin": 47.93133544921875,
  "VF": 0.9327702522277832
}