{
  "theta_log": [
    1.9816060066223145,
    1.1576253175735474,
    0.4976681172847748,
    0.6901448369026184,
    0.7632065415382385,
    1.1316524744033813,
    2.3221631050109863,
    1.808061957359314,
    1.5688387155532837,
    0.007013701368123293
  ],
  "Sigma_log": [
    [
      2.2448701201938093e-05,
      2.260148903587833e-05,
      -3.003140136570437e-07,
      4.0103177667560885e-08,
      2.2355634428095073e-05,
      1.8569892290543066e-09,
      -4.148532894987511e-08,
      -1.9737264267405408e-08,
      1.1283129424555227e-05,
      0.0005555180832743645
    ],
    [
      2.2601674572797492e-05,
      0.0001270793000003323,
      -8.675639264765778e-07,
      -2.3491207201686848e-08,
      -0.00013204522838350385,
      2.2797269139118725e-07,
      -6.240613856789423e-07,
      -9.515685661654061e-08,
      1.1364535566826817e-05,
      0.0004125514533370733
    ],
    [
      -3.0030975040062913e-07,
      -8.675579579175974e-07,
      7.139664376154542e-05,
      4.55897406936856e-07,
      -1.6133134295159834e-07,
      9.390801096742507e-07,
      -8.413500722781464e-07,
      8.956346277955163e-07,
      -1.4986666485583555e-07,
      -5.967619017610559e-06
    ],
    [
      4.0102822396193005e-08,
      -2.3491519840490582e-08,
      4.5589970909531985e-07,
      1.0233138709736522e-05,
      -2.0644777976031037e-07,
      -2.1114252035658865e-07,
      -3.0854025112603267e-07,
      -2.661177518348268e-07,
      -1.890001044557721e-09,
      -1.0016356100095436e-07
    ],
    [
      2.2355352484737523e-05,
      -0.00013204575225245208,
      -1.613334603689509e-07,
      -2.064472397478312e-07,
      0.00038931003655306995,
      -3.863485886768103e-08,
      3.017743921418514e-08,
      -9.187042593339356e-08,
      1.4243287296267226e-05,
      0.0007706209435127676
    ],
    [
      1.8577615001902359e-09,
      2.2797331666879472e-07,
      9.390763580086059e-07,
      -2.111424777240245e-07,
      -3.863343422949583e-08,
      5.784153245258494e-07,
      -5.441617378920682e-09,
      1.8337210860863706e-08,
      5.307214223648771e-09,
      -1.2696227713604458e-07
    ],
    [
      -4.148734333853099e-08,
      -6.240626930775761e-07,
      -8.413501291215653e-07,
      -3.0854030796945153e-07,
      3.017368044311297e-08,
      -5.441570749553648e-09,
      5.640460585709661e-06,
      3.6079734755389836e-09,
      -4.565099231967906e-08,
      2.7519399736775085e-07
    ],
    [
      -1.9737264267405408e-08,
      -9.515667898085667e-08,
      8.956346277955163e-07,
      -2.661177518348268e-07,
      -9.187083094275295e-08,
      1.833714335930381e-08,
      3.6079712550929344e-09,
      2.0731699805764947e-06,
      -1.8141051327802415e-08,
      -8.751089808356483e-08
    ],
    [
      1.1283130334049929e-05,
      1.1364441888872534e-05,
      -1.4986879648404283e-07,
      -1.8898269615874597e-09,
      1.4243430996430106e-05,
      5.306827421946991e-09,
      -4.564996558542589e-08,
      -1.8141051327802415e-08,
      5.752300694439327e-06,
      0.00027920736465603113
    ],
    [
      0.000555517734028399,
      0.0004125464183744043,
      -5.967722700006561e-06,
      -1.0015455131906492e-07,
      0.000770627404563129,
      -1.269815612658931e-07,
      2.7524521328814444e-07,
      -8.751057123390638e-08,
      0.0002792072482407093,
      0.014006411656737328
    ]
  ],
  "theta_phys": [
    0.0007254384690895677,
    0.31823670864105225,
    0.00016448811220470816,
    0.19940043985843658,
    0.2145143747329712,
    3.100776195526123,
    10.197709083557129,
    6.098616600036621,
    48.01069641113281,
    1.0070383548736572
  ],
  "Sigma_phys": [
    [
      1.1813875398780649e-11,
      5.2178061871188675e-09,
      -3.583527043355718e-14,
      5.801034999586285e-12,
      3.478916266175247e-09,
      4.177152981149623e-12,
      -3.0690061603166896e-10,
      -8.732103234931898e-11,
      3.929779097688879e-07,
      4.0583060467724863e-07
    ],
    [
      5.217848375593803e-09,
      1.2869904821855016e-05,
      -4.541363812782251e-11,
      -1.4906708090123288e-09,
      -9.014245733851567e-06,
      2.2495906648600794e-07,
      -2.025257344939746e-06,
      -1.846807720085053e-07,
      0.0001736360864015296,
      0.00013221308472566307
    ],
    [
      -3.5834762213788826e-14,
      -4.541332587759683e-11,
      1.9317319011752376e-12,
      1.4952979826565738e-11,
      -5.692587026762119e-12,
      4.789691976370136e-10,
      -1.4112823132350627e-09,
      8.984558097502315e-10,
      -1.18352538880373e-09,
      -9.88511272836945e-10
    ],
    [
      5.800983825243744e-12,
      -1.4906904599598647e-09,
      1.495305615439868e-11,
      4.0687507407710655e-07,
      -8.830650877200696e-09,
      -1.3054861369710125e-07,
      -6.273942858570081e-07,
      -3.2361697321903193e-07,
      -1.809364924554302e-08,
      -2.011323196882131e-08
    ],
    [
      3.478872523388077e-09,
      -9.014281204144936e-06,
      -5.692661186190717e-12,
      -8.830627784561784e-09,
      1.791465183487162e-05,
      -2.5698403405272074e-08,
      6.601481317147773e-08,
      -1.201886448143341e-07,
      0.00014669139636680484,
      0.00016647277516312897
    ],
    [
      4.178890306710814e-12,
      2.249596917636154e-07,
      4.789672547467205e-10,
      -1.305485710645371e-07,
      -2.5697458383433514e-08,
      5.561355465033557e-06,
      -1.7206836844252393e-07,
      3.4676483551265846e-07,
      7.900872560639982e-07,
      -3.964524637467548e-07
    ],
    [
      -3.0691549302019894e-10,
      -2.0252616650395794e-06,
      -1.4112823132350627e-09,
      -6.273943995438458e-07,
      6.600659219202498e-08,
      -1.7206689051363355e-07,
      0.0005865699495188892,
      2.2438679536662676e-07,
      -2.2350686776917428e-05,
      2.8261003990337485e-06
    ],
    [
      -8.732103234931898e-11,
      -1.8468044515884685e-07,
      8.984558097502315e-10,
      -3.2361697321903193e-07,
      -1.201891848268133e-07,
      3.4676352811402467e-07,
      2.243866390472249e-07,
      7.710766658419743e-05,
      -5.3116787057660986e-06,
      -5.374517400014156e-07
    ],
    [
      3.9297793819059734e-07,
      0.000173634645761922,
      -1.1835422641937043e-09,
      -1.8091983022827662e-08,
      0.00014669288066215813,
      7.900296736806922e-07,
      -2.2350182916852646e-05,
      -5.3116787057660986e-06,
      0.01325920782983303,
      0.013499288819730282
    ],
    [
      4.0583034888186376e-07,
      0.00013221146946307272,
      -9.885283702715242e-10,
      -2.01114236375588e-08,
      0.0001664741721469909,
      -3.965126609273284e-07,
      2.826626541718724e-06,
      -5.374497504817555e-07,
      0.01349928230047226,
      0.014204270206391811
    ]
  ],
  "param_names": [
    "L",
    "RL",
    "C",
    "RC",
    "Rdson",
    "Rload1",
    "Rload2",
    "Rload3",
    "Vin",
    "VF"
  ]
}