{
  "theta_log": [
    1.974256992340088,
    1.0678821802139282,
    0.45721933245658875,
    0.7681534290313721,
    0.9491345882415771,
    1.1296137571334839,
    2.31892466545105,
    1.807710886001587,
    1.5665498971939087,
    -0.11139420419931412
  ],
  "Sigma_log": [
    [
      0.0022390037775039673,
      0.0022656696382910013,
      -1.3587761714006774e-05,
      1.0427090728626354e-06,
      0.0022477353923022747,
      6.040626203684951e-07,
      -4.659540081775049e-06,
      -1.7841098269855138e-06,
      0.0011234793346375227,
      0.06207827106118202
    ],
    [
      0.002265689428895712,
      0.014709768816828728,
      -6.904863403178751e-05,
      -8.696676559338812e-06,
      -0.011684884317219257,
      2.6385994715383276e-05,
      -7.057638867991045e-05,
      -1.016539226839086e-05,
      0.0011374749010428786,
      0.04483729228377342
    ],
    [
      -1.3587552530225366e-05,
      -6.904829206177965e-05,
      0.006699386518448591,
      3.8750862586311996e-05,
      -2.2952468498260714e-05,
      7.225519948406145e-05,
      -9.150443656835705e-05,
      8.369160786969587e-05,
      -7.095895398379071e-06,
      -0.00022199041268322617
    ],
    [
      1.0426359722259804e-06,
      -8.696686563780531e-06,
      3.875064430758357e-05,
      0.0008993259980343282,
      -1.3593008588941302e-05,
      -1.9391518435440958e-05,
      -2.8810389267164283e-05,
      -2.417730684101116e-05,
      -1.6342428352800198e-06,
      -9.110663086175919e-05
    ],
    [
      0.002247708383947611,
      -0.011684926226735115,
      -2.2952586732571945e-05,
      -1.3592822142527439e-05,
      0.027439158409833908,
      -2.736929673119448e-06,
      1.1409680382712395e-06,
      -8.503833669237792e-06,
      0.0013772420352324843,
      0.08253361284732819
    ],
    [
      6.041074129825574e-07,
      2.6386045647086576e-05,
      7.225606532301754e-05,
      -1.939150934049394e-05,
      -2.7368871542421402e-06,
      5.388481076806784e-05,
      -4.521473897511896e-07,
      1.5315202972487896e-06,
      7.57918314775452e-07,
      -3.912544343620539e-06
    ],
    [
      -4.659610112867085e-06,
      -7.057648326735944e-05,
      -9.150441474048421e-05,
      -2.8810394724132493e-05,
      1.140933136412059e-06,
      -4.521391474554548e-07,
      0.0005254310672171414,
      2.958691425192228e-07,
      -4.923609594698064e-06,
      2.2417865693569183e-05
    ],
    [
      -1.7841484805103391e-06,
      -1.0165436833631247e-05,
      8.36916224216111e-05,
      -2.4177303203032352e-05,
      -8.503861863573547e-06,
      1.5315265500248643e-06,
      2.958689435672568e-07,
      0.0001940661750268191,
      -1.7623542589717545e-06,
      -2.989982021972537e-06
    ],
    [
      0.0011234793346375227,
      0.0011374648893252015,
      -7.096008630469441e-06,
      -1.6342048638762208e-06,
      0.0013772554229944944,
      7.578955774079077e-07,
      -4.923574579152046e-06,
      -1.7623350458961795e-06,
      0.0005718684406019747,
      0.03114853985607624
    ],
    [
      0.062078237533569336,
      0.044836707413196564,
      -0.00022199552040547132,
      -9.110452811000869e-05,
      0.08253433555364609,
      -3.913736691174563e-06,
      2.2419862943934277e-05,
      -2.9888997232774273e-06,
      0.031148530542850494,
      1.7538992166519165
    ]
  ],
  "theta_phys": [
    0.0007201267289929092,
    0.2909211814403534,
    0.00015796752995811403,
    0.21557816863059998,
    0.2583473026752472,
    3.094460964202881,
    10.164737701416016,
    6.096476078033447,
    47.90093231201172,
    0.8945860266685486
  ],
  "Sigma_phys": [
    [
      1.1611082095797087e-09,
      4.746580657410959e-07,
      -1.5456981397946046e-12,
      1.6187391704836074e-10,
      4.1817497731244657e-07,
      1.3460955683441966e-09,
      -3.4107365820545965e-08,
      -7.832661630402526e-09,
      3.8754129491280764e-05,
      3.999177351943217e-05
    ],
    [
      4.7466218688896333e-07,
      0.0012449632631614804,
      -3.1732059202482787e-09,
      -5.454230063151044e-07,
      -0.0008782207150943577,
      2.375383883190807e-05,
      -0.0002087040920741856,
      -1.802927909011487e-05,
      0.015851162374019623,
      0.01166908536106348
    ],
    [
      -1.5456743957670271e-12,
      -3.173190155081329e-09,
      1.671747462683726e-10,
      1.3196355119760028e-09,
      -9.367013831251825e-10,
      3.532010239837291e-08,
      -1.469285422217581e-07,
      8.059880229893679e-08,
      -5.369316369296939e-08,
      -3.1370696262911224e-08
    ],
    [
      1.6186256501793395e-10,
      -5.454236315927119e-07,
      1.3196279624594354e-09,
      4.179522875347175e-05,
      -7.570495768050023e-07,
      -1.293604691454675e-05,
      -6.313207995845005e-05,
      -3.1775438401382416e-05,
      -1.6875837900443003e-05,
      -1.7570206182426773e-05
    ],
    [
      4.181699750915868e-07,
      -0.000878223916515708,
      -9.367062681064908e-10,
      -7.570391176159319e-07,
      0.0018313807668164372,
      -2.188026655858266e-06,
      2.9962191092636203e-06,
      -1.3393607332545798e-05,
      0.017043475061655045,
      0.019074663519859314
    ],
    [
      1.3461953773941104e-09,
      2.3753884306643158e-05,
      3.532052517130069e-08,
      -1.293604145757854e-05,
      -2.1879923224332742e-06,
      0.0005159841966815293,
      -1.4222017853171565e-05,
      2.889260031224694e-05,
      0.0001123443798860535,
      -1.0830945939233061e-05
    ],
    [
      -3.410787741131571e-08,
      -0.00020870436856057495,
      -1.4692849958919396e-07,
      -6.313208723440766e-05,
      2.996127705046092e-06,
      -1.422175864718156e-05,
      0.054288532584905624,
      1.8334738342673518e-05,
      -0.00239730766043067,
      0.00020385086827445775
    ],
    [
      -7.83283127248069e-09,
      -1.802935730665922e-05,
      8.05988165097915e-08,
      -3.177543476340361e-05,
      -1.3393651897786185e-05,
      2.8892720365547575e-05,
      1.8334727428737096e-05,
      0.007212861906737089,
      -0.0005146547919139266,
      -1.6306830730172805e-05
    ],
    [
      3.8754129491280764e-05,
      0.01585102453827858,
      -5.369402344967966e-08,
      -1.687544681772124e-05,
      0.017043642699718475,
      0.00011234101111767814,
      -0.0023972904309630394,
      -0.0005146492039784789,
      1.3121517896652222,
      1.3347617387771606
    ],
    [
      3.999175169155933e-05,
      0.011668934486806393,
      -3.137141746378802e-08,
      -1.7569802366779186e-05,
      0.019074831157922745,
      -1.0834246495505795e-05,
      0.00020386901451274753,
      -1.63009281095583e-05,
      1.3347615003585815,
      1.4036177396774292
    ]
  ],
  "param_names": [
    "L",
    "RL",
    "C",
    "RC",
    "Rdson",
    "Rload1",
    "Rload2",
    "Rload3",
    "Vin",
    "VF"
  ]
}