{
  "theta_log": [
    1.9796942472457886,
    1.1663827896118164,
    0.4824084937572479,
    0.6853114366531372,
    0.7263764142990112,
    1.131115436553955,
    2.321775436401367,
    1.8079031705856323,
    1.5671844482421875,
    -0.06959635764360428
  ],
  "Sigma_log": [
    [
      0.0005243371706455946,
      0.0005273491842672229,
      -6.204353667271789e-06,
      7.718361416664266e-07,
      0.0005251825205050409,
      5.4943882332736393e-08,
      -9.926150141836843e-07,
      -4.090264837941504e-07,
      0.00026318070013076067,
      0.013966511934995651
    ],
    [
      0.0005273470305837691,
      0.002923478139564395,
      -1.812137088563759e-05,
      -1.198462200591166e-06,
      -0.003182322485372424,
      5.2111331569904e-06,
      -1.4208191714715213e-05,
      -2.0898178263450973e-06,
      0.00026480061933398247,
      0.010380099527537823
    ],
    [
      -6.204566943779355e-06,
      -1.8121629182132892e-05,
      0.0016190371243283153,
      1.0222828677797224e-05,
      -5.786350357084302e-06,
      2.0243305698386393e-05,
      -1.8598253518575802e-05,
      2.0475778001127765e-05,
      -3.115473191428464e-06,
      -0.0001303937315242365
    ],
    [
      7.71855980019609e-07,
      -1.1984433285761042e-06,
      1.022279593598796e-05,
      0.00024236163881141692,
      -3.991388894064585e-06,
      -4.918890681437915e-06,
      -7.0789415076433215e-06,
      -6.154471520858351e-06,
      -1.1930171694984892e-07,
      -6.246074917726219e-06
    ],
    [
      0.0005251881666481495,
      -0.003182315966114402,
      -5.786154815723421e-06,
      -3.99141708840034e-06,
      0.009748614393174648,
      -9.710327049106127e-07,
      7.048222983030428e-07,
      -2.204826387242065e-06,
      0.0003365461598150432,
      0.019674241542816162
    ],
    [
      5.493150467827945e-08,
      5.211116786085768e-06,
      2.024342211370822e-05,
      -4.918890681437915e-06,
      -9.710440735943848e-07,
      1.3104816389386542e-05,
      -1.0568854236225889e-07,
      4.045600690005813e-07,
      1.2720420272671618e-07,
      -2.8615977498702705e-06
    ],
    [
      -9.926072834787192e-07,
      -1.4208177162799984e-05,
      -1.8598255337565206e-05,
      -7.078941962390672e-06,
      7.048231509543257e-07,
      -1.0568727759618923e-07,
      0.0001281222066609189,
      8.224490954944486e-08,
      -1.066516233549919e-06,
      5.722555215470493e-06
    ],
    [
      -4.0902108366935863e-07,
      -2.089812142003211e-06,
      2.0475774363148957e-05,
      -6.154471066111e-06,
      -2.204819338658126e-06,
      4.045588752887852e-07,
      8.224495928743636e-08,
      4.711011206381954e-05,
      -3.943622459701146e-07,
      -1.0349831427447498e-06
    ],
    [
      0.00026318070013076067,
      0.00026480169617570937,
      -3.115364961558953e-06,
      -1.1931155086131184e-07,
      0.0003365433367434889,
      1.2721073971988517e-07,
      -1.0665204399629147e-06,
      -3.9436508814105764e-07,
      0.00013399965246208012,
      0.0070100510492920876
    ],
    [
      0.013966518454253674,
      0.010380164720118046,
      -0.00013038812903687358,
      -6.246609700610861e-06,
      0.01967409998178482,
      -2.861261918951641e-06,
      5.722347395931138e-06,
      -1.0351310493206256e-06,
      0.007010054308921099,
      0.37908032536506653
    ]
  ],
  "theta_phys": [
    0.0007240528939291835,
    0.3210359215736389,
    0.00016199714445974678,
    0.19843897223472595,
    0.20675750076770782,
    3.099111318588257,
    10.193757057189941,
    6.0976481437683105,
    47.93133544921875,
    0.9327702522277832
  ],
  "Sigma_phys": [
    [
      2.748851146705533e-10,
      1.2258072956683463e-07,
      -7.277366101225702e-13,
      1.1089765911131977e-10,
      7.862159634441923e-08,
      1.2328971177311132e-10,
      -7.326312001509905e-09,
      -1.8058601281012443e-09,
      9.133639650826808e-06,
      9.432633305550553e-06
    ],
    [
      1.225802321869196e-07,
      0.0003013055247720331,
      -9.424363511811862e-10,
      -7.634928067545843e-08,
      -0.0002112316869897768,
      5.184692327020457e-06,
      -4.6497192670358345e-05,
      -4.09095264330972e-06,
      0.004074667580425739,
      0.003108349395915866
    ],
    [
      -7.277615467725373e-13,
      -9.424497848797841e-10,
      4.24885127081609e-11,
      3.286286520687298e-10,
      -1.9380873295116174e-10,
      1.0163094366077985e-08,
      -3.071240328722524e-08,
      2.0226005759127474e-08,
      -2.4190839553739352e-08,
      -1.9703291442851878e-08
    ],
    [
      1.1090051099671427e-10,
      -7.634807275280764e-08,
      3.2862759735685643e-10,
      9.543723535898607e-06,
      -1.637616833249922e-07,
      -3.0250414511101553e-06,
      -1.4319556612463202e-05,
      -7.4469785431574564e-06,
      -1.1347317467880202e-06,
      -1.1561357950995443e-06
    ],
    [
      7.862244189027479e-08,
      -0.00021123126498423517,
      -1.9380219651310426e-10,
      -1.6376283440422412e-07,
      0.0004167402221355587,
      -6.222032880032202e-07,
      1.4855087329124217e-06,
      -2.779700707833399e-06,
      0.0033352274913340807,
      0.003794320160523057
    ],
    [
      1.2326192844192008e-10,
      5.184675501368474e-06,
      1.0163152985853685e-08,
      -3.0250414511101553e-06,
      -6.222105639608344e-07,
      0.00012586508819367737,
      -3.3388689644198166e-06,
      7.645088771823794e-06,
      1.8895490939030424e-05,
      -8.272189006675035e-06
    ],
    [
      -7.326255158091044e-09,
      -4.6497141738655046e-05,
      -3.071240683993892e-08,
      -1.4319557521957904e-05,
      1.4855104382149875e-06,
      -3.3388289466529386e-06,
      0.01331352163106203,
      5.1121742217219435e-06,
      -0.0005211002426221967,
      5.441253597382456e-05
    ],
    [
      -1.8058361472839124e-09,
      -4.090941274625948e-06,
      2.0226002206413796e-08,
      -7.4469780884101056e-06,
      -2.7796918402600568e-06,
      7.645066943950951e-06,
      5.1121778597007506e-06,
      0.0017516157822683454,
      -0.00011525963054737076,
      -5.8866785366262775e-06
    ],
    [
      9.133639650826808e-06,
      0.004074683878570795,
      -2.4189997560597476e-08,
      -1.1348253110554651e-06,
      0.0033351993188261986,
      1.8896462279371917e-05,
      -0.0005211023380979896,
      -0.00011526046000653878,
      0.30785253643989563,
      0.3134118318557739
    ],
    [
      9.43263694352936e-06,
      0.003108368953689933,
      -1.9702444120639484e-08,
      -1.1562348163351999e-06,
      0.003794292686507106,
      -8.271217666333541e-06,
      5.44105569133535e-05,
      -5.8875198192254175e-06,
      0.31341198086738586,
      0.32982274889945984
    ]
  ],
  "param_names": [
    "L",
    "RL",
    "C",
    "RC",
    "Rdson",
    "Rload1",
    "Rload2",
    "Rload3",
    "Vin",
    "VF"
  ]
}