{
  "L": 0.0007220975821837783,
  "RL": 0.3090226352214813,
  "C": 0.00015651396824978292,
  "RC": 0.18925520777702332,
  "Rdson": 0.23337775468826294,
  "Vin": 48.00278091430664,
  "VF": 0.97893226146698,
  "Rloads": [
    3.0992066860198975,
    10.154995918273926,
    6.1096086502075195
  ]
}