{
  "L": 0.0007232478237710893,
  "RL": 0.31039053201675415,
  "C": 0.00016285233141388744,
  "RC": 0.19504672288894653,
  "Rdson": 0.22732116281986237,
  "Vin": 47.98793029785156,
  "VF": 0.9838970303535461,
  "Rloads": [
    3.100295305252075,
    10.176440238952637,
    6.106945037841797
  ]
}