{
  "L": 0.0007250354392454028,
  "RL": 0.3135070204734802,
  "C": 0.0001645188604015857,
  "RC": 0.2007908672094345,
  "Rdson": 0.22179672122001648,
  "Vin": 48.005035400390625,
  "VF": 0.9973655939102173,
  "Rloads": [
    3.099950075149536,
    10.196885108947754,
    6.098724365234375
  ]
}