{
  "L": 0.0007249998161569238,
  "RL": 0.3135593831539154,
  "C": 0.00016452294948976487,
  "RC": 0.20079024136066437,
  "Rdson": 0.2216804027557373,
  "Vin": 48.0036735534668,
  "VF": 0.9958344101905823,
  "Rloads": [
    3.099954605102539,
    10.196972846984863,
    6.098689556121826
  ]
}