{
  "L": 0.0007211749325506389,
  "RL": 0.3087266981601715,
  "C": 0.0001565147249493748,
  "RC": 0.1892554759979248,
  "Rdson": 0.23297417163848877,
  "Rloads": [
    3.0992071628570557,
    10.15499496459961,
    6.109610080718994
  ],
  "Vin": 47.9719352722168,
  "VF": 0.9465521574020386
}