{
  "L": 0.0007221341365948319,
  "RL": 0.3090341091156006,
  "C": 0.00015651409921701998,
  "RC": 0.1892552226781845,
  "Rdson": 0.23339395225048065,
  "Vin": 48.003997802734375,
  "VF": 0.9802219271659851,
  "Rloads": [
    3.0992064476013184,
    10.154995918273926,
    6.1096086502075195
  ]
}