{
  "L": 0.000723246659617871,
  "RL": 0.31039029359817505,
  "C": 0.0001628525205887854,
  "RC": 0.19504672288894653,
  "Rdson": 0.2273205816745758,
  "Vin": 47.987876892089844,
  "VF": 0.9838584661483765,
  "Rloads": [
    3.100294589996338,
    10.176438331604004,
    6.106945037841797
  ]
}