{
  "L": 0.0007250350899994373,
  "RL": 0.3135063350200653,
  "C": 0.0001645188604015857,
  "RC": 0.2007909119129181,
  "Rdson": 0.22179663181304932,
  "Rloads": [
    3.099950075149536,
    10.19690227508545,
    6.098723411560059
  ],
  "Vin": 48.00502395629883,
  "VF": 0.9973586201667786
}