{
  "theta_log": [
    1.9785807132720947,
    1.1326606273651123,
    0.4876747131347656,
    0.6680689454078674,
    0.8211924433708191,
    1.568363904953003,
    -0.01625632494688034,
    1.1314972639083862,
    2.320075273513794,
    1.8094267845153809
  ],
  "Sigma_log": [
    [
      0.0003538296732585877,
      0.00035857921466231346,
      -4.197914222459076e-06,
      6.166889647829521e-07,
      0.0003497704165056348,
      0.00017775545711629093,
      0.00895055290311575,
      5.0649489935494785e-08,
      -6.733490067745151e-07,
      -3.2643401937093586e-07
    ],
    [
      0.00035857947659678757,
      0.0021275088656693697,
      -1.4086967894400004e-05,
      -2.7708557581718196e-07,
      -0.0020507914014160633,
      0.00018022018775809556,
      0.006593580357730389,
      3.760135541597265e-06,
      -1.0170038876822218e-05,
      -1.5911869013507385e-06
    ],
    [
      -4.197878752165707e-06,
      -1.4086882401898038e-05,
      0.0011287331581115723,
      7.568085493403487e-06,
      -9.160769991467532e-07,
      -2.0825298179261154e-06,
      -8.140694262692705e-05,
      1.4400126929103862e-05,
      -1.608893580851145e-05,
      1.592483567947056e-05
    ],
    [
      6.166860089251713e-07,
      -2.7709509708984115e-07,
      7.568160526716383e-06,
      0.00017271169053856283,
      -3.611890178945032e-06,
      -5.737683395068416e-08,
      -3.0776491257711314e-06,
      -3.449621772233513e-06,
      -5.122458333062241e-06,
      -4.260486548446352e-06
    ],
    [
      0.00034976849565282464,
      -0.0020507925655692816,
      -9.160942795460869e-07,
      -3.6118910884397337e-06,
      0.00560483243316412,
      0.00022141636873129755,
      0.012225287966430187,
      -5.39626228146517e-07,
      3.7477775549632497e-07,
      -1.3862459127267357e-06
    ],
    [
      0.00017775545711629093,
      0.0001802200567908585,
      -2.082549144688528e-06,
      -5.737526365123813e-08,
      0.00022141730005387217,
      9.060839511221275e-05,
      0.004496433772146702,
      9.573155779207809e-08,
      -7.34375134925358e-07,
      -2.9542664492510085e-07
    ],
    [
      0.00895055290311575,
      0.006593574304133654,
      -8.14077866380103e-05,
      -3.077579094679095e-06,
      0.012225336395204067,
      0.004496434237807989,
      0.23078806698322296,
      -1.5514333426835947e-06,
      4.145227649132721e-06,
      -1.6403311065005255e-06
    ],
    [
      5.0649962446414065e-08,
      3.7601398616970982e-06,
      1.4400034160644282e-05,
      -3.4496229091018904e-06,
      -5.396292976911354e-07,
      9.57316572680611e-08,
      -1.5514249298576033e-06,
      9.16750832402613e-06,
      -1.1516583242610068e-07,
      3.0541798423655564e-07
    ],
    [
      -6.733524173796468e-07,
      -1.0170047062274534e-05,
      -1.6088937627500854e-05,
      -5.122456968820188e-06,
      3.7478147874026035e-07,
      -7.34376783384505e-07,
      4.1451457946095616e-06,
      -1.1516652165255437e-07,
      8.930159674491733e-05,
      -3.2309381836626017e-09
    ],
    [
      -3.2643589520375826e-07,
      -1.5911881519059534e-06,
      1.5924833860481158e-05,
      -4.2604870031937025e-06,
      -1.3862481864634901e-06,
      -2.9542749757638376e-07,
      -1.6403794234065572e-06,
      3.05419064261514e-07,
      -3.2308973274552955e-09,
      3.3098229323513806e-05
    ]
  ],
  "theta_phys": [
    0.0007232470670714974,
    0.3103903830051422,
    0.00016285250603687018,
    0.19504672288894653,
    0.22732087969779968,
    47.9879035949707,
    0.9838750958442688,
    3.100295066833496,
    10.176440238952637,
    6.106945991516113
  ],
  "Sigma_phys": [
    [
      1.8508347632284483e-10,
      8.049706679003066e-08,
      -4.944412392536568e-13,
      8.699443942994378e-11,
      5.750546350213881e-08,
      6.1693781390204094e-06,
      6.369077254930744e-06,
      1.1357030593739381e-10,
      -4.9559032433421635e-09,
      -1.4418038984942427e-09
    ],
    [
      8.049712363344952e-08,
      0.00020496886281762272,
      -7.120659617498859e-10,
      -1.6774933442320616e-08,
      -0.00014470018504653126,
      0.0026843769010156393,
      0.002013582969084382,
      3.6183848806103924e-06,
      -3.212378578609787e-05,
      -3.0161540962581057e-06
    ],
    [
      -4.944370650752927e-13,
      -7.120616318800899e-10,
      2.993506137416446e-11,
      2.403915122517475e-10,
      -3.3912966185267734e-11,
      -1.6274867675747373e-08,
      -1.3043552016256399e-08,
      7.270492208277801e-09,
      -2.666353005054134e-08,
      1.5837750666491957e-08
    ],
    [
      8.699402309630955e-11,
      -1.677551075829342e-08,
      2.4039389923125043e-10,
      6.570509867742658e-06,
      -1.6014467973946012e-07,
      -5.370404778659577e-07,
      -5.906058504479006e-07,
      -2.0859945379925193e-06,
      -1.0167471373279113e-05,
      -5.074834916740656e-06
    ],
    [
      5.7505147310621396e-08,
      -0.00014470027235802263,
      -3.3913604563506894e-11,
      -1.6014472237202426e-07,
      0.0002896284859161824,
      0.0024153543636202812,
      0.0027342510875314474,
      -3.803079664521647e-07,
      8.66979860347783e-07,
      -1.924436901390436e-06
    ],
    [
      6.16937859376776e-06,
      0.0026843748055398464,
      -1.6275018666078722e-08,
      -5.370257554204727e-07,
      0.0024153643753379583,
      0.20865654945373535,
      0.21229508519172668,
      1.4242621546145529e-05,
      -0.0003586291859392077,
      -8.657759462948889e-05
    ],
    [
      6.369076800183393e-06,
      0.002013581106439233,
      -1.3043687019376193e-08,
      -5.905923785576306e-07,
      0.002734262030571699,
      0.21229511499404907,
      0.22340521216392517,
      -4.7323419494205154e-06,
      4.150345193920657e-05,
      -9.855883945419919e-06
    ],
    [
      1.1357136758816111e-10,
      3.618389200710226e-06,
      7.270445134821557e-09,
      -2.0859952201135457e-06,
      -3.803101265020814e-07,
      1.4242636098060757e-05,
      -4.732316028821515e-06,
      8.811652514850721e-05,
      -3.633478399933665e-06,
      5.782580956292804e-06
    ],
    [
      -4.955928112337915e-09,
      -3.2123814889928326e-05,
      -2.666353360325502e-08,
      -1.0167468644795008e-05,
      8.669885005474498e-07,
      -0.00035863000084646046,
      4.150263703195378e-05,
      -3.633500000432832e-06,
      0.009248067624866962,
      -2.007930106628919e-07
    ],
    [
      -1.441812114144625e-09,
      -3.01615636999486e-06,
      1.5837748890135117e-08,
      -5.074835826235358e-06,
      -1.9244400846218923e-06,
      -8.657784201204777e-05,
      -9.856174074229784e-06,
      5.782601419923594e-06,
      -2.007904811307526e-07,
      0.0012343914713710546
    ]
  ],
  "param_names": [
    "L",
    "RL",
    "C",
    "RC",
    "Rdson",
    "Vin",
    "VF",
    "Rloads1",
    "Rloads2",
    "Rloads3"
  ]
}