{
  "theta_log": [
    -7.2317585945129395,
    -1.169924020767212,
    -8.72266674041748,
    -1.6345161199569702,
    -1.481391429901123,
    3.8709495067596436,
    -0.016234030947089195,
    1.1314973831176758,
    2.320075273513794,
    1.8094266653060913
  ],
  "Sigma_log": [
    [
      0.0003542850899975747,
      0.00035892403684556484,
      -4.201942374493228e-06,
      6.166745265545615e-07,
      0.00035038567148149014,
      0.00017798451881390065,
      0.008962087333202362,
      5.0584688437993464e-08,
      -6.732779525009391e-07,
      -3.26564446595512e-07
    ],
    [
      0.00035892592859454453,
      0.0021278471685945988,
      -1.4090292097534984e-05,
      -2.7701349836206646e-07,
      -0.0020504440180957317,
      0.0001803940540412441,
      0.006602253764867783,
      3.7601978419843363e-06,
      -1.0170298992306925e-05,
      -1.5913224160613026e-06
    ],
    [
      -4.201936008030316e-06,
      -1.4090216609474737e-05,
      0.0011287298984825611,
      7.5680750342144165e-06,
      -9.211718747792474e-07,
      -2.0845711787842447e-06,
      -8.150932262651622e-05,
      1.4400303371076006e-05,
      -1.60888066602638e-05,
      1.592451189935673e-05
    ],
    [
      6.166510502225719e-07,
      -2.7704302851816465e-07,
      7.568102773802821e-06,
      0.0001727116759866476,
      -3.6120679851592286e-06,
      -5.7395428854079e-08,
      -3.0786368370172568e-06,
      -3.4496179068810306e-06,
      -5.1224596973042935e-06,
      -4.2604874579410534e-06
    ],
    [
      0.000350384769262746,
      -0.0020504470448940992,
      -9.211537985720497e-07,
      -3.612052296375623e-06,
      0.005605869460850954,
      0.00022172729950398207,
      0.012241065502166748,
      -5.398636631070985e-07,
      3.7528718621615553e-07,
      -1.3863848380424315e-06
    ],
    [
      0.0001779845479177311,
      0.0001803931372705847,
      -2.0845757262577536e-06,
      -5.738354502682341e-08,
      0.00022172779426909983,
      9.07236390048638e-05,
      0.0045022377744317055,
      9.569902204020764e-08,
      -7.343399488490832e-07,
      -2.9549275382123597e-07
    ],
    [
      0.008962083607912064,
      0.006602201610803604,
      -8.150939538609236e-05,
      -3.0780422548559727e-06,
      0.012241082265973091,
      0.004502234514802694,
      0.23108018934726715,
      -1.5532219777014689e-06,
      4.1474249883322045e-06,
      -1.6436002852060483e-06
    ],
    [
      5.0593097711271184e-08,
      3.7602058000629768e-06,
      1.440022333554225e-05,
      -3.449619043749408e-06,
      -5.39854909220594e-07,
      9.570322134777598e-08,
      -1.5530005157415872e-06,
      9.167497410089709e-06,
      -1.1516794984345324e-07,
      3.0541650630766526e-07
    ],
    [
      -6.733145028192666e-07,
      -1.0170328096137382e-05,
      -1.60888066602638e-05,
      -5.122459242556943e-06,
      3.752338955109735e-07,
      -7.343584229602129e-07,
      4.146485480305273e-06,
      -1.1516863906990693e-07,
      8.930138574214652e-05,
      -3.2247804426788207e-09
    ],
    [
      -3.265728025780845e-07,
      -1.5913261677269475e-06,
      1.5924510080367327e-05,
      -4.260488367435755e-06,
      -1.3864004131391994e-06,
      -2.9549696023423166e-07,
      -1.643819700802851e-06,
      3.054178421280085e-07,
      -3.224711608851294e-09,
      3.3098131098086014e-05
    ]
  ],
  "theta_phys": [
    0.0007232478237710893,
    0.31039053201675415,
    0.00016285233141388744,
    0.19504672288894653,
    0.22732116281986237,
    47.98793029785156,
    0.9838970303535461,
    3.100295305252075,
    10.176440238952637,
    6.106945037841797
  ],
  "Sigma_phys": [
    [
      1.8532207712862458e-10,
      8.057459410792944e-08,
      -4.949156861243365e-13,
      8.699249653965069e-11,
      5.7606744263694054e-08,
      6.177338036650326e-06,
      6.377433692250634e-06,
      1.1342513039913626e-10,
      -4.9553849912342685e-09,
      -1.4423811034447453e-09
    ],
    [
      8.05750204335709e-08,
      0.00020500166283454746,
      -7.122335499154531e-10,
      -1.6770577815350407e-08,
      -0.00014467592700384557,
      0.0026869692374020815,
      0.0020162775181233883,
      3.6184469536237884e-06,
      -3.212462615920231e-05,
      -3.0164119380060583e-06
    ],
    [
      -4.949149271828157e-13,
      -7.122297751571693e-10,
      2.993491218794553e-11,
      2.4039092938465956e-10,
      -3.410158266881069e-11,
      -1.629081225473783e-08,
      -1.3060232006978367e-08,
      7.270573920692414e-09,
      -2.666328846601118e-08,
      1.5837409605978792e-08
    ],
    [
      8.698918668725852e-11,
      -1.6772366606687683e-08,
      2.4039181756307926e-10,
      6.570508958247956e-06,
      -1.6015276571579307e-07,
      -5.372148166316038e-07,
      -5.908085540795582e-07,
      -2.0859924916294403e-06,
      -1.0167474101763219e-05,
      -5.074835371488007e-06
    ],
    [
      5.7606595049719544e-08,
      -0.00014467613073065877,
      -3.4100913065548966e-11,
      -1.6015206938391202e-07,
      0.00028968279366381466,
      0.0024187504313886166,
      0.0027378443628549576,
      -3.8047579664635123e-07,
      8.681594181325636e-07,
      -1.924631760630291e-06
    ],
    [
      6.177339400892379e-06,
      0.0026869557332247496,
      -1.6290847781874618e-08,
      -5.371035740608932e-07,
      0.0024187557864934206,
      0.20892216265201569,
      0.21257397532463074,
      1.423779031028971e-05,
      -0.00035861218930222094,
      -8.659700688440353e-05
    ],
    [
      6.377431418513879e-06,
      0.00201626168563962,
      -1.3060243553297823e-08,
      -5.906944124944857e-07,
      0.0027378478553146124,
      0.2125738263130188,
      0.2236979603767395,
      -4.737903964269208e-06,
      4.152637848164886e-05,
      -9.875744581222534e-06
    ],
    [
      1.1344398337387318e-10,
      3.6184546843287535e-06,
      7.270533508574317e-09,
      -2.0859929463767912e-06,
      -3.8046962913540483e-07,
      1.4238414223655127e-05,
      -4.7372282097057905e-06,
      8.811643783701584e-05,
      -3.633545475167921e-06,
      5.7825523072096985e-06
    ],
    [
      -4.955654109295438e-09,
      -3.2124717108672485e-05,
      -2.666328846601118e-08,
      -1.0167474101763219e-05,
      8.680361816004734e-07,
      -0.000358621240593493,
      4.151697430643253e-05,
      -3.6335673030407634e-06,
      0.009248045273125172,
      -2.004103123454115e-07
    ],
    [
      -1.4424181848937678e-09,
      -3.0164192139636725e-06,
      1.5837406053265113e-08,
      -5.0748362809827086e-06,
      -1.924653361129458e-06,
      -8.659823652124032e-05,
      -9.877063348540105e-06,
      5.782577773061348e-06,
      -2.0040602066728752e-07,
      0.0012343875132501125
    ]
  ],
  "param_names": [
    "L",
    "RL",
    "C",
    "RC",
    "Rdson",
    "Vin",
    "VF",
    "Rloads1",
    "Rloads2",
    "Rloads3"
  ]
}