{
  "theta_log": [
    1.9810490608215332,
    1.1426420211791992,
    0.497856467962265,
    0.697094738483429,
    0.7966010570526123,
    1.1313859224319458,
    2.32208514213562,
    1.8080799579620361,
    1.5687203407287598,
    -0.002658141776919365
  ],
  "Sigma_log": [
    [
      1.457849703001557e-05,
      1.465723653382156e-05,
      -2.0033770908867155e-07,
      2.6356747895306398e-08,
      1.4566494428436272e-05,
      1.2945640115447077e-09,
      -2.756484107635515e-08,
      -1.3240573082384799e-08,
      7.325692877202528e-06,
      0.0003642180236056447
    ],
    [
      1.4657342944701668e-05,
      8.431850437773392e-05,
      -5.684082111656608e-07,
      -2.2227366613947197e-08,
      -8.355823229067028e-05,
      1.5449961665581213e-07,
      -4.210580186736479e-07,
      -6.402361663049305e-08,
      7.368567366938805e-06,
      0.0002687973319552839
    ],
    [
      -2.0033310477174382e-07,
      -5.684037205355708e-07,
      4.6408265916397795e-05,
      2.9091998499097826e-07,
      -1.5130719077660615e-07,
      5.960990847597714e-07,
      -5.372821760829538e-07,
      5.932279805165308e-07,
      -1.0061964417218405e-07,
      -4.051928044646047e-06
    ],
    [
      2.6356932636417696e-08,
      -2.2227174767408542e-08,
      2.9091961550875567e-07,
      6.5679628278303426e-06,
      -1.1659645338113478e-07,
      -1.367458395407084e-07,
      -1.9935964701289777e-07,
      -1.7172266097986721e-07,
      -1.220161749415638e-09,
      -6.320840384432813e-08
    ],
    [
      1.4566183381248266e-05,
      -8.355863974429667e-05,
      -1.5130962083276245e-07,
      -1.1659678733622059e-07,
      0.00023678617435507476,
      -2.4533859388498058e-08,
      1.8381017596880156e-08,
      -6.033985755493632e-08,
      9.203028639603872e-06,
      0.0005013622576370835
    ],
    [
      1.2943919269758908e-09,
      1.544993892821367e-07,
      5.960998237242165e-07,
      -1.3674586796241783e-07,
      -2.4534013931543086e-08,
      3.7541263964158134e-07,
      -3.264062797825318e-09,
      1.1913468433988328e-08,
      3.567794948367009e-09,
      -8.475740287394729e-08
    ],
    [
      -2.756410211190996e-08,
      -4.2105742181774986e-07,
      -5.372822329263727e-07,
      -1.9935961859118834e-07,
      1.8381761890395865e-08,
      -3.2640519176396765e-09,
      3.6596893551177345e-06,
      2.545670341191908e-09,
      -3.035771101167484e-08,
      1.8626315068104304e-07
    ],
    [
      -1.3240196494734846e-08,
      -6.402319741027895e-08,
      5.932280373599497e-07,
      -1.7172261834730307e-07,
      -6.033966570839766e-08,
      1.1913488862091981e-08,
      2.545669897102698e-09,
      1.3487405112755368e-06,
      -1.2138364979819016e-08,
      -6.169284461066127e-08
    ],
    [
      7.32568878447637e-06,
      7.368510978267295e-06,
      -1.0062191080351113e-07,
      -1.2202576726849657e-09,
      9.203180525219068e-06,
      3.5678737742017574e-09,
      -3.035808759932479e-08,
      -1.2138555938179252e-08,
      3.7337688354455167e-06,
      0.00018301495583727956
    ],
    [
      0.00036421793629415333,
      0.0002687945670913905,
      -4.052044914715225e-06,
      -6.321317158608508e-08,
      0.000501369999255985,
      -8.475351620518268e-08,
      1.862440512923058e-07,
      -6.170235167246574e-08,
      0.00018301501404494047,
      0.009270688518881798
    ]
  ],
  "theta_phys": [
    0.0007250345079228282,
    0.31350404024124146,
    0.00016451909323222935,
    0.20079107582569122,
    0.22179892659187317,
    3.099949836730957,
    10.196914672851562,
    6.098726272583008,
    48.00501251220703,
    0.9973453879356384
  ],
  "Sigma_phys": [
    [
      7.663552084591352e-12,
      3.3316081005096976e-09,
      -2.3896686631450295e-14,
      3.837027483938327e-12,
      2.342465332816346e-09,
      2.909623930680283e-12,
      -2.0379004039838833e-10,
      -5.854699364205018e-11,
      2.549728606027202e-07,
      2.633696283282916e-07
    ],
    [
      3.3316323033716344e-09,
      8.287226592074148e-06,
      -2.93170175635904e-11,
      -1.3991864333817716e-09,
      -5.810210041090613e-06,
      1.501499582445831e-07,
      -1.3460273748933105e-06,
      -1.2241156355230487e-07,
      0.00011089520558016375,
      8.404535037698224e-05
    ],
    [
      -2.3896137754100474e-14,
      -2.931678858009157e-11,
      1.2561107752898093e-12,
      9.610240554736027e-12,
      -5.521223235549488e-12,
      3.040110940766283e-10,
      -9.013376711664023e-10,
      5.952193737890354e-10,
      -7.946678870496271e-10,
      -6.648498973582662e-10
    ],
    [
      3.837054372152204e-12,
      -1.3991743319508032e-09,
      9.610228411671695e-12,
      2.6480094561520673e-07,
      -5.19265164200533e-09,
      -8.511639038033536e-08,
      -4.081787778886792e-07,
      -2.1028640162512602e-07,
      -1.1761112084229808e-08,
      -1.2657991987907735e-08
    ],
    [
      2.3424153727802377e-09,
      -5.810238690173719e-06,
      -5.521312140127632e-12,
      -5.192666741038465e-09,
      1.1648639883787837e-05,
      -1.686863626559898e-08,
      4.157169897212043e-08,
      -8.162118092513992e-08,
      9.798888640943915e-05,
      0.00011090641055488959
    ],
    [
      2.90923708734514e-12,
      1.5014974508176238e-07,
      3.040114548991113e-10,
      -8.511640459119008e-08,
      -1.6868742847009344e-08,
      3.607598500821041e-06,
      -1.0317677379134693e-07,
      2.252330091323529e-07,
      5.309346988724428e-07,
      -2.620462282720837e-07
    ],
    [
      -2.0378457254999205e-10,
      -1.3460254422170692e-06,
      -9.013377821887048e-10,
      -4.0817874946696975e-07,
      4.157338295840418e-08,
      -1.0317643983626112e-07,
      0.0003805237647611648,
      1.5831062682991615e-07,
      -1.4860191186016891e-05,
      1.8942675978905754e-06
    ],
    [
      -5.854532830751324e-11,
      -1.2241076774444082e-07,
      5.952194293001867e-10,
      -2.1028634478170716e-07,
      -8.162091802432769e-08,
      2.252333928254302e-07,
      1.5831061261906143e-07,
      5.016567956772633e-05,
      -3.5537420899345307e-06,
      -3.7524898743868107e-07
    ],
    [
      2.5497274691588245e-07,
      0.0001108943615690805,
      -7.946857616403236e-10,
      -1.1762037566143135e-08,
      9.79905016720295e-05,
      5.30946465460147e-07,
      -1.4860375813441351e-05,
      -3.553798251232365e-06,
      0.008604399859905243,
      0.008762313053011894
    ],
    [
      2.633695714848727e-07,
      8.404448453802615e-05,
      -6.648691042165922e-10,
      -1.2658945891530493e-08,
      0.00011090813495684415,
      -2.620342058889946e-07,
      1.8940731933980715e-06,
      -3.7530682561737194e-07,
      0.008762315846979618,
      0.009221533313393593
    ]
  ],
  "param_names": [
    "L",
    "RL",
    "C",
    "RC",
    "Rdson",
    "Rloads1",
    "Rloads2",
    "Rloads3",
    "Vin",
    "VF"
  ]
}