{
  "theta_log": [
    -7.2317585945129395,
    -1.169924020767212,
    -8.72266674041748,
    -1.6345161199569702,
    -1.481391429901123,
    1.1314973831176758,
    2.320075273513794,
    1.8094266653060913,
    3.8709495067596436,
    -0.016234030947089195
  ],
  "Sigma_log": [
    [
      0.00035428517730906606,
      0.0003589238040149212,
      -4.202001036901493e-06,
      6.166753792058444e-07,
      0.0003503848856780678,
      5.058345209363324e-08,
      -6.732801125508558e-07,
      -3.265654981987609e-07,
      0.00017798453336581588,
      0.008962089195847511
    ],
    [
      0.00035892604500986636,
      0.002127846935763955,
      -1.4090311196923722e-05,
      -2.7701292992787785e-07,
      -0.0020504447165876627,
      3.760196705115959e-06,
      -1.017030172079103e-05,
      -1.591323098182329e-06,
      0.00018039408314507455,
      0.006602255627512932
    ],
    [
      -4.201936917525018e-06,
      -1.4090213880990632e-05,
      0.0011287297820672393,
      7.568075488961767e-06,
      -9.211641440742824e-07,
      1.4400302461581305e-05,
      -1.60888066602638e-05,
      1.5924513718346134e-05,
      -2.0845711787842447e-06,
      -8.150935173034668e-05
    ],
    [
      6.166508796923154e-07,
      -2.770430569398741e-07,
      7.568135515612084e-06,
      0.0001727116759866476,
      -3.6120675304118777e-06,
      -3.449617679507355e-06,
      -5.122460606798995e-06,
      -4.260487912688404e-06,
      -5.739548214478418e-08,
      -3.078628651564941e-06
    ],
    [
      0.00035038491478189826,
      -0.0020504475105553865,
      -9.212487839249661e-07,
      -3.6120511595072458e-06,
      0.005605868063867092,
      -5.398653115662455e-07,
      3.7528496932281996e-07,
      -1.3863865433449973e-06,
      0.00022172735771164298,
      0.012241067364811897
    ],
    [
      5.059338192836549e-08,
      3.7602046631945996e-06,
      1.4400143300008494e-05,
      -3.449619043749408e-06,
      -5.398572398007673e-07,
      9.167497410089709e-06,
      -1.1516790010546174e-07,
      3.054161652471521e-07,
      9.57032852966222e-08,
      -1.5530094970017672e-06
    ],
    [
      -6.733145596626855e-07,
      -1.017032718664268e-05,
      -1.6088808479253203e-05,
      -5.122459242556943e-06,
      3.7523903984038043e-07,
      -1.1516863196447957e-07,
      8.930138574214652e-05,
      -3.2247744474744877e-09,
      -7.343585366470506e-07,
      4.146488208789378e-06
    ],
    [
      -3.2657294468663167e-07,
      -1.5913255992927589e-06,
      1.5924510080367327e-05,
      -4.2604874579410534e-06,
      -1.3864004131391994e-06,
      3.054178421280085e-07,
      -3.2247247094829845e-09,
      3.309813473606482e-05,
      -2.9549693181252223e-07,
      -1.6438243619631976e-06
    ],
    [
      0.00017798460612539202,
      0.00018039302085526288,
      -2.0846043753408594e-06,
      -5.738314712289139e-08,
      0.0002217274159193039,
      9.569838965717281e-08,
      -7.343410288740415e-07,
      -2.954932654120057e-07,
      9.072364628082141e-05,
      0.004502237308770418
    ],
    [
      0.008962086401879787,
      0.006602195557206869,
      -8.151098154485226e-05,
      -3.078019290114753e-06,
      0.01224106177687645,
      -1.5532530142081669e-06,
      4.147370418650098e-06,
      -1.643627797420777e-06,
      0.004502235446125269,
      0.23108023405075073
    ]
  ],
  "theta_phys": [
    0.0007232478237710893,
    0.31039053201675415,
    0.00016285233141388744,
    0.19504672288894653,
    0.22732116281986237,
    3.100295305252075,
    10.176440238952637,
    6.106945037841797,
    47.98793029785156,
    0.9838970303535461
  ],
  "Sigma_phys": [
    [
      1.85322118761988e-10,
      8.057454436993794e-08,
      -4.949225708081317e-13,
      8.699261450084705e-11,
      5.760661281328794e-08,
      1.134223548415747e-10,
      -4.955400978445823e-09,
      -1.4423858774037512e-09,
      6.177338491397677e-06,
      6.377435056492686e-06
    ],
    [
      8.057504885528033e-08,
      0.00020500161917880177,
      -7.12234493605024e-10,
      -1.6770545840927298e-08,
      -0.00014467597065959126,
      3.6184458167554112e-06,
      -3.212463343515992e-05,
      -3.016413302248111e-06,
      0.002686969703063369,
      0.0020162779837846756
    ],
    [
      -4.94915035603033e-13,
      -7.122296641348669e-10,
      2.9934908718498576e-11,
      2.4039095714023517e-10,
      -3.410129470471368e-11,
      7.270573032513994e-09,
      -2.666328846601118e-08,
      1.583741138233563e-08,
      -1.629081225473783e-08,
      -1.3060237336048885e-08
    ],
    [
      8.698915893168291e-11,
      -1.6772368383044522e-08,
      2.4039284451937704e-10,
      6.570508958247956e-06,
      -1.6015275150493835e-07,
      -2.085992264255765e-06,
      -1.0167475920752622e-05,
      -5.0748362809827086e-06,
      -5.372153282223735e-07,
      -5.908069624638301e-07
    ],
    [
      5.7606623471428975e-08,
      -0.00014467617438640445,
      -3.4104427615311295e-11,
      -1.6015202675134788e-07,
      0.00028968273545615375,
      -3.804769619364379e-07,
      8.681543022248661e-07,
      -1.924634261740721e-06,
      0.002418750897049904,
      0.0027378445956856012
    ],
    [
      1.1344462175211234e-10,
      3.6184535474603763e-06,
      7.270493096456221e-09,
      -2.0859929463767912e-06,
      -3.8047124917284236e-07,
      8.811643783701584e-05,
      -3.6335436561785173e-06,
      5.782545940746786e-06,
      1.4238423318602145e-05,
      -4.737255494546844e-06
    ],
    [
      -4.9556545533846474e-09,
      -3.212471347069368e-05,
      -2.666329024236802e-08,
      -1.0167474101763219e-05,
      8.680480618750153e-07,
      -3.6335668482934125e-06,
      0.009248045273125172,
      -2.0040994286318892e-07,
      -0.00035862126969732344,
      4.151700341026299e-05
    ],
    [
      -1.4424186289829777e-09,
      -3.0164180770952953e-06,
      1.5837406053265113e-08,
      -5.074835371488007e-06,
      -1.924653361129458e-06,
      5.782577773061348e-06,
      -2.004068306860063e-07,
      0.0012343876296654344,
      -8.659822924528271e-05,
      -9.87709154287586e-06
    ],
    [
      6.177341219881782e-06,
      0.002686954103410244,
      -1.6291071602836382e-08,
      -5.370998792386672e-07,
      0.002418751595541835,
      1.4237695722840726e-05,
      -0.0003586127422749996,
      -8.659715240355581e-05,
      0.20892217755317688,
      0.21257396042346954
    ],
    [
      6.377433237503283e-06,
      0.0020162598229944706,
      -1.3060498460504277e-08,
      -5.906900355512334e-07,
      0.002737843431532383,
      -4.737998551718192e-06,
      4.15258327848278e-05,
      -9.875910109258257e-06,
      0.21257387101650238,
      0.22369800508022308
    ]
  ],
  "param_names": [
    "L",
    "RL",
    "C",
    "RC",
    "Rdson",
    "Rloads1",
    "Rloads2",
    "Rloads3",
    "Vin",
    "VF"
  ],
  "param_units": {
    "L": "H",
    "RL": "\u03a9",
    "C": "F",
    "RC": "\u03a9",
    "Rdson": "\u03a9",
    "Rloads1": "\u03a9",
    "Rloads2": "\u03a9",
    "Rloads3": "\u03a9",
    "Vin": "V",
    "VF": "V"
  }
}