{
  "theta_log": [
    -7.2333502769470215,
    -1.1743407249450684,
    -8.762365341186523,
    -1.6646589040756226,
    -1.4550968408584595,
    1.1311461925506592,
    2.3179657459259033,
    1.809862732887268,
    3.8712589740753174,
    -0.021292829886078835
  ],
  "Sigma_log": [
    [
      0.0013927395921200514,
      0.0014177629491314292,
      -8.52667562867282e-06,
      1.3905508922107401e-06,
      0.0013698199763894081,
      3.8261435975073255e-07,
      -2.7435648917162325e-06,
      -1.1717456800397485e-06,
      0.0006998901371844113,
      0.035394586622714996
    ],
    [
      0.001417765044607222,
      0.008540958166122437,
      -4.9535541620571166e-05,
      -7.53143126530631e-07,
      -0.00799066387116909,
      1.4434400327445474e-05,
      -3.859723801724613e-05,
      -6.059451152395923e-06,
      0.0007127653807401657,
      0.026058578863739967
    ],
    [
      -8.526233614247758e-06,
      -4.953518509864807e-05,
      0.0041397190652787685,
      2.9920789529569447e-05,
      1.055664415616775e-05,
      5.052669803262688e-05,
      -6.858904816908762e-05,
      6.0684960772050545e-05,
      -4.1145131035591476e-06,
      -0.00011662597535178065
    ],
    [
      1.3904756315241684e-06,
      -7.531796200055396e-07,
      2.992085319419857e-05,
      0.000729184306692332,
      -1.8351778635405935e-05,
      -1.3514604688680265e-05,
      -2.0404042516020127e-05,
      -1.6446101653855294e-05,
      -8.134984454954974e-07,
      -4.2656625737436116e-05
    ],
    [
      0.001369836158119142,
      -0.00799065176397562,
      1.0555948392720893e-05,
      -1.8351634935243055e-05,
      0.021249044686555862,
      -1.6796029740362428e-06,
      8.947392871050397e-07,
      -4.963303126714891e-06,
      0.000865902635268867,
      0.047998592257499695
    ],
    [
      3.8263968349383504e-07,
      1.4434404874918982e-05,
      5.052667984273285e-05,
      -1.3514600141206756e-05,
      -1.6795663668744965e-06,
      3.37374112859834e-05,
      -5.044468593951024e-07,
      1.1072271490775165e-06,
      4.5877504817326553e-07,
      -1.005915692076087e-06
    ],
    [
      -2.7436681193648838e-06,
      -3.859733260469511e-05,
      -6.858904816908762e-05,
      -2.0404042516020127e-05,
      8.946659022512904e-07,
      -5.044466888648458e-07,
      0.00032873431337065995,
      -1.9679470142364153e-07,
      -2.876255166484043e-06,
      1.0266579920426011e-05
    ],
    [
      -1.1717609140760032e-06,
      -6.059467523300555e-06,
      6.068496441002935e-05,
      -1.6446101653855294e-05,
      -4.96329766974668e-06,
      1.1072274901380297e-06,
      -1.967945735259491e-07,
      0.00012229543062858284,
      -1.0853909770958126e-06,
      -4.496170731727034e-06
    ],
    [
      0.0006998902535997331,
      0.0007127646822482347,
      -4.1147377487504855e-06,
      -8.134605877785361e-07,
      0.0008658947190269828,
      4.5876274157308217e-07,
      -2.876203325286042e-06,
      -1.0853837011381984e-06,
      0.00035692917299456894,
      0.017786357551813126
    ],
    [
      0.0353945828974247,
      0.026058517396450043,
      -0.00011663741315715015,
      -4.2654635763028637e-05,
      0.04799817502498627,
      -1.0065957667393377e-06,
      1.0269241101923399e-05,
      -4.495782377489377e-06,
      0.017786351963877678,
      0.9171183109283447
    ]
  ],
  "theta_phys": [
    0.0007220975821837783,
    0.3090226352214813,
    0.00015651396824978292,
    0.18925520777702332,
    0.23337775468826294,
    3.0992066860198975,
    10.154995918273926,
    6.1096086502075195,
    48.00278091430664,
    0.97893226146698
  ],
  "Sigma_phys": [
    [
      7.26209148371737e-10,
      3.1636599828743783e-07,
      -9.636708748692047e-13,
      1.9003369711168006e-10,
      2.3084413669494097e-07,
      8.562640596565529e-10,
      -2.0118280374958886e-08,
      -5.169429773133061e-09,
      2.4260076315840706e-05,
      2.501988819858525e-05
    ],
    [
      3.1636648145649815e-07,
      0.0008156186668202281,
      -2.3958537376245204e-09,
      -4.40469314355596e-08,
      -0.0005762787768617272,
      1.3824185771227349e-05,
      -0.00012112290278309956,
      -1.1440288290032186e-05,
      0.010573123581707478,
      0.007883039303123951
    ],
    [
      -9.63620893149053e-13,
      -2.395836640189941e-09,
      1.0140913109246696e-10,
      8.862862110881053e-10,
      3.8560124537845297e-10,
      2.450894065475495e-08,
      -1.0901534608365182e-07,
      5.8029332450360016e-08,
      -3.091277278599591e-08,
      -1.7869032475914537e-08
    ],
    [
      1.9002341367091447e-10,
      -4.404906661648056e-08,
      8.862880984672472e-10,
      2.6117582820006646e-05,
      -8.105605502350954e-07,
      -7.926870239316486e-06,
      -3.921423922292888e-05,
      -1.9016219084733166e-05,
      -7.390451628452865e-06,
      -7.902908691903576e-06
    ],
    [
      2.3084685096819157e-07,
      -0.0005762779037468135,
      3.8557584902676467e-10,
      -8.10554183772183e-07,
      0.0011573329102247953,
      -1.2148332189099165e-06,
      2.1204875793046085e-06,
      -7.07690924173221e-06,
      0.009700518101453781,
      0.010965807363390923
    ],
    [
      8.563206810308088e-10,
      1.3824190318700857e-05,
      2.4508931772970755e-08,
      -7.926866601337679e-06,
      -1.2148066161898896e-06,
      0.00032405060483142734,
      -1.5876170436968096e-05,
      2.0965278963558376e-05,
      6.8252207711339e-05,
      -3.0518610856233863e-06
    ],
    [
      -2.011903887932931e-08,
      -0.00012112320109736174,
      -1.0901533897822446e-07,
      -3.921424286090769e-05,
      2.120313411069219e-06,
      -1.587616316101048e-05,
      0.03390037640929222,
      -1.2209743545099627e-05,
      -0.0014020823873579502,
      0.0001020606214297004
    ],
    [
      -5.169497274692958e-09,
      -1.1440319212852046e-05,
      5.8029336003073695e-08,
      -1.901622090372257e-05,
      -7.076901965774596e-06,
      2.096528623951599e-05,
      -1.2209735359647311e-05,
      0.004564960487186909,
      -0.0003183215158060193,
      -2.6891115339822136e-05
    ],
    [
      2.4260081772808917e-05,
      0.010573112405836582,
      -3.091446032499334e-08,
      -7.390107384708244e-06,
      0.009700429625809193,
      6.825038144597784e-05,
      -0.0014020572416484356,
      -0.00031831939122639596,
      0.8224601149559021,
      0.8358070850372314
    ],
    [
      2.5019886379595846e-05,
      0.007883019745349884,
      -1.7870783963758186e-08,
      -7.902540346549358e-06,
      0.010965712368488312,
      -3.0539245017280336e-06,
      0.00010208706953562796,
      -2.6888792490353808e-05,
      0.8358068466186523,
      0.8788821697235107
    ]
  ],
  "param_names": [
    "L",
    "RL",
    "C",
    "RC",
    "Rdson",
    "Rloads1",
    "Rloads2",
    "Rloads3",
    "Vin",
    "VF"
  ],
  "param_units": {
    "L": "H",
    "RL": "\u03a9",
    "C": "F",
    "RC": "\u03a9",
    "Rdson": "\u03a9",
    "Rloads1": "\u03a9",
    "Rloads2": "\u03a9",
    "Rloads3": "\u03a9",
    "Vin": "V",
    "VF": "V"
  }
}