{
  "theta_log": [
    1.978580117225647,
    1.1326602697372437,
    0.48767486214637756,
    0.6680689454078674,
    0.8211910724639893,
    1.1314971446990967,
    2.320075035095215,
    1.8094266653060913,
    1.5683633089065552,
    -0.016273226588964462
  ],
  "Sigma_log": [
    [
      0.00035398901673033834,
      0.0003586920502129942,
      -4.199160684947856e-06,
      6.168162371977814e-07,
      0.00034998467890545726,
      5.061939134520799e-08,
      -6.731288522132672e-07,
      -3.26407416650909e-07,
      0.00017783518705982715,
      0.00895481463521719
    ],
    [
      0.00035869714338332415,
      0.0021273500751703978,
      -1.4087161616771482e-05,
      -2.771561753434071e-07,
      -0.0020501886028796434,
      3.759880655707093e-06,
      -1.0169248525926378e-05,
      -1.5911419950498384e-06,
      0.00018028174235951155,
      0.006597067229449749
    ],
    [
      -4.1990779209299944e-06,
      -1.408699608873576e-05,
      0.0011287331581115723,
      7.568185537820682e-06,
      -9.188109402202826e-07,
      1.4399724022950977e-05,
      -1.6089526980067603e-05,
      1.592437365616206e-05,
      -2.083131903418689e-06,
      -8.144039748003706e-05
    ],
    [
      6.168238542159088e-07,
      -2.7714884254237404e-07,
      7.568198725493858e-06,
      0.00017271180695388466,
      -3.6113153782935115e-06,
      -3.4496208627388114e-06,
      -5.122445600136416e-06,
      -4.2604792724887375e-06,
      -5.7303452649648534e-08,
      -3.073957486776635e-06
    ],
    [
      0.00034997958573512733,
      -0.002050199080258608,
      -9.188597118736652e-07,
      -3.6113272017246345e-06,
      0.005604259204119444,
      -5.393258106778376e-07,
      3.742033243270271e-07,
      -1.3861803154213703e-06,
      0.000221516122110188,
      0.01223031710833311
    ],
    [
      5.063151675699373e-08,
      3.7598917970171897e-06,
      1.4399691281141713e-05,
      -3.4496219996071886e-06,
      -5.393123387875676e-07,
      9.167494681605604e-06,
      -1.1516671349909302e-07,
      3.054062460705609e-07,
      9.572295311954804e-08,
      -1.5516197890974581e-06
    ],
    [
      -6.731716553076694e-07,
      -1.0169283996219747e-05,
      -1.6089526980067603e-05,
      -5.122445600136416e-06,
      3.7414747566799633e-07,
      -1.1516760878294008e-07,
      8.930155308917165e-05,
      -3.2340869982050435e-09,
      -7.342866865656106e-07,
      4.148962034378201e-06
    ],
    [
      -3.264150052473269e-07,
      -1.5911475657048868e-06,
      1.592437365616206e-05,
      -4.2604792724887375e-06,
      -1.3861900924894144e-06,
      3.054072976738098e-07,
      -3.234061685120082e-09,
      3.309821113361977e-05,
      -2.954156457235513e-07,
      -1.6399208107031882e-06
    ],
    [
      0.00017783520161174238,
      0.0001802791957743466,
      -2.0831751044170232e-06,
      -5.730737484554993e-08,
      0.0002215187414549291,
      9.571692771714879e-08,
      -7.34264858692768e-07,
      -2.954117519493593e-07,
      9.064824553206563e-05,
      0.004498562775552273
    ],
    [
      0.008954807184636593,
      0.0065969303250312805,
      -8.144236198859289e-05,
      -3.07414984490606e-06,
      0.01223043818026781,
      -1.551915488562372e-06,
      4.150071617914364e-06,
      -1.639720380808285e-06,
      0.004498559515923262,
      0.23090124130249023
    ]
  ],
  "theta_phys": [
    0.000723246659617871,
    0.31039029359817505,
    0.0001628525205887854,
    0.19504672288894653,
    0.2273205816745758,
    3.100294589996338,
    10.176438331604004,
    6.106945037841797,
    47.987876892089844,
    0.9838584661483765
  ],
  "Sigma_phys": [
    [
      1.8516660427181364e-10,
      8.052232658428693e-08,
      -4.945878233873768e-13,
      8.701234871510977e-11,
      5.7540578524140074e-08,
      1.1350272804966366e-10,
      -4.954278765012532e-09,
      -1.4416853266752128e-09,
      6.172138910187641e-06,
      6.371998551912839e-06
    ],
    [
      8.05234705580915e-08,
      0.00020495345233939588,
      -7.120756206902001e-10,
      -1.6779203804162535e-08,
      -0.0001446574169676751,
      3.618137952798861e-06,
      -3.2121275580720976e-05,
      -3.016067466887762e-06,
      0.002685291226953268,
      0.0020146132446825504
    ],
    [
      -4.945780655678245e-13,
      -7.120672940175155e-10,
      2.9935068313058366e-11,
      2.403947041429433e-10,
      -3.40141352583867e-11,
      7.27028792724127e-09,
      -2.666450704680301e-08,
      1.5837290590070552e-08,
      -1.6279564363230747e-08,
      -1.3048692792949623e-08
    ],
    [
      8.701341730477097e-11,
      -1.6778759714952685e-08,
      2.403951204765775e-10,
      6.570513960468816e-06,
      -1.6011898651413503e-07,
      -2.0859936284978176e-06,
      -1.016744408843806e-05,
      -5.074825821793638e-06,
      -5.363533546187682e-07,
      -5.898874633203377e-07
    ],
    [
      5.7539740083711877e-08,
      -0.00014465815911535174,
      -3.4015935901354766e-11,
      -1.601195123157595e-07,
      0.000289598130621016,
      -3.80095684704429e-07,
      8.6564972434644e-07,
      -1.924342996062478e-06,
      0.0024164379574358463,
      0.0027353260666131973
    ],
    [
      1.1352992157487307e-10,
      3.618149094108958e-06,
      7.270271495940506e-09,
      -2.085994310618844e-06,
      -3.800861634317698e-07,
      8.811637235339731e-05,
      -3.6335047752800165e-06,
      5.782356765848817e-06,
      1.4241330973163713e-05,
      -4.732829893328017e-06
    ],
    [
      -4.954593624262316e-09,
      -3.2121388358063996e-05,
      -2.666450704680301e-08,
      -1.0167444997932762e-05,
      8.655205192553694e-07,
      -3.6335329696157714e-06,
      0.009248060174286366,
      -2.0098863728890137e-07,
      -0.0003585857048165053,
      4.154013731749728e-05
    ],
    [
      -1.441718744388254e-09,
      -3.0160781534505077e-06,
      1.5837290590070552e-08,
      -5.074825821793638e-06,
      -1.9243566384830046e-06,
      5.782376774732256e-06,
      -2.009870740948827e-07,
      0.0012343904236331582,
      -8.657431317260489e-05,
      -9.853250048763584e-06
    ],
    [
      6.172139364934992e-06,
      0.0026852532755583525,
      -1.6279903647387073e-08,
      -5.363900186239334e-07,
      0.002416466362774372,
      1.4240434211387765e-05,
      -0.00035857505281455815,
      -8.657317084725946e-05,
      0.20874807238578796,
      0.2123918980360031
    ],
    [
      6.371993549691979e-06,
      0.0020145713351666927,
      -1.3049007208110197e-08,
      -5.899243546991784e-07,
      0.002735353074967861,
      -4.7337316573248245e-06,
      4.1551244066795334e-05,
      -9.852046787273139e-06,
      0.21239173412322998,
      0.22350721061229706
    ]
  ],
  "param_names": [
    "L",
    "RL",
    "C",
    "RC",
    "Rdson",
    "Rloads1",
    "Rloads2",
    "Rloads3",
    "Vin",
    "VF"
  ]
}