{
  "theta_log": [
    -7.229290008544922,
    -1.1599335670471191,
    -8.712485313415527,
    -1.6054913997650146,
    -1.5059939622879028,
    3.8713059425354004,
    -0.002637882251292467,
    1.1313860416412354,
    2.322082281112671,
    1.8080796003341675
  ],
  "Sigma_log": [
    [
      1.4576790817955043e-05,
      1.4655061931989621e-05,
      -2.0030937264436943e-07,
      2.6355788662613122e-08,
      1.4565561286872253e-05,
      7.3248402259196155e-06,
      0.000364169041858986,
      1.2943957017341745e-09,
      -2.7556147585983126e-08,
      -1.3237375640073878e-08
    ],
    [
      1.4655152881459799e-05,
      8.43073648866266e-05,
      -5.683363042408018e-07,
      -2.2229770024750906e-08,
      -8.354625606443733e-05,
      7.367546459136065e-06,
      0.000268749165115878,
      1.5448965484665678e-07,
      -4.2101936514882254e-07,
      -6.401813834600034e-08
    ],
    [
      -2.0030225300615712e-07,
      -5.683314157067798e-07,
      4.6408102207351476e-05,
      2.9092987574586004e-07,
      -1.513218279569628e-07,
      -1.0060394117772375e-07,
      -4.051146333949873e-06,
      5.961005626886617e-07,
      -5.375489990910864e-07,
      5.931934197178634e-07
    ],
    [
      2.6355097659802595e-08,
      -2.223002404377894e-08,
      2.909284546603885e-07,
      6.567985110450536e-06,
      -1.1659125931373637e-07,
      -1.2209331323731476e-09,
      -6.325527834860623e-08,
      -1.3674544163677638e-07,
      -1.9936085493554856e-07,
      -1.7172253308217478e-07
    ],
    [
      1.4565376659447793e-05,
      -8.354652527486905e-05,
      -1.5132964392705617e-07,
      -1.1658963927629884e-07,
      0.00023676446289755404,
      9.202485671266913e-06,
      0.0005013155750930309,
      -2.4521094488250128e-08,
      1.8355278186277246e-08,
      -6.03382517283535e-08
    ],
    [
      7.324839316424914e-06,
      7.367499620158924e-06,
      -1.0060749389140256e-07,
      -1.220579193272897e-09,
      9.202578439726494e-06,
      3.7333429645514116e-06,
      0.00018299042130820453,
      3.567818929184341e-09,
      -3.035370710335883e-08,
      -1.2136927018957522e-08
    ],
    [
      0.00036416895454749465,
      0.00026874677860178053,
      -4.051326868648175e-06,
      -6.323696055687833e-08,
      0.0005013201152905822,
      0.00018299042130820453,
      0.009269285015761852,
      -8.474442125816495e-08,
      1.864164289600012e-07,
      -6.162441223978021e-08
    ],
    [
      1.2947124483631e-09,
      1.5448991064204165e-07,
      5.961053943792649e-07,
      -1.367454558476311e-07,
      -2.4520634411828723e-08,
      3.567975692675418e-09,
      -8.473594448332733e-08,
      3.7541164488175127e-07,
      -3.2675406824722586e-09,
      1.1913101616300992e-08
    ],
    [
      -2.755649042285313e-08,
      -4.2101976305275457e-07,
      -5.375490559345053e-07,
      -1.9936082651383913e-07,
      1.8354844755208433e-08,
      -3.035387408090173e-08,
      1.864080871882834e-07,
      -3.2675062655584952e-09,
      3.659654112198041e-06,
      2.5425461736006127e-09
    ],
    [
      -1.3237108298369549e-08,
      -6.401797492117112e-08,
      5.931935334047012e-07,
      -1.7172250466046535e-07,
      -6.033786803527619e-08,
      -1.2136791127659308e-08,
      -6.161756971323484e-08,
      1.1913070530056302e-08,
      2.5425468397344275e-09,
      1.348734713246813e-06
    ]
  ],
  "theta_phys": [
    0.0007250354392454028,
    0.3135070204734802,
    0.0001645188604015857,
    0.2007908672094345,
    0.22179672122001648,
    48.005035400390625,
    0.9973655939102173,
    3.099950075149536,
    10.196885108947754,
    6.098724365234375
  ],
  "Sigma_phys": [
    [
      7.662674314512508e-12,
      3.3311498004451323e-09,
      -2.389330358185896e-14,
      3.8368887060602486e-12,
      2.3422950246043683e-09,
      2.549436430854257e-07,
      2.633398992202274e-07,
      2.9092498809307754e-12,
      -2.0372543929614295e-10,
      -5.853291462631915e-11
    ],
    [
      3.3311706726379953e-09,
      8.28628890303662e-06,
      -2.931354464719149e-11,
      -1.3993494141217866e-09,
      -5.809374670207035e-06,
      0.00011088095197919756,
      8.403279207414016e-05,
      1.5014171594884829e-07,
      -1.3459125511872116e-06,
      -1.2240222702075698e-07
    ],
    [
      -2.3892453160779918e-14,
      -2.931329484701095e-11,
      1.2561028606139502e-12,
      9.610544131344323e-12,
      -5.521694646654085e-12,
      -7.945431534928105e-10,
      -6.64734156607949e-10,
      3.040114548991113e-10,
      -9.01781427309345e-10,
      5.951836801187937e-10
    ],
    [
      3.836788092098642e-12,
      -1.3993655123556437e-09,
      9.610496426448734e-12,
      2.648012866757199e-07,
      -5.192362984018928e-09,
      -1.17685416967106e-08,
      -1.2667622506512544e-08,
      -8.511606353067691e-08,
      -4.081796589616715e-07,
      -2.1028594687777513e-07
    ],
    [
      2.3422652706273084e-09,
      -5.809393314848421e-06,
      -5.521980008665883e-12,
      -5.192291041566932e-09,
      1.1647340215859003e-05,
      9.798217797651887e-05,
      0.00011089722829638049,
      -1.685969408526944e-08,
      4.1512951298727785e-08,
      -8.16181682239403e-08
    ],
    [
      2.549436146637163e-07,
      0.00011088024621130899,
      -7.945712421353335e-10,
      -1.1765129315222111e-08,
      9.798316023079678e-05,
      0.00860342662781477,
      0.008761320263147354,
      5.309385642249254e-07,
      -1.48581948451465e-05,
      -3.5533219033823116e-06
    ],
    [
      2.633398139550991e-07,
      8.40320426505059e-05,
      -6.647637995627065e-10,
      -1.2663953441460762e-08,
      0.00011089823965448886,
      0.00876131933182478,
      0.009220510721206665,
      -2.6201141167803144e-07,
      1.895859213618678e-06,
      -3.7484019799194357e-07
    ],
    [
      2.9099617680772294e-12,
      1.5014197174423316e-07,
      3.040138973897655e-10,
      -8.511607063610427e-08,
      -1.6859376117395186e-08,
      5.309619268700771e-07,
      -2.6198517844022717e-07,
      3.6075896332476987e-06,
      -1.0328642474632943e-07,
      2.25226017391833e-07
    ],
    [
      -2.0372797893131178e-10,
      -1.3459139154292643e-06,
      -9.017814828204962e-10,
      -4.0817960211825266e-07,
      4.1511970749752436e-08,
      -1.4858277609164361e-05,
      1.8957744032377377e-06,
      -1.0328533051051636e-07,
      0.000380517914891243,
      1.5811583864433487e-07
    ],
    [
      -5.853173501435549e-11,
      -1.2240191438195325e-07,
      5.951837911410962e-10,
      -2.102859184560657e-07,
      -8.16176495277432e-08,
      -3.5532818856154336e-06,
      -3.7479858860933746e-07,
      2.252254347467897e-07,
      1.5811589548775373e-07,
      5.016542854718864e-05
    ]
  ],
  "param_names": [
    "L",
    "RL",
    "C",
    "RC",
    "Rdson",
    "Vin",
    "VF",
    "Rloads1",
    "Rloads2",
    "Rloads3"
  ]
}