{
  "theta_log": [
    1.98104989528656,
    1.1426494121551514,
    0.497855007648468,
    0.6970939040184021,
    0.7965906858444214,
    1.5687205791473389,
    -0.0026448743883520365,
    1.1313860416412354,
    2.3220839500427246,
    1.808079481124878
  ],
  "Sigma_log": [
    [
      1.4569122868124396e-05,
      1.4650152479589451e-05,
      -2.0022338276248774e-07,
      2.6362732441498338e-08,
      1.4553579603671096e-05,
      7.320977601921186e-06,
      0.0003639751230366528,
      1.2965941653675372e-09,
      -2.7564734494944787e-08,
      -1.3236728158005917e-08
    ],
    [
      1.465018794988282e-05,
      8.43070083647035e-05,
      -5.682957748831541e-07,
      -2.2222481632638846e-08,
      -8.355917816516012e-05,
      7.365014425886329e-06,
      0.0002686199441086501,
      1.544936054642676e-07,
      -4.210354802580696e-07,
      -6.401823071655599e-08
    ],
    [
      -2.0022385172069335e-07,
      -5.682956611963164e-07,
      4.640808401745744e-05,
      2.9092518616380403e-07,
      -1.511835705514386e-07,
      -1.0056457711016265e-07,
      -4.049141807627166e-06,
      5.961015858702012e-07,
      -5.373962608246075e-07,
      5.931789246460539e-07
    ],
    [
      2.6363032645804196e-08,
      -2.2222421236506307e-08,
      2.9092453246448713e-07,
      6.567979653482325e-06,
      -1.1658494969424282e-07,
      -1.2169830698738338e-09,
      -6.305437239007006e-08,
      -1.3674552690190467e-07,
      -1.9935998807341093e-07,
      -1.717225615038842e-07
    ],
    [
      1.4553520486515481e-05,
      -8.35592727526091e-05,
      -1.511822489419501e-07,
      -1.165856744478333e-07,
      0.0002367558190599084,
      9.196577593684196e-06,
      0.0005010224413126707,
      -2.452162206623143e-08,
      1.8355391873114968e-08,
      -6.033644694980467e-08
    ],
    [
      7.320977147173835e-06,
      7.364996690739645e-06,
      -1.0056432842020513e-07,
      -1.2171442742570093e-09,
      9.196606697514653e-06,
      3.73139801013167e-06,
      0.00018289280706085265,
      3.568908502060708e-09,
      -3.0358012992337535e-08,
      -1.2136593063871715e-08
    ],
    [
      0.00036397503572516143,
      0.00026861904188990593,
      -4.049128165206639e-06,
      -6.306282074319824e-08,
      0.0005010238382965326,
      0.0001828927779570222,
      0.009264386259019375,
      -8.469179846315456e-08,
      1.8621419428654917e-07,
      -6.160787791031908e-08
    ],
    [
      1.2965544193832557e-09,
      1.544935059882846e-07,
      5.961019269307144e-07,
      -1.3674548426934052e-07,
      -2.4521490615825314e-08,
      3.568882078752722e-09,
      -8.469320533777136e-08,
      3.7541173014687956e-07,
      -3.2655835813244494e-09,
      1.1912902664334979e-08
    ],
    [
      -2.756472206044691e-08,
      -4.2103533814952243e-07,
      -5.373962039811886e-07,
      -1.9935997386255622e-07,
      1.8355216013787867e-08,
      -3.0358009439623856e-08,
      1.8621425112996803e-07,
      -3.2655622650423766e-09,
      3.659669573607971e-06,
      2.5446795781647324e-09
    ],
    [
      -1.3236921780901412e-08,
      -6.401840124681257e-08,
      5.931789246460539e-07,
      -1.717225472930295e-07,
      -6.033670274518954e-08,
      -1.2136690763497882e-08,
      -6.161277354976846e-08,
      1.191290177615656e-08,
      2.544680466343152e-09,
      1.3487336900652735e-06
    ]
  ],
  "theta_phys": [
    0.0007250350899994373,
    0.3135063350200653,
    0.0001645188604015857,
    0.2007909119129181,
    0.22179663181304932,
    48.00502395629883,
    0.9973586201667786,
    3.099950075149536,
    10.19690227508545,
    6.098723411560059
  ],
  "Sigma_phys": [
    [
      7.658636745622172e-12,
      3.330025144521187e-09,
      -2.388303415440645e-14,
      3.837898748804136e-12,
      2.3403661231213846e-09,
      2.548090094478539e-07,
      2.6319770540794707e-07,
      2.9141895060286194e-12,
      -2.0378917997554424e-10,
      -5.853001416866732e-11
    ],
    [
      3.3300331381269643e-09,
      8.286217962449882e-06,
      -2.931139359008128e-11,
      -1.3988880054327524e-09,
      -5.810258244309807e-06,
      0.00011084257857874036,
      8.399161015404388e-05,
      1.5014522602996294e-07,
      -1.345963482890511e-06,
      -1.2240211333391926e-07
    ],
    [
      -2.3883091752646864e-14,
      -2.9311386651187377e-11,
      1.2561024269330812e-12,
      9.610390608316699e-12,
      -5.5166474687007305e-12,
      -7.942320134901593e-10,
      -6.644005901002004e-10,
      3.040119544994724e-10,
      -9.015266866363447e-10,
      5.951690251748687e-10
    ],
    [
      3.8379421168910355e-12,
      -1.3988841196521662e-09,
      9.610369791634987e-12,
      2.6480117298888217e-07,
      -5.192081431459883e-09,
      -1.1730466376036475e-08,
      -1.2627303647150256e-08,
      -8.511613458495049e-08,
      -4.081786926235509e-07,
      -2.1028598951033928e-07
    ],
    [
      2.340356575203373e-09,
      -5.81026461077272e-06,
      -5.516599330124272e-12,
      -5.192113405882992e-09,
      1.1646906386886258e-05,
      9.791920456336811e-05,
      0.00011083156277891248,
      -1.686004935663732e-08,
      4.151326393753152e-08,
      -8.161568132436514e-08
    ],
    [
      2.548090094478539e-07,
      0.00011084231664426625,
      -7.942300705998662e-10,
      -1.173202068827095e-08,
      9.791951742954552e-05,
      0.008598941378295422,
      0.008756582625210285,
      5.311006248120975e-07,
      -1.486032397224335e-05,
      -3.553222541086143e-06
    ],
    [
      2.631976201428188e-07,
      8.399133366765454e-05,
      -6.643983696541511e-10,
      -1.2628994738861365e-08,
      0.0001108318756450899,
      0.008756580762565136,
      0.00921550951898098,
      -2.6184687840213883e-07,
      1.893792386908899e-06,
      -3.7473697034329234e-07
    ],
    [
      2.914099950929172e-12,
      1.5014514076483465e-07,
      3.040121210329261e-10,
      -8.511610616324106e-08,
      -1.685995876243851e-08,
      5.310967026161961e-07,
      -2.618512269236817e-07,
      3.607590315368725e-06,
      -1.0322472832058338e-07,
      2.2522222309362405e-07
    ],
    [
      -2.037890828310296e-10,
      -1.34596302814316e-06,
      -9.015265756140423e-10,
      -4.08178635780132e-07,
      4.1512866033599494e-08,
      -1.4860323062748648e-05,
      1.8937929553430877e-06,
      -1.0322405330498441e-07,
      0.00038052076706662774,
      1.5824875276848616e-07
    ],
    [
      -5.85308676526175e-11,
      -1.224024401835777e-07,
      5.951690251748687e-10,
      -2.1028596108862985e-07,
      -8.161602949030566e-08,
      -3.5532509627955733e-06,
      -3.747667562947754e-07,
      2.2522219467191462e-07,
      1.5824882382275973e-07,
      5.016537761548534e-05
    ]
  ],
  "param_names": [
    "L",
    "RL",
    "C",
    "RC",
    "Rdson",
    "Vin",
    "VF",
    "Rloads1",
    "Rloads2",
    "Rloads3"
  ]
}