{
  "theta_log": [
    -7.229290008544922,
    -1.1599335670471191,
    -8.712485313415527,
    -1.6054913997650146,
    -1.5059939622879028,
    1.1313860416412354,
    2.322082281112671,
    1.8080796003341675,
    3.8713059425354004,
    -0.002637882251292467
  ],
  "Sigma_log": [
    [
      1.4576799912902061e-05,
      1.465510740672471e-05,
      -2.0031707492762507e-07,
      2.635568030484592e-08,
      1.4565566743840463e-05,
      1.2944529892422452e-09,
      -2.7556218640256702e-08,
      -1.3237377416430718e-08,
      7.3248443186457735e-06,
      0.0003641691873781383
    ],
    [
      1.4655159247922711e-05,
      8.430739399045706e-05,
      -5.683448875970498e-07,
      -2.2229867724377073e-08,
      -8.35462415125221e-05,
      1.544896690575115e-07,
      -4.2101936514882254e-07,
      -6.401813124057298e-08,
      7.367549642367521e-06,
      0.00026874925242736936
    ],
    [
      -2.003023382712854e-07,
      -5.683319272975496e-07,
      4.640809856937267e-05,
      2.909298473241506e-07,
      -1.5132194164380053e-07,
      5.961005626886617e-07,
      -5.375488854042487e-07,
      5.931933628744446e-07,
      -1.006039838102879e-07,
      -4.051147698191926e-06
    ],
    [
      2.635508522530472e-08,
      -2.2230031149206297e-08,
      2.9092970521560346e-07,
      6.567985110450536e-06,
      -1.1659121668117223e-07,
      -1.367454558476311e-07,
      -1.9936086914640327e-07,
      -1.7172251887132006e-07,
      -1.2209362409976166e-09,
      -6.325512913463172e-08
    ],
    [
      1.4565386663889512e-05,
      -8.354645979125053e-05,
      -1.5133927888655307e-07,
      -1.1658977427941863e-07,
      0.0002367644483456388,
      -2.452100211769448e-08,
      1.835514851222797e-08,
      -6.03382517283535e-08,
      9.202491128235124e-06,
      0.0005013157497160137
    ],
    [
      1.2947074523594893e-09,
      1.544898680094775e-07,
      5.961030069556728e-07,
      -1.367454700584858e-07,
      -2.452058645019406e-08,
      3.7541164488175127e-07,
      -3.2674964955958785e-09,
      1.1913122932583065e-08,
      3.5679832421919855e-09,
      -8.473625712213106e-08
    ],
    [
      -2.7556476211998415e-08,
      -4.2101964936591685e-07,
      -5.375488285608299e-07,
      -1.993607980921297e-07,
      1.835458363075304e-08,
      -3.2675053773800755e-09,
      3.6596538848243654e-06,
      2.542545063377588e-09,
      -3.035387408090173e-08,
      1.8640821508597583e-07
    ],
    [
      -1.3237113627440067e-08,
      -6.401798202659847e-08,
      5.931933628744446e-07,
      -1.7172253308217478e-07,
      -6.03379319841224e-08,
      1.1913069641877883e-08,
      2.5425463956452177e-09,
      1.3487345995599753e-06,
      -1.2136794680372986e-08,
      -6.161758392408956e-08
    ],
    [
      7.324844773393124e-06,
      7.36752326702117e-06,
      -1.0061143740358602e-07,
      -1.220627154907561e-09,
      9.202582077705301e-06,
      3.5678464627153517e-09,
      -3.035374263049562e-08,
      -1.2136927018957522e-08,
      3.7333454656618414e-06,
      0.0001829905086196959
    ],
    [
      0.00036416915827430785,
      0.00026874791365116835,
      -4.0515192267776e-06,
      -6.323977430611194e-08,
      0.000501320231705904,
      -8.474287938042835e-08,
      1.8641448207290523e-07,
      -6.162451171576322e-08,
      0.00018299052317161113,
      0.00926928874105215
    ]
  ],
  "theta_phys": [
    0.0007250354392454028,
    0.3135070204734802,
    0.0001645188604015857,
    0.2007908672094345,
    0.22179672122001648,
    3.099950075149536,
    10.196885108947754,
    6.098724365234375,
    48.005035400390625,
    0.9973655939102173
  ],
  "Sigma_phys": [
    [
      7.662679518682936e-12,
      3.331160014496959e-09,
      -2.3894221765573785e-14,
      3.836873093548965e-12,
      2.342295912782788e-09,
      2.909378467308432e-12,
      -2.0372596665207965e-10,
      -5.853292156521306e-11,
      2.5494378519397287e-07,
      2.633400129070651e-07
    ],
    [
      3.331172004905625e-09,
      8.286291631520726e-06,
      -2.931398873640134e-11,
      -1.3993556313707245e-09,
      -5.809373305964982e-06,
      1.50141730159703e-07,
      -1.3459125511872116e-06,
      -1.2240221280990227e-07,
      0.00011088099563494325,
      8.4032813902013e-05
    ],
    [
      -2.3892463325175285e-14,
      -2.9313319133139615e-11,
      1.256102752193733e-12,
      9.610542396620847e-12,
      -5.521698983462775e-12,
      3.040114548991113e-10,
      -9.0178120526474e-10,
      5.951836246076425e-10,
      -7.945434865597178e-10,
      -6.647343786525539e-10
    ],
    [
      3.836786357375166e-12,
      -1.3993659564448535e-09,
      9.610538059812157e-12,
      2.648012866757199e-07,
      -5.192361651751298e-09,
      -8.511607063610427e-08,
      -4.081797158050904e-07,
      -2.102859184560657e-07,
      -1.176857100659845e-08,
      -1.2667593196624694e-08
    ],
    [
      2.342266824939543e-09,
      -5.809388767374912e-06,
      -5.5223317238506375e-12,
      -5.19229725881587e-09,
      1.1647340215859003e-05,
      -1.685963013642322e-08,
      4.151265997620612e-08,
      -8.16181682239403e-08,
      9.798222890822217e-05,
      0.00011089726467616856
    ],
    [
      2.9099504923746355e-12,
      1.501419149008143e-07,
      3.040126761444384e-10,
      -8.511607774153163e-08,
      -1.6859344142972077e-08,
      3.6075896332476987e-06,
      -1.0328502497713998e-07,
      2.2522641529576504e-07,
      5.309630637384544e-07,
      -2.619861447783478e-07
    ],
    [
      -2.0372788178679713e-10,
      -1.3459135743687511e-06,
      -9.017810942424376e-10,
      -4.081795452748338e-07,
      4.1511380999281755e-08,
      -1.0328530208880693e-07,
      0.0003805178857874125,
      1.581157675900613e-07,
      -1.4858277609164361e-05,
      1.8957756537929527e-06
    ],
    [
      -5.85317558310372e-11,
      -1.2240192859280796e-07,
      5.951836246076425e-10,
      -2.1028594687777513e-07,
      -8.161774189829885e-08,
      2.2522542053593497e-07,
      1.581158528551896e-07,
      5.016542490920983e-05,
      -3.5532830224838108e-06,
      -3.7479867387446575e-07
    ],
    [
      2.5494378519397287e-07,
      0.00011088060273323208,
      -7.94602328380023e-10,
      -1.1765592056178775e-08,
      9.798319661058486e-05,
      5.309427137945022e-07,
      -1.4858213035040535e-05,
      -3.5533219033823116e-06,
      0.008603432215750217,
      0.008761323988437653
    ],
    [
      2.6333995606364624e-07,
      8.4032399172429e-05,
      -6.647953298966058e-10,
      -1.2664517434757272e-08,
      0.0001108982614823617,
      -2.6200663683084713e-07,
      1.8958395457957522e-06,
      -3.7484082326955104e-07,
      0.008761324919760227,
      0.009220514446496964
    ]
  ],
  "param_names": [
    "L",
    "RL",
    "C",
    "RC",
    "Rdson",
    "Rloads1",
    "Rloads2",
    "Rloads3",
    "Vin",
    "VF"
  ],
  "param_units": {
    "L": "H",
    "RL": "\u03a9",
    "C": "F",
    "RC": "\u03a9",
    "Rdson": "\u03a9",
    "Rloads1": "\u03a9",
    "Rloads2": "\u03a9",
    "Rloads3": "\u03a9",
    "Vin": "V",
    "VF": "V"
  }
}