{
  "theta_log": [
    1.9757115840911865,
    1.1272861957550049,
    0.4479799270629883,
    0.6379276514053345,
    0.8457574248313904,
    1.1311463117599487,
    2.3179657459259033,
    1.8098629713058472,
    1.5680310726165771,
    -0.054929204285144806
  ],
  "Sigma_log": [
    [
      0.001428272109478712,
      0.0014423953834921122,
      -8.625417649454903e-06,
      1.3404824130702764e-06,
      0.0014199394499883056,
      3.7985026324349747e-07,
      -2.721411192396772e-06,
      -1.172028873952513e-06,
      0.0007172862533479929,
      0.037511520087718964
    ],
    [
      0.0014424192486330867,
      0.00855347141623497,
      -4.956707198289223e-05,
      -7.926326475171663e-07,
      -0.007957244291901588,
      1.441618769604247e-05,
      -3.853300222544931e-05,
      -6.052319804439321e-06,
      0.0007246872410178185,
      0.02757994830608368
    ],
    [
      -8.625340342405252e-06,
      -4.956678094458766e-05,
      0.004139737691730261,
      2.9930797609267756e-05,
      1.0456574273121078e-05,
      5.0528633437352255e-05,
      -6.859097629785538e-05,
      6.068533184588887e-05,
      -4.159046056884108e-06,
      -0.00012310982856433839
    ],
    [
      1.340449102826824e-06,
      -7.926330454210984e-07,
      2.9931079552625306e-05,
      0.0007291829097084701,
      -1.8411115888739005e-05,
      -1.351454557152465e-05,
      -2.0404448150657117e-05,
      -1.6445908840978518e-05,
      -8.365602752746781e-07,
      -4.5316694013308734e-05
    ],
    [
      0.0014199019642546773,
      -0.007957304827868938,
      1.045666795107536e-05,
      -1.8411030396237038e-05,
      0.021338172256946564,
      -1.6914597154027433e-06,
      9.258051818505919e-07,
      -4.961077138432302e-06,
      0.0008905790746212006,
      0.0509263351559639
    ],
    [
      3.79887410417723e-07,
      1.441620770492591e-05,
      5.0528233259683475e-05,
      -1.3514544662029948e-05,
      -1.6914063962758519e-06,
      3.373776053194888e-05,
      -5.043859800935024e-07,
      1.1071650760641205e-06,
      4.5676821969209414e-07,
      -1.102787450690812e-06
    ],
    [
      -2.721529199334327e-06,
      -3.853308589896187e-05,
      -6.859098357381299e-05,
      -2.040444996964652e-05,
      9.256394264411938e-07,
      -5.043900159762416e-07,
      0.00032873795134946704,
      -1.975536321197069e-07,
      -2.861710299839615e-06,
      1.111425444833003e-05
    ],
    [
      -1.172034671981237e-06,
      -6.052312528481707e-06,
      6.068531729397364e-05,
      -1.644591065996792e-05,
      -4.961108061252162e-06,
      1.1071608696511248e-06,
      -1.9755361790885217e-07,
      0.00012229713320266455,
      -1.0842217079698457e-06,
      -4.675698164646747e-06
    ],
    [
      0.0007172862533479929,
      0.0007246751920320094,
      -4.159085619903635e-06,
      -8.365437338397896e-07,
      0.0008905978174880147,
      4.5675028559344355e-07,
      -2.8616505005629733e-06,
      -1.0842185247383895e-06,
      0.0003654336032923311,
      0.018838081508874893
    ],
    [
      0.03751148656010628,
      0.027579283341765404,
      -0.00012311169120948762,
      -4.531575905275531e-05,
      0.0509272925555706,
      -1.1037701597160776e-06,
      1.1117423127871007e-05,
      -4.675519903685199e-06,
      0.01883806847035885,
      1.0039877891540527
    ]
  ],
  "theta_phys": [
    0.0007211749325506389,
    0.3087266981601715,
    0.0001565147249493748,
    0.1892554759979248,
    0.23297417163848877,
    3.0992071628570557,
    10.15499496459961,
    6.109610080718994,
    47.9719352722168,
    0.9465521574020386
  ],
  "Sigma_phys": [
    [
      7.428346826543475e-10,
      3.2114351711243216e-07,
      -9.735896984441883e-13,
      1.829574963752023e-10,
      2.385713173680415e-07,
      8.489920988452582e-10,
      -1.9930331163209303e-08,
      -5.164073613173059e-09,
      2.481534829712473e-05,
      2.560647772043012e-05
    ],
    [
      3.2114883197209565e-07,
      0.0008152499794960022,
      -2.3950943450756768e-09,
      -4.631211325545337e-08,
      -0.0005723275826312602,
      1.3793523066851776e-05,
      -0.00012080550368409604,
      -1.1415884728194214e-05,
      0.010732775554060936,
      0.008059575222432613
    ],
    [
      -9.735809164065912e-13,
      -2.3950805783101714e-09,
      1.0141056744350507e-10,
      8.865881917508034e-10,
      3.8128736279396946e-10,
      2.4510001139788073e-08,
      -1.0901892721904005e-07,
      5.8029982596963237e-08,
      -3.1227425978386236e-08,
      -1.8238640819845386e-08
    ],
    [
      1.8295295833858916e-10,
      -4.631213457173544e-08,
      8.865965739346393e-10,
      2.6117608285858296e-05,
      -8.117762604342715e-07,
      -7.926847501948941e-06,
      -3.9215072320075706e-05,
      -1.9016028090845793e-05,
      -7.595090210088529e-06,
      -8.118040568660945e-06
    ],
    [
      2.3856500774854794e-07,
      -0.0005723318899981678,
      3.812907767297702e-10,
      -8.117724519252079e-07,
      0.001158171216957271,
      -1.2212934734634473e-06,
      2.190317673012032e-06,
      -7.061504675220931e-06,
      0.00995330885052681,
      0.011230387724936008
    ],
    [
      8.490751435275001e-10,
      1.3793543075735215e-05,
      2.4509809293249418e-08,
      -7.926847501948941e-06,
      -1.2212549336254597e-06,
      0.00032405403908342123,
      -1.5874253222136758e-05,
      2.09641111723613e-05,
      6.790999759687111e-05,
      -3.2350944820791483e-06
    ],
    [
      -1.993119447263325e-08,
      -0.00012080577289452776,
      -1.0901894142989477e-07,
      -3.921507595805451e-05,
      2.1899254534218926e-06,
      -1.5874380551395006e-05,
      0.03390074893832207,
      -1.2256831723789219e-05,
      -0.0013940957142040133,
      0.00010683279833756387
    ],
    [
      -5.1640993703472304e-09,
      -1.1415870176278986e-05,
      5.802996483339484e-08,
      -1.9016029909835197e-05,
      -7.061548330966616e-06,
      2.0964032955816947e-05,
      -1.2256830814294517e-05,
      0.004565026145428419,
      -0.00031777433468960226,
      -2.7039863198297098e-05
    ],
    [
      2.4815346478135325e-05,
      0.01073259674012661,
      -3.1227720853621577e-08,
      -7.594939688715385e-06,
      0.009953518398106098,
      6.790733459638432e-05,
      -0.0013940666103735566,
      -0.00031777340336702764,
      0.840974748134613,
      0.855398416519165
    ],
    [
      2.5606455892557278e-05,
      0.008059381507337093,
      -1.8238916155155493e-08,
      -8.117873221635818e-06,
      0.011230599135160446,
      -3.237977352910093e-06,
      0.00010686325549613684,
      -2.703883365029469e-05,
      0.8553978204727173,
      0.8995338678359985
    ]
  ],
  "param_names": [
    "L",
    "RL",
    "C",
    "RC",
    "Rdson",
    "Rload1",
    "Rload2",
    "Rload3",
    "Vin",
    "VF"
  ]
}