{
  "theta_log": [
    -7.229339122772217,
    -1.1597665548324585,
    -8.7124605178833,
    -1.605494499206543,
    -1.5065186023712158,
    3.8712775707244873,
    -0.004174290224909782,
    1.13138747215271,
    2.3220908641815186,
    1.8080739974975586
  ],
  "Sigma_log": [
    [
      1.5955509297782555e-05,
      1.6081381545518525e-05,
      4.1978245235441136e-07,
      -5.558865012744718e-08,
      1.594831883267034e-05,
      8.0191130109597e-06,
      0.0003991075209341943,
      -3.5108556062368734e-09,
      7.486153918989658e-08,
      3.539136983476965e-08
    ],
    [
      1.608112688700203e-05,
      9.28172012208961e-05,
      1.1004319731000578e-06,
      -1.1885689588098103e-07,
      -9.126038639806211e-05,
      8.105295819405e-06,
      0.0002945036394521594,
      -3.513455055781378e-07,
      1.1080828699050471e-06,
      1.8459988382346637e-07
    ],
    [
      4.1976628040174546e-07,
      1.1004286761817639e-06,
      4.351199822849594e-05,
      2.7055850182478025e-07,
      9.117115951084998e-07,
      2.5158902872135513e-07,
      9.814097211346962e-06,
      5.489222303367569e-07,
      -4.757229703500343e-07,
      5.61669821763644e-07
    ],
    [
      -5.558842275377174e-08,
      -1.188565832421773e-07,
      2.705587291984557e-07,
      6.283594757405808e-06,
      4.776522359861701e-07,
      9.373088971642574e-09,
      6.574427402483707e-07,
      -1.3199735349189723e-07,
      -1.9370072834590246e-07,
      -1.6601678964889288e-07
    ],
    [
      1.5948680811561644e-05,
      -9.125976066570729e-05,
      9.117451327256276e-07,
      4.776520654559135e-07,
      0.00025949510745704174,
      1.0091369404108264e-05,
      0.0005499221733771265,
      -6.484655301619568e-08,
      -5.946125725131424e-08,
      1.3083365502097877e-07
    ],
    [
      8.019113920454402e-06,
      8.105424967652652e-06,
      2.5159718575196166e-07,
      9.37297883751853e-09,
      1.0091189324157313e-05,
      4.089268259122036e-06,
      0.00020055660570506006,
      -9.820472435251304e-09,
      8.048937161220238e-08,
      3.284471361553187e-08
    ],
    [
      0.0003991078701801598,
      0.0002945104206446558,
      9.814521035877988e-06,
      6.574372264367412e-07,
      0.0005499135004356503,
      0.00020055673667229712,
      0.010174095630645752,
      1.8725570782862633e-07,
      -4.130176307626243e-07,
      2.0024646119054523e-07
    ],
    [
      -3.509962098746655e-09,
      -3.513445392400172e-07,
      5.489234808919718e-07,
      -1.3199736770275194e-07,
      -6.484546588580997e-08,
      -9.820015911543578e-09,
      1.872795110102743e-07,
      3.5921246421821706e-07,
      -5.316702189617217e-09,
      1.4056467989576049e-08
    ],
    [
      7.485797937079042e-08,
      1.1080802551077795e-06,
      -4.757233398322569e-07,
      -1.9370072834590246e-07,
      -5.9466092494631084e-08,
      8.048758814993562e-08,
      -4.1310860865451104e-07,
      -5.31672483816692e-09,
      3.466773023319547e-06,
      2.4415550470280323e-08
    ],
    [
      3.5391050090538556e-08,
      1.8459958539551735e-07,
      5.61669821763644e-07,
      -1.660168180706023e-07,
      1.3083320027362788e-07,
      3.284455019070265e-08,
      2.0023836100335757e-07,
      1.405652305663807e-08,
      2.4415554022994e-08,
      1.2707430414593546e-06
    ]
  ],
  "theta_phys": [
    0.0007249998161569238,
    0.3135593831539154,
    0.00016452294948976487,
    0.20079024136066437,
    0.2216804027557373,
    48.0036735534668,
    0.9958344101905823,
    3.099954605102539,
    10.196972846984863,
    6.098690032958984
  ],
  "Sigma_phys": [
    [
      8.386609982868887e-12,
      3.65578856076354e-09,
      5.007127525102906e-14,
      -8.092200520781745e-12,
      2.563185885762209e-09,
      2.7908643573937297e-07,
      2.8814753250117064e-07,
      -7.890530243082061e-12,
      5.534366298576288e-10,
      1.564846863200131e-10
    ],
    [
      3.6557306071216544e-09,
      9.125739779847208e-06,
      5.676877024018978e-11,
      -7.483190067603118e-09,
      -6.343506811390398e-06,
      0.00012200092896819115,
      9.195971506414935e-05,
      -3.4151480576838367e-07,
      3.5429359286354156e-06,
      3.5301061984682747e-07
    ],
    [
      5.0069347404041106e-14,
      5.6768600237289135e-11,
      1.1777741325616486e-12,
      8.937793213870115e-12,
      3.325150224608997e-11,
      1.9869761391788643e-09,
      1.6079182429962202e-09,
      2.7995786244794374e-10,
      -7.980899829895804e-10,
      5.635651390001328e-10
    ],
    [
      -8.092167561035701e-12,
      -7.483170527677885e-09,
      8.93780015276402e-12,
      2.5333392272841593e-07,
      2.1260904148334703e-08,
      9.034410197727993e-08,
      1.3145819366400247e-07,
      -8.216051838871863e-08,
      -3.96593065943307e-07,
      -2.0329709116140293e-07
    ],
    [
      2.5632440614486995e-09,
      -6.343463155644713e-06,
      3.325272349141706e-11,
      2.1260895266550506e-08,
      1.2752160728268791e-05,
      0.0001073870444088243,
      0.00012139915634179488,
      -4.456250124462713e-08,
      -1.344103282008291e-07,
      1.7688186915165716e-07
    ],
    [
      2.790864641610824e-07,
      0.00012200287892483175,
      1.9870405321142925e-09,
      9.034304326860365e-08,
      0.00010738513083197176,
      0.009423116222023964,
      0.00958735030144453,
      -1.4613767689297674e-06,
      3.939891394111328e-05,
      9.615602721169125e-06
    ],
    [
      2.881477882965555e-07,
      9.196182509185746e-05,
      1.6079876319352593e-09,
      1.314570994281894e-07,
      0.00012139724276494235,
      0.009587355889379978,
      0.01008951012045145,
      5.780661354037875e-07,
      -4.193986114842119e-06,
      1.2161539189037285e-06
    ],
    [
      -7.888522300658618e-12,
      -3.4151386785197246e-07,
      2.799584730706073e-10,
      -8.216052549414599e-08,
      -4.45617516220409e-08,
      -1.4613088978876476e-06,
      5.781396339443745e-07,
      3.451930751907639e-06,
      -1.680617742749746e-07,
      2.6574684852676e-07
    ],
    [
      5.534103175719451e-10,
      3.5429277431830997e-06,
      -7.98090593612244e-10,
      -3.96593065943307e-07,
      -1.344212705589598e-07,
      3.9398040826199576e-05,
      -4.194909706711769e-06,
      -1.6806248481771036e-07,
      0.00036046901368536055,
      1.5183585446720826e-06
    ],
    [
      1.5648327078565671e-10,
      3.5301005141263886e-07,
      5.635651390001328e-10,
      -2.0329711958311236e-07,
      1.768812580849044e-07,
      9.615555427444633e-06,
      1.216104692502995e-06,
      2.657478717082995e-07,
      1.518358772045758e-06,
      4.726404222310521e-05
    ]
  ],
  "param_names": [
    "L",
    "RL",
    "C",
    "RC",
    "Rdson",
    "Vin",
    "VF",
    "Rloads1",
    "Rloads2",
    "Rloads3"
  ]
}