{
  "theta_log": [
    1.9770406484603882,
    1.1282814741134644,
    0.44797587394714355,
    0.6379263401031494,
    0.8475576639175415,
    1.1311460733413696,
    2.3179657459259033,
    1.809862732887268,
    1.5686992406845093,
    -0.01997627690434456
  ],
  "Sigma_log": [
    [
      0.0013893754221498966,
      0.0014152853982523084,
      -8.514734872733243e-06,
      1.3947143315817812e-06,
      0.0013652343768626451,
      3.8269914170996344e-07,
      -2.7441692509455606e-06,
      -1.1711620118148858e-06,
      0.0006982161430642009,
      0.035262785851955414
    ],
    [
      0.0014153068186715245,
      0.008538815192878246,
      -4.952601375407539e-05,
      -7.504025347770948e-07,
      -0.007993096485733986,
      1.4434504009841476e-05,
      -3.8597867387579754e-05,
      -6.059118277335074e-06,
      0.0007115512853488326,
      0.02596263587474823
    ],
    [
      -8.515174158674199e-06,
      -4.9526286602485925e-05,
      0.004139729309827089,
      2.9920691304141656e-05,
      1.0566793207544833e-05,
      5.052599954069592e-05,
      -6.858966662548482e-05,
      6.068477887311019e-05,
      -4.1091625462286174e-06,
      -0.00011619602446444333
    ],
    [
      1.3947561683380627e-06,
      -7.503280130549683e-07,
      2.9920707675046287e-05,
      0.0007291841320693493,
      -1.8345452190260403e-05,
      -1.3514609236153774e-05,
      -2.0403984308359213e-05,
      -1.6446092558908276e-05,
      -8.11421614343999e-07,
      -4.249441553838551e-05
    ],
    [
      0.0013652067864313722,
      -0.00799314584583044,
      1.056750443240162e-05,
      -1.8345459466218017e-05,
      0.021240465342998505,
      -1.6783151295385323e-06,
      8.915746434468019e-07,
      -4.96275879413588e-06,
      0.0008635845733806491,
      0.04781663417816162
    ],
    [
      3.8272474967016024e-07,
      1.4434524018724915e-05,
      5.052590131526813e-05,
      -1.3514608326659072e-05,
      -1.6782853435870493e-06,
      3.3737440389813855e-05,
      -5.04447825733223e-07,
      1.107221237361955e-06,
      4.588428055285476e-07,
      -1.001986674964428e-06
    ],
    [
      -2.7443220460554585e-06,
      -3.859798380290158e-05,
      -6.858965934952721e-05,
      -2.040398248936981e-05,
      8.913915507946513e-07,
      -5.044423687650124e-07,
      0.00032873472082428634,
      -1.967722482731915e-07,
      -2.8767180992872454e-06,
      1.0237330570816994e-05
    ],
    [
      -1.1711886145349126e-06,
      -6.059116913093021e-06,
      6.068477887311019e-05,
      -1.6446092558908276e-05,
      -4.962817456544144e-06,
      1.1072172583226347e-06,
      -1.9677239038173866e-07,
      0.00012229563435539603,
      -1.085152689483948e-06,
      -4.475077730603516e-06
    ],
    [
      0.00069821608485654,
      0.0007115405751392245,
      -4.108938810531981e-06,
      -8.114427600958152e-07,
      0.0008635984268039465,
      4.588307263020397e-07,
      -2.876642383853323e-06,
      -1.0851393881239346e-06,
      0.00035609627957455814,
      0.01772053726017475
    ],
    [
      0.03526275232434273,
      0.025962060317397118,
      -0.00011618470307439566,
      -4.2495423258515075e-05,
      0.04781730845570564,
      -1.0026399195339764e-06,
      1.0241205018246546e-05,
      -4.4743792386725545e-06,
      0.017720520496368408,
      0.9125462770462036
    ]
  ],
  "theta_phys": [
    0.0007221341365948319,
    0.3090341091156006,
    0.00015651409921701998,
    0.1892552226781845,
    0.23339395225048065,
    3.0992064476013184,
    10.154995918273926,
    6.1096086502075195,
    48.003997802734375,
    0.9802219271659851
  ],
  "Sigma_phys": [
    [
      7.245283262236057e-10,
      3.158408787840017e-07,
      -9.623708080441773e-13,
      1.9061233147432688e-10,
      2.3009897631709464e-07,
      8.564969844471193e-10,
      -2.0123732014099005e-08,
      -5.167116512438952e-09,
      2.4203891371143982e-05,
      2.4960823793662712e-05
    ],
    [
      3.1584562520947657e-07,
      0.0008154746028594673,
      -2.39548403335732e-09,
      -4.3888281453519085e-08,
      -0.0005765156238339841,
      1.3824797861161642e-05,
      -0.00012112937838537619,
      -1.1440084563218988e-05,
      0.010555772110819817,
      0.007864654064178467
    ],
    [
      -9.624204645036771e-13,
      -2.3954971339890108e-09,
      1.014095543649951e-10,
      8.862841016643586e-10,
      3.859990937993274e-10,
      2.45086226868807e-08,
      -1.0901641900318282e-07,
      5.802920810538126e-08,
      -3.087338029672537e-08,
      -1.7826625509087535e-08
    ],
    [
      1.906180630006915e-10,
      -4.3883925826548875e-08,
      8.862845457535684e-10,
      2.6117582820006646e-05,
      -8.103373829726479e-07,
      -7.92687205830589e-06,
      -3.9214133721543476e-05,
      -1.901621180877555e-05,
      -7.371771516773151e-06,
      -7.883229045546614e-06
    ],
    [
      2.3009432936760277e-07,
      -0.0005765191745012999,
      3.8602507301810363e-10,
      -8.103377240331611e-07,
      0.0011570262722671032,
      -1.2139857972215395e-06,
      2.113134087267099e-06,
      -7.076624569890555e-06,
      0.009675465524196625,
      0.01093938760459423
    ],
    [
      8.565543274663412e-10,
      1.3824816960550379e-05,
      2.4508574725246035e-08,
      -7.92687205830589e-06,
      -1.2139643104092102e-06,
      0.000324050837662071,
      -1.587619772180915e-05,
      2.0965166186215356e-05,
      6.826401659054682e-05,
      -3.0439452984865056e-06
    ],
    [
      -2.0124851118907827e-08,
      -0.00012112973490729928,
      -1.090164047923281e-07,
      -3.921413008356467e-05,
      2.1127002582943533e-06,
      -1.5876026736805215e-05,
      0.0339004211127758,
      -1.2208351108711213e-05,
      -0.0014023437397554517,
      0.00010190391913056374
    ],
    [
      -5.167233751990352e-09,
      -1.1440081834734883e-05,
      5.802920455266758e-08,
      -1.901621180877555e-05,
      -7.076708243403118e-06,
      2.096509160764981e-05,
      -1.2208359294163529e-05,
      0.004564967937767506,
      -0.0003182596992701292,
      -2.6800222258316353e-05
    ],
    [
      2.4203887733165175e-05,
      0.010555613785982132,
      -3.08716998631553e-08,
      -7.371963420155225e-06,
      0.009675621055066586,
      6.826221942901611e-05,
      -0.0014023068360984325,
      -0.000318255799356848,
      0.8205825686454773,
      0.8338322639465332
    ],
    [
      2.4960798327811062e-05,
      0.007864479906857014,
      -1.782489000845544e-08,
      -7.883415491960477e-06,
      0.010939541272819042,
      -3.0459300432994496e-06,
      0.00010194248170591891,
      -2.6796038582688197e-05,
      0.8338315486907959,
      0.8768064379692078
    ]
  ],
  "param_names": [
    "L",
    "RL",
    "C",
    "RC",
    "Rdson",
    "Rloads1",
    "Rloads2",
    "Rloads3",
    "Vin",
    "VF"
  ]
}