{
  "theta_log": [
    1.9785807132720947,
    1.1326606273651123,
    0.4876747131347656,
    0.6680689454078674,
    0.8211924433708191,
    1.1314972639083862,
    2.320075273513794,
    1.8094267845153809,
    1.568363904953003,
    -0.01625632494688034
  ],
  "Sigma_log": [
    [
      0.0003538296150509268,
      0.0003585789236240089,
      -4.197897851554444e-06,
      6.166896469039784e-07,
      0.0003497707948554307,
      5.065045627361542e-08,
      -6.733469604114362e-07,
      -3.2643316671965295e-07,
      0.00017775539890863,
      0.008950551971793175
    ],
    [
      0.0003585793892852962,
      0.0021275084000080824,
      -1.408695516147418e-05,
      -2.770850642264122e-07,
      -0.002050790935754776,
      3.7601359963446157e-06,
      -1.0170035238843411e-05,
      -1.5911863329165499e-06,
      0.00018022012955043465,
      0.006593578495085239
    ],
    [
      -4.197877842671005e-06,
      -1.4086876035435125e-05,
      0.0011287331581115723,
      7.568084583908785e-06,
      -9.160822855847073e-07,
      1.4400125110114459e-05,
      -1.6088932170532644e-05,
      1.592483567947056e-05,
      -2.082529135805089e-06,
      -8.14069207990542e-05
    ],
    [
      6.166860089251713e-07,
      -2.7709668870556925e-07,
      7.568130058643874e-06,
      0.00017271169053856283,
      -3.6118869957135757e-06,
      -3.449621090112487e-06,
      -5.12245787831489e-06,
      -4.260486548446352e-06,
      -5.7376876583248304e-08,
      -3.077647306781728e-06
    ],
    [
      0.00034976840834133327,
      -0.0020507927983999252,
      -9.160825129583827e-07,
      -3.611890178945032e-06,
      0.005604831967502832,
      -5.396248639044643e-07,
      3.747803134501737e-07,
      -1.3862447758583585e-06,
      0.00022141632507555187,
      0.012225286103785038
    ],
    [
      5.0650047711542356e-08,
      3.7601409985654755e-06,
      1.4400030522665475e-05,
      -3.4496233638492413e-06,
      -5.396332198870368e-07,
      9.167507414531428e-06,
      -1.1516400633126977e-07,
      3.054172736938199e-07,
      9.573198411771955e-08,
      -1.5514219739998225e-06
    ],
    [
      -6.73351905788877e-07,
      -1.0170041605306324e-05,
      -1.608893580851145e-05,
      -5.122456968820188e-06,
      3.7477707337529864e-07,
      -1.1516650744169965e-07,
      8.930158946895972e-05,
      -3.2309446229561445e-09,
      -7.343765560108295e-07,
      4.145153525314527e-06
    ],
    [
      -3.26436008890596e-07,
      -1.5911873560980894e-06,
      1.592483567947056e-05,
      -4.2604870031937025e-06,
      -1.386249095958192e-06,
      3.05419064261514e-07,
      -3.2308378195011755e-09,
      3.3098229323513806e-05,
      -2.954276396849309e-07,
      -1.6403813560827984e-06
    ],
    [
      0.00017775539890863,
      0.000180219896719791,
      -2.082540959236212e-06,
      -5.737487995816082e-08,
      0.00022141748922877014,
      9.573204096113841e-08,
      -7.343740549003996e-07,
      -2.954262185994594e-07,
      9.060835145646706e-05,
      0.004496433772146702
    ],
    [
      0.0089505510404706,
      0.006593567319214344,
      -8.140736463246867e-05,
      -3.077562269027112e-06,
      0.012225345708429813,
      -1.5514081042056205e-06,
      4.145277216593968e-06,
      -1.6403091649408452e-06,
      0.004496432840824127,
      0.23078802227973938
    ]
  ],
  "theta_phys": [
    0.0007232470670714974,
    0.3103903830051422,
    0.00016285250603687018,
    0.19504672288894653,
    0.22732087969779968,
    3.100295066833496,
    10.176440238952637,
    6.106945991516113,
    47.9879035949707,
    0.9838750958442688
  ],
  "Sigma_phys": [
    [
      1.850834346894814e-10,
      8.049700284118444e-08,
      -4.944393418998549e-13,
      8.699453657445844e-11,
      5.750552034555767e-08,
      1.1357247087229183e-10,
      -4.9558881443090286e-09,
      -1.441800123735959e-09,
      6.169376320031006e-06,
      6.369076345436042e-06
    ],
    [
      8.04971094225948e-08,
      0.00020496881916187704,
      -7.120652956160711e-10,
      -1.6774903244254347e-08,
      -0.00014470014139078557,
      3.618385790105094e-06,
      -3.212377487216145e-05,
      -3.0161529593897285e-06,
      0.0026843759696930647,
      0.0020135825034230947
    ],
    [
      -4.944369566550755e-13,
      -7.120613543243337e-10,
      2.993506137416446e-11,
      2.4039148449617187e-10,
      -3.3913160474297044e-11,
      7.2704913200993815e-09,
      -2.666352472147082e-08,
      1.5837750666491957e-08,
      -1.6274862346676855e-08,
      -1.304354846354272e-08
    ],
    [
      8.699402309630955e-11,
      -1.677560668156275e-08,
      2.403929277861039e-10,
      6.570509867742658e-06,
      -1.6014453763091296e-07,
      -2.0859940832451684e-06,
      -1.0167470463784412e-05,
      -5.074834916740656e-06,
      -5.370408757698897e-07,
      -5.906055093873874e-07
    ],
    [
      5.7505129547053e-08,
      -0.00014470028690993786,
      -3.391316741319095e-11,
      -1.6014467973946012e-07,
      0.0002896284859161824,
      -3.8030700011404406e-07,
      8.669857720633445e-07,
      -1.924435309774708e-06,
      0.0024153536651283503,
      0.00273425062187016
    ],
    [
      1.1357154799940261e-10,
      3.618390337578603e-06,
      7.270443358464718e-09,
      -2.085995447487221e-06,
      -3.8031288340789615e-07,
      8.81165178725496e-05,
      -3.6334206470201025e-06,
      5.782567768619629e-06,
      1.4242685210774653e-05,
      -4.732307388621848e-06
    ],
    [
      -4.9559241155350264e-09,
      -3.212379670003429e-05,
      -2.666353005054134e-08,
      -1.0167468644795008e-05,
      8.669783255754737e-07,
      -3.6334995456854813e-06,
      0.009248066693544388,
      -2.0079342277767864e-07,
      -0.00035862988443113863,
      4.1502709791529924e-05
    ],
    [
      -1.4418126692561373e-09,
      -3.0161550057528075e-06,
      1.5837748890135117e-08,
      -5.074835826235358e-06,
      -1.924441448863945e-06,
      5.782601419923594e-06,
      -2.0078677209767193e-07,
      0.0012343914713710546,
      -8.657788566779345e-05,
      -9.856185897660907e-06
    ],
    [
      6.169376320031006e-06,
      0.00268437247723341,
      -1.6274954717232504e-08,
      -5.370221742850845e-07,
      0.0024153664708137512,
      1.4242693396226969e-05,
      -0.00035862866207025945,
      -8.657747093820944e-05,
      0.2086564302444458,
      0.21229508519172668
    ],
    [
      6.369075890688691e-06,
      0.00201357901096344,
      -1.3043619517816296e-08,
      -5.905891384827555e-07,
      0.002734264126047492,
      -4.732265097118216e-06,
      4.1503946704324335e-05,
      -9.855752068688162e-06,
      0.2122950553894043,
      0.2234051674604416
    ]
  ],
  "param_names": [
    "L",
    "RL",
    "C",
    "RC",
    "Rdson",
    "Rload1",
    "Rload2",
    "Rload3",
    "Vin",
    "VF"
  ]
}