{
  "theta_log": [
    -7.2333502769470215,
    -1.1743407249450684,
    -8.762365341186523,
    -1.6646589040756226,
    -1.4550968408584595,
    3.8712589740753174,
    -0.021292829886078835,
    1.1311461925506592,
    2.3179657459259033,
    1.809862732887268
  ],
  "Sigma_log": [
    [
      0.0013927394757047296,
      0.001417761784978211,
      -8.526105375494808e-06,
      1.3905641935707536e-06,
      0.0013698253314942122,
      0.0006998899043537676,
      0.0353945828974247,
      3.8261117651927634e-07,
      -2.7435617084847763e-06,
      -1.1717413599399151e-06
    ],
    [
      0.0014177648117765784,
      0.008540957234799862,
      -4.953491225023754e-05,
      -7.531336905231001e-07,
      -0.007990658283233643,
      0.0007127651479095221,
      0.02605857141315937,
      1.4434396689466666e-05,
      -3.859723074128851e-05,
      -6.05944478593301e-06
    ],
    [
      -8.526231795258354e-06,
      -4.9535192374605685e-05,
      0.004139719530940056,
      2.9920784072601236e-05,
      1.0556615052337293e-05,
      -4.114511739317095e-06,
      -0.00011662596807582304,
      5.0526694394648075e-05,
      -6.858903361717239e-05,
      6.068495713407174e-05
    ],
    [
      1.3904763136451948e-06,
      -7.531701271545899e-07,
      2.9920705856056884e-05,
      0.000729184306692332,
      -1.835179136833176e-05,
      -8.13498218121822e-07,
      -4.265659663360566e-05,
      -1.3514603779185563e-05,
      -2.0404040697030723e-05,
      -1.6446101653855294e-05
    ],
    [
      0.0013698359252884984,
      -0.00799065362662077,
      1.0556650522630662e-05,
      -1.8351620383327827e-05,
      0.02124905213713646,
      0.0008659023442305624,
      0.0479985810816288,
      -1.6796072941360762e-06,
      8.947424703364959e-07,
      -4.96329766974668e-06
    ],
    [
      0.0006998902535997331,
      0.0007127639837563038,
      -4.114446710445918e-06,
      -8.134539939419483e-07,
      0.0008658975712023675,
      0.0003569291438907385,
      0.017786359414458275,
      4.5876112153564463e-07,
      -2.876201733670314e-06,
      -1.0853815410882817e-06
    ],
    [
      0.0353945791721344,
      0.026058493182063103,
      -0.00011662288306979463,
      -4.265429379302077e-05,
      0.04799830541014671,
      0.01778634637594223,
      0.9171181321144104,
      -1.0066775075756595e-06,
      1.0269312042510137e-05,
      -4.495675966609269e-06
    ],
    [
      3.8263914348135586e-07,
      1.4434399417950772e-05,
      5.052697815699503e-05,
      -1.3514603779185563e-05,
      -1.6795490864751628e-06,
      4.587748492212995e-07,
      -1.0059424084829516e-06,
      3.373740764800459e-05,
      -5.044441877544159e-07,
      1.1072297638747841e-06
    ],
    [
      -2.7436665277491556e-06,
      -3.8597328966716304e-05,
      -6.858904816908762e-05,
      -2.0404040697030723e-05,
      8.946381058194675e-07,
      -2.876253574868315e-06,
      1.0266629942634609e-05,
      -5.044465751780081e-07,
      0.00032873425516299903,
      -1.967946730019321e-07
    ],
    [
      -1.171760231954977e-06,
      -6.059468887542607e-06,
      6.068495713407174e-05,
      -1.644609983486589e-05,
      -4.963304945704294e-06,
      -1.0853906360352994e-06,
      -4.496149813348893e-06,
      1.1072271490775165e-06,
      -1.967943887848378e-07,
      0.0001222954160766676
    ]
  ],
  "theta_phys": [
    0.0007220975821837783,
    0.3090226352214813,
    0.00015651396824978292,
    0.18925520777702332,
    0.23337775468826294,
    48.00278091430664,
    0.97893226146698,
    3.0992066860198975,
    10.154995918273926,
    6.1096086502075195
  ],
  "Sigma_phys": [
    [
      7.262090373494345e-10,
      3.1636574249205296e-07,
      -9.63606473260159e-13,
      1.9003551510188288e-10,
      2.3084503197878803e-07,
      2.4260069039883092e-05,
      2.5019886379595846e-05,
      8.562568987180441e-10,
      -2.0118257282319973e-08,
      -5.169411121386247e-09
    ],
    [
      3.163664246130793e-07,
      0.0008156186086125672,
      -2.3958233175136456e-09,
      -4.404637721222571e-08,
      -0.0005762783694081008,
      0.010573119856417179,
      0.007883036509156227,
      1.3824183042743243e-05,
      -0.00012112288095522672,
      -1.1440276466601063e-05
    ],
    [
      -9.636207847288358e-13,
      -2.395836862234546e-09,
      1.0140914497025477e-10,
      8.862860445546517e-10,
      3.856001906665796e-10,
      -3.0912762127854876e-08,
      -1.7869030699557698e-08,
      2.450894065475495e-08,
      -1.0901531766194239e-07,
      5.802932889764634e-08
    ],
    [
      1.900234969376413e-10,
      -4.404850884043299e-08,
      8.862837685974512e-10,
      2.6117582820006646e-05,
      -8.105610618258652e-07,
      -7.390449809463462e-06,
      -7.902904144430067e-06,
      -7.926869329821784e-06,
      -3.9214235584950075e-05,
      -1.9016219084733166e-05
    ],
    [
      2.3084680833562743e-07,
      -0.0005762780201621354,
      3.856014951786335e-10,
      -8.105535584945756e-07,
      0.0011573333758860826,
      0.009700514376163483,
      0.010965804569423199,
      -1.214836288454535e-06,
      2.120495082635898e-06,
      -7.076901511027245e-06
    ],
    [
      2.4260081772808917e-05,
      0.010573102161288261,
      -3.09122718533672e-08,
      -7.390047358057927e-06,
      0.00970046129077673,
      0.8224600553512573,
      0.8358071446418762,
      6.825014133937657e-05,
      -0.0014020564267411828,
      -0.0003183187509421259
    ],
    [
      2.501988274161704e-05,
      0.007883012294769287,
      -1.7868558188638417e-08,
      -7.902477591414936e-06,
      0.010965741239488125,
      0.8358066082000732,
      0.8788819909095764,
      -3.0541725664079422e-06,
      0.00010208777530351654,
      -2.6888155844062567e-05
    ],
    [
      8.563194597854817e-10,
      1.3824185771227349e-05,
      2.4509079210588425e-08,
      -7.926869329821784e-06,
      -1.2147941106377402e-06,
      6.825217860750854e-05,
      -3.0519422580255195e-06,
      0.0003240505757275969,
      -1.587608494446613e-05,
      2.0965329895261675e-05
    ],
    [
      -2.0119026444831434e-08,
      -0.00012112318654544652,
      -1.0901533897822446e-07,
      -3.9214235584950075e-05,
      2.120247700077016e-06,
      -0.0014020816888660192,
      0.00010206110891886055,
      -1.5876159523031674e-05,
      0.03390037268400192,
      -1.2209741726110224e-05
    ],
    [
      -5.169494166068489e-09,
      -1.144032103184145e-05,
      5.802932889764634e-08,
      -1.9016219084733166e-05,
      -7.076911970216315e-06,
      -0.0003183213993906975,
      -2.6890991648542695e-05,
      2.096528078254778e-05,
      -1.2209723536216188e-05,
      0.004564959555864334
    ]
  ],
  "param_names": [
    "L",
    "RL",
    "C",
    "RC",
    "Rdson",
    "Vin",
    "VF",
    "Rloads1",
    "Rloads2",
    "Rloads3"
  ]
}