{
  "L": 0.0007224425207823515,
  "RL": 0.30900293588638306,
  "C": 0.00016533317102584988,
  "RC": 0.1950017362833023,
  "Rdson": 0.22734615206718445,
  "Rloads": [
    3.101060152053833,
    10.175984382629395,
    6.1091461181640625
  ],
  "Vin": 47.957576751708984,
  "VF": 0.9610133767127991
}