{
  "L": 0.0007181456312537193,
  "RL": 0.3033047914505005,
  "C": 0.00016575725749135017,
  "RC": 0.18906576931476593,
  "Rdson": 0.23308353126049042,
  "Rloads": [
    3.1020610332489014,
    10.15265941619873,
    6.11814546585083
  ],
  "Vin": 47.85657501220703,
  "VF": 0.8612217307090759
}