{
  "L": 0.0007212274358607829,
  "RL": 0.30869582295417786,
  "C": 0.00015648224507458508,
  "RC": 0.1892726570367813,
  "Rdson": 0.23307272791862488,
  "Rloads": [
    3.0991852283477783,
    10.155077934265137,
    6.109577655792236
  ],
  "Vin": 47.973819732666016,
  "VF": 0.9485988616943359
}