{
  "L": 0.0007225400768220425,
  "RL": 0.3101467192173004,
  "C": 0.00016284710727632046,
  "RC": 0.1950540393590927,
  "Rdson": 0.22704406082630157,
  "Rloads": [
    3.100289821624756,
    10.176445007324219,
    6.106935501098633
  ],
  "Vin": 47.96437072753906,
  "VF": 0.9591718316078186
}