{
  "L": 0.0007251098286360502,
  "RL": 0.31353089213371277,
  "C": 0.00016451867122668773,
  "RC": 0.20079079270362854,
  "Rdson": 0.22182726860046387,
  "Rloads": [
    3.099949359893799,
    10.196907043457031,
    6.098724365234375
  ],
  "Vin": 48.007511138916016,
  "VF": 0.9999679327011108
}