{
  "theta_log": [
    1.981152892112732,
    1.1427277326583862,
    0.4978538453578949,
    0.6970933079719543,
    0.7967288494110107,
    1.1313858032226562,
    2.322084426879883,
    1.8080796003341675,
    1.5687724351882935,
    -3.2067811844171956e-05
  ],
  "Sigma_log": [
    [
      2.2143503883853555e-05,
      2.2273581635090522e-05,
      -2.984158129493153e-07,
      3.935677383992697e-08,
      2.2110139980213717e-05,
      1.9318839861171e-09,
      -4.11189233773257e-08,
      -1.972241570058486e-08,
      1.1127673133159988e-05,
      0.0005518051912076771
    ],
    [
      2.2273530703387223e-05,
      0.00012826081365346909,
      -8.489370202369173e-07,
      -3.2741073852093905e-08,
      -0.0001271594810532406,
      2.300836001722928e-07,
      -6.27955444088002e-07,
      -9.536088185768676e-08,
      1.1197818821528926e-05,
      0.0004072629089932889
    ],
    [
      -2.984144202855532e-07,
      -8.489332685712725e-07,
      7.047051622066647e-05,
      4.4187817138663377e-07,
      -2.1972090280542034e-07,
      9.052746463567019e-07,
      -8.162872404682275e-07,
      9.007036396724288e-07,
      -1.4954520111132297e-07,
      -6.006025614624377e-06
    ],
    [
      3.935561920798136e-08,
      -3.274223914218055e-08,
      4.4188161041347485e-07,
      9.973625310522038e-06,
      -1.7641886529418116e-07,
      -2.0765644137554773e-07,
      -3.0275680273916805e-07,
      -2.607795863696083e-07,
      -1.8139019175578142e-09,
      -9.304608283855487e-08
    ],
    [
      2.2110170903033577e-05,
      -0.00012715940829366446,
      -2.1972135755277122e-07,
      -1.764176857932398e-07,
      0.00036015885416418314,
      -3.7447691170200414e-08,
      2.7307624606009995e-08,
      -9.009586676711479e-08,
      1.397661617374979e-05,
      0.0007595478091388941
    ],
    [
      1.9320574029535464e-09,
      2.3008372806998523e-07,
      9.052720884028531e-07,
      -2.0765638453212887e-07,
      -3.744779064618342e-08,
      5.700965175492456e-07,
      -4.928037533602492e-09,
      1.805804750176776e-08,
      5.306162620399846e-09,
      -1.2561076800921e-07
    ],
    [
      -4.111818441288051e-08,
      -6.279546482801379e-07,
      -8.162871836248087e-07,
      -3.027568311608775e-07,
      2.7308507455359177e-08,
      -4.9280619585090335e-09,
      5.563042577705346e-06,
      3.6264147240672173e-09,
      -4.5284906491360744e-08,
      2.768815647868905e-07
    ],
    [
      -1.972173357955853e-08,
      -9.536028500178872e-08,
      9.007035259855911e-07,
      -2.607795863696083e-07,
      -9.009510648638752e-08,
      1.805807769983403e-08,
      3.626413169754983e-09,
      2.0460317955439677e-06,
      -1.8085373199028254e-08,
      -9.108589438255876e-08
    ],
    [
      1.1127673133159988e-05,
      1.119784155889647e-05,
      -1.4954594007576816e-07,
      -1.813315719800812e-09,
      1.397659616486635e-05,
      5.3060715821118265e-09,
      -4.528527597358334e-08,
      -1.808571425954142e-08,
      5.671980943589006e-06,
      0.0002772895386442542
    ],
    [
      0.000551805307622999,
      0.00040726427687332034,
      -6.00605790168629e-06,
      -9.301733427946601e-08,
      0.0007595471106469631,
      -1.2561523021759058e-07,
      2.7686300541063247e-07,
      -9.110276266710571e-08,
      0.00027728965505957603,
      0.014010056853294373
    ]
  ],
  "theta_phys": [
    0.0007251098286360502,
    0.31353089213371277,
    0.00016451867122668773,
    0.20079079270362854,
    0.22182726860046387,
    3.099949359893799,
    10.196907043457031,
    6.098724365234375,
    48.007511138916016,
    0.9999679327011108
  ],
  "Sigma_phys": [
    [
      1.164270502923559e-11,
      5.063772512414744e-09,
      -3.559924978500245e-14,
      5.73016417301786e-12,
      3.5563967326623924e-09,
      4.342495980858008e-12,
      -3.0402830253351e-10,
      -8.72173513966068e-11,
      3.873622631545004e-07,
      4.0010655766309355e-07
    ],
    [
      5.0637609660952876e-09,
      1.260824592463905e-05,
      -4.378960041795388e-11,
      -2.061185444546254e-09,
      -8.84390374267241e-06,
      2.2362512197560136e-07,
      -2.0076020064152544e-06,
      -1.82343214305547e-07,
      0.00016854774730745703,
      0.00012768541637342423
    ],
    [
      -3.559908376654479e-14,
      -4.378940959837152e-11,
      1.9073826719451237e-12,
      1.4596929567844974e-11,
      -8.018654316932494e-12,
      4.616896864817477e-10,
      -1.3693884914900423e-09,
      9.037245951581951e-10,
      -1.1811277511597496e-09,
      -9.880717355414959e-10
    ],
    [
      5.729996338521559e-12,
      -2.0612587192658793e-09,
      1.459704405959439e-11,
      4.021060533432319e-07,
      -7.857850370385222e-09,
      -1.2925393377827277e-07,
      -6.198778805810434e-07,
      -3.193422628555709e-07,
      -1.7485046299725582e-08,
      -1.868219889900047e-08
    ],
    [
      3.5564018396883057e-09,
      -8.8438982857042e-06,
      -8.018670796805516e-12,
      -7.85779796785846e-09,
      1.7722459233482368e-05,
      -2.5751027976639307e-08,
      6.176853872830179e-08,
      -1.2188739617613464e-07,
      0.00014884222764521837,
      0.00016848302038852125
    ],
    [
      4.3428858599592335e-12,
      2.236252498732938e-07,
      4.6168838196969375e-10,
      -1.2925390535656334e-07,
      -2.5751097254556043e-08,
      5.4784486565040424e-06,
      -1.557747566494072e-07,
      3.414006926050206e-07,
      7.896676379459677e-07,
      -3.8937454860388243e-07
    ],
    [
      -3.040228346851137e-10,
      -2.0075995053048246e-06,
      -1.3693883804677398e-09,
      -6.198779942678811e-07,
      6.177053535338928e-08,
      -1.5577552403556183e-07,
      0.0005784279783256352,
      2.2551994049990753e-07,
      -2.2168234863784164e-05,
      2.8232450404175324e-06
    ],
    [
      -8.72143399166525e-11,
      -1.823420774371698e-07,
      9.037244841358927e-10,
      -3.193422628555709e-07,
      -1.2188635878374043e-07,
      3.414012610392092e-07,
      2.255198268130698e-07,
      7.610100146848708e-05,
      -5.295118171488866e-06,
      -5.554899757953535e-07
    ],
    [
      3.873622631545004e-07,
      0.0001685480965534225,
      -1.1811335243194776e-09,
      -1.747939570861945e-08,
      0.00014884200936648995,
      7.896541660556977e-07,
      -2.216841676272452e-05,
      -5.295218215906061e-06,
      0.013072334229946136,
      0.013311553746461868
    ],
    [
      4.001066145065124e-07,
      0.00012768583837896585,
      -9.880769535897116e-10,
      -1.8676425739272418e-08,
      0.00016848286031745374,
      -3.8938838997637504e-07,
      2.8230558655195637e-06,
      -5.555928055400727e-07,
      0.013311558403074741,
      0.014009159058332443
    ]
  ],
  "param_names": [
    "L",
    "RL",
    "C",
    "RC",
    "Rdson",
    "Rload1",
    "Rload2",
    "Rload3",
    "Vin",
    "VF"
  ]
}