{
  "theta_log": [
    1.975784420967102,
    1.1271861791610718,
    0.447772353887558,
    0.6380184292793274,
    0.8461803793907166,
    1.1311392784118652,
    2.3179738521575928,
    1.8098576068878174,
    1.5680702924728394,
    -0.052769266068935394
  ],
  "Sigma_log": [
    [
      0.0022328817285597324,
      0.0022545992396771908,
      -1.2521715689217672e-05,
      1.9546384919522097e-06,
      0.0022202886175364256,
      5.831751082041592e-07,
      -4.11350356444018e-06,
      -1.7534719063405646e-06,
      0.0011214078404009342,
      0.058522410690784454
    ],
    [
      0.002254636725410819,
      0.013366642408072948,
      -7.479092164430767e-05,
      -1.156017901848827e-06,
      -0.01242737378925085,
      2.165576552215498e-05,
      -5.7978835684480146e-05,
      -9.08251604414545e-06,
      0.0011327654356136918,
      0.043028514832258224
    ],
    [
      -1.2521997632575221e-05,
      -7.479095802409574e-05,
      0.006441737990826368,
      4.65827870357316e-05,
      1.787787550711073e-05,
      7.859776087570935e-05,
      -0.00010673276119632646,
      9.438473352929577e-05,
      -5.9607491493807174e-06,
      -0.00016989668074529618
    ],
    [
      1.954649860635982e-06,
      -1.1560296115931123e-06,
      4.658299803850241e-05,
      0.0011354219168424606,
      -2.829710501828231e-05,
      -2.104321902152151e-05,
      -3.1772564398124814e-05,
      -2.5609311705920845e-05,
      -1.2941809472977184e-06,
      -6.977084558457136e-05
    ],
    [
      0.0022202348336577415,
      -0.012427465990185738,
      1.7878410289995372e-05,
      -2.829712138918694e-05,
      0.03331760689616203,
      -2.6627888018992962e-06,
      1.3245884247226059e-06,
      -7.460786491719773e-06,
      0.001392276375554502,
      0.07944013923406601
    ],
    [
      5.832753231516108e-07,
      2.165583282476291e-05,
      7.859707693569362e-05,
      -2.1043211745563895e-05,
      -2.6626591989042936e-06,
      5.2469429647317156e-05,
      -7.786617288729758e-07,
      1.7169793409266276e-06,
      6.90753040544223e-07,
      -1.2774253264069557e-06
    ],
    [
      -4.113715931453044e-06,
      -5.797895573778078e-05,
      -0.00010673273936845362,
      -3.1772564398124814e-05,
      1.324235086030967e-06,
      -7.786651394781074e-07,
      0.0005126161267980933,
      -3.435665405504551e-07,
      -4.316091690270696e-06,
      1.6144185792654753e-05
    ],
    [
      -1.7534947573949466e-06,
      -9.08251604414545e-06,
      9.438471170142293e-05,
      -2.5609308067942038e-05,
      -7.460850156348897e-06,
      1.7169737702715793e-06,
      -3.435667110807117e-07,
      0.00019024104403797537,
      -1.6246585801127367e-06,
      -6.7444052547216415e-06
    ],
    [
      0.0011214078404009342,
      0.0011327466927468777,
      -5.960607268207241e-06,
      -1.294187200073793e-06,
      0.0013923037331551313,
      6.90704041517165e-07,
      -4.315984369895887e-06,
      -1.6246470977421268e-06,
      0.0005713347345590591,
      0.029390783980488777
    ],
    [
      0.05852234736084938,
      0.04302746802568436,
      -0.00016988915740512311,
      -6.9771173002664e-05,
      0.07944148033857346,
      -1.2801353932445636e-06,
      1.61499046953395e-05,
      -6.743774974893313e-06,
      0.029390757903456688,
      1.5630816221237183
    ]
  ],
  "theta_phys": [
    0.0007212274940684438,
    0.30869582295417786,
    0.00015648224507458508,
    0.1892726570367813,
    0.23307272791862488,
    3.0991852283477783,
    10.155077934265137,
    6.109577655792236,
    47.973819732666016,
    0.9485988616943359
  ],
  "Sigma_phys": [
    [
      1.161476026467767e-09,
      5.019637683290057e-07,
      -1.4131919376034197e-12,
      2.6682503428965276e-10,
      3.7322709545151156e-07,
      1.3035232893088278e-09,
      -3.012780069866494e-08,
      -7.726490558468413e-09,
      3.880075382767245e-05,
      4.003843423561193e-05
    ],
    [
      5.019721243115782e-07,
      0.0012737489305436611,
      -3.612806498409782e-09,
      -6.754343928605522e-08,
      -0.000894131837412715,
      2.0718191080959514e-05,
      -0.00018175379955209792,
      -1.7129636034951545e-05,
      0.016775483265519142,
      0.012599975802004337
    ],
    [
      -1.413223921567508e-12,
      -3.6128082747666213e-09,
      1.577368652361244e-10,
      1.379680147906015e-09,
      6.520373130314283e-10,
      3.8117356382372236e-08,
      -1.6960788684627914e-07,
      9.023562341781144e-08,
      -4.474764736528414e-08,
      -2.5219273780408002e-08
    ],
    [
      2.6682661635746285e-10,
      -6.75441285125089e-08,
      1.3796864761772554e-09,
      4.0675513446331024e-05,
      -1.248306830348156e-06,
      -1.234376395586878e-05,
      -6.106936780270189e-05,
      -2.9613993319799192e-05,
      -1.1751334568543825e-05,
      -1.2526924365374725e-05
    ],
    [
      3.732180573479127e-07,
      -0.0008941384730860591,
      6.520568529566617e-10,
      -1.2483075124691823e-06,
      0.0018099088920280337,
      -1.9234269075241173e-06,
      3.135131009912584e-06,
      -1.0623980415402912e-05,
      0.015567583963274956,
      0.01756362058222294
    ],
    [
      1.3037472212928947e-09,
      2.0718254745588638e-05,
      3.811702598000011e-08,
      -1.234375849890057e-05,
      -1.9233332295698347e-06,
      0.0005039662355557084,
      -2.450640567985829e-05,
      3.251051020924933e-05,
      0.00010270099301123992,
      -3.7554816572082927e-06
    ],
    [
      -3.0129356787256256e-08,
      -0.00018175417790189385,
      -1.696078584245697e-07,
      -6.106936780270189e-05,
      3.1342945021606283e-06,
      -2.45065130002331e-05,
      0.05286385118961334,
      -2.1315980120562017e-05,
      -0.0021027044858783484,
      0.00015551848628092557
    ],
    [
      -7.726591810808259e-09,
      -1.7129636034951545e-05,
      9.023560210152937e-08,
      -2.9613989681820385e-05,
      -1.0624071364873089e-05,
      3.251040470786393e-05,
      -2.1315992853487842e-05,
      0.007101115770637989,
      -0.00047618706594221294,
      -3.908745929948054e-05
    ],
    [
      3.880075382767245e-05,
      0.016775205731391907,
      -4.4746585103894176e-08,
      -1.1751391866710037e-05,
      0.01556788943707943,
      0.00010269370977766812,
      -0.0021026520989835262,
      -0.00047618368989787996,
      1.3149197101593018,
      1.3375132083892822
    ],
    [
      4.0038390579866245e-05,
      0.012599669396877289,
      -2.521815467559918e-08,
      -1.252698348253034e-05,
      0.017563918605446815,
      -3.7634488307958236e-06,
      0.00015557357983198017,
      -3.908380676875822e-05,
      1.3375120162963867,
      1.4065229892730713
    ]
  ],
  "param_names": [
    "L",
    "RL",
    "C",
    "RC",
    "Rdson",
    "Rload1",
    "Rload2",
    "Rload3",
    "Vin",
    "VF"
  ]
}