{
  "theta_log": [
    1.9776027202606201,
    1.1318752765655518,
    0.4876415431499481,
    0.6681064963340759,
    0.819973886013031,
    1.1314955949783325,
    2.320075750350952,
    1.8094251155853271,
    1.567873477935791,
    -0.041685041040182114
  ],
  "Sigma_log": [
    [
      0.0005635080160573125,
      0.0005677539738826454,
      -6.493857654277235e-06,
      9.37538743528421e-07,
      0.0005615535192191601,
      7.539671287304373e-08,
      -1.022174956233357e-06,
      -4.991645141672052e-07,
      0.0002829548029694706,
      0.014613247476518154
    ],
    [
      0.0005677532171830535,
      0.003329658880829811,
      -2.164735269616358e-05,
      -4.063709866386489e-07,
      -0.003196132369339466,
      5.731881628889823e-06,
      -1.5530082237091847e-05,
      -2.4281971491291188e-06,
      0.000285199232166633,
      0.010754251852631569
    ],
    [
      -6.493692126241513e-06,
      -2.1647210814990103e-05,
      0.0017603269079700112,
      1.1808785529865418e-05,
      -1.2839039982281975e-06,
      2.2458192688645795e-05,
      -2.5100107450271025e-05,
      2.4830300390021876e-05,
      -3.2092245874082437e-06,
      -0.00012913568934891373
    ],
    [
      9.375114586873678e-07,
      -4.0640048837303766e-07,
      1.1808768249466084e-05,
      0.0002693873830139637,
      -5.623281595035223e-06,
      -5.3807784752279986e-06,
      -7.990696758497506e-06,
      -6.645821940765018e-06,
      -9.058567229658365e-08,
      -4.958492354489863e-06
    ],
    [
      0.0005615535192191601,
      -0.003196131205186248,
      -1.2841056786783156e-06,
      -5.623258402920328e-06,
      0.008787417784333229,
      -8.53254164212558e-07,
      5.815429062749899e-07,
      -2.120506906067021e-06,
      0.0003534024581313133,
      0.019977234303951263
    ],
    [
      7.53934159547498e-08,
      5.7318807193951216e-06,
      2.2458172679762356e-05,
      -5.380775291996542e-06,
      -8.532525725968299e-07,
      1.4296403605840169e-05,
      -1.7874118896088476e-07,
      4.7537986347379046e-07,
      1.447069735149853e-07,
      -2.468041202519089e-06
    ],
    [
      -1.0221453976555495e-06,
      -1.553004221932497e-05,
      -2.5100105631281622e-05,
      -7.990697667992208e-06,
      5.815676900056133e-07,
      -1.7873931312806235e-07,
      0.0001394506252836436,
      -1.148180572840829e-08,
      -1.1181766694789985e-06,
      6.664922693744302e-06
    ],
    [
      -4.991623541172885e-07,
      -2.428192146908259e-06,
      2.4830300390021876e-05,
      -6.645821940765018e-06,
      -2.1205066786933457e-06,
      4.7538031822114135e-07,
      -1.1481874118146607e-08,
      5.1577211706899107e-05,
      -4.5107435653335415e-07,
      -2.5770168576855212e-06
    ],
    [
      0.00028295477386564016,
      0.00028519961051642895,
      -3.2093071240524296e-06,
      -9.057185934580048e-08,
      0.0003534023999236524,
      1.4470867881755112e-07,
      -1.1181913350810646e-06,
      -4.5107546498002193e-07,
      0.00014412327436730266,
      0.00733760604634881
    ],
    [
      0.014613251201808453,
      0.01075427420437336,
      -0.00012914006947539747,
      -4.957790679327445e-06,
      0.019977238029241562,
      -2.467950935169938e-06,
      6.6641550802160054e-06,
      -2.577073701104382e-06,
      0.007337609305977821,
      0.38614118099212646
    ]
  ],
  "theta_phys": [
    0.0007225400768220425,
    0.3101467192173004,
    0.00016284710727632046,
    0.1950540393590927,
    0.22704406082630157,
    3.100289821624756,
    10.176445007324219,
    6.106935501098633,
    47.964378356933594,
    0.9591718316078186
  ],
  "Sigma_phys": [
    [
      2.9418734115438383e-10,
      1.272299385846054e-07,
      -7.640904510670954e-13,
      1.321314169189236e-10,
      9.212197227270735e-08,
      1.688949397005146e-10,
      -7.515938982294301e-09,
      -2.20256612948333e-09,
      9.806133675738238e-06,
      1.0127566383744124e-05
    ],
    [
      1.2722976805434882e-07,
      0.00032028320129029453,
      -1.0933318694839045e-09,
      -2.4583565405578156e-08,
      -0.0002250619581900537,
      5.511460585694294e-06,
      -4.901590364170261e-05,
      -4.5991168917680625e-06,
      0.004242622293531895,
      0.003199217841029167
    ],
    [
      -7.640709354279906e-13,
      -1.0933247640565469e-09,
      4.6682428755939753e-11,
      3.750941224289761e-10,
      -4.7470385261538794e-11,
      1.13385398847754e-08,
      -4.159601374453814e-08,
      2.4693653344343147e-08,
      -2.50668055201686e-08,
      -2.01707823777042e-08
    ],
    [
      1.3212757277170084e-10,
      -2.4585348867844914e-08,
      3.750935395618882e-10,
      1.0249133083561901e-05,
      -2.490318706804828e-07,
      -3.2538860068598296e-06,
      -1.586118742125109e-05,
      -7.91638649388915e-06,
      -8.474874562125478e-07,
      -9.276860168938583e-07
    ],
    [
      9.212197227270735e-08,
      -0.00022506188543047756,
      -4.747784110303854e-11,
      -2.4903084749894333e-07,
      0.0004529826110228896,
      -6.006076773701352e-07,
      1.3436557537715998e-06,
      -2.9401751362456707e-06,
      0.0038485624827444553,
      0.0043505276553332806
    ],
    [
      1.6888755671740086e-10,
      5.511459676199593e-06,
      1.1338531002991203e-08,
      -3.253884187870426e-06,
      -6.00606540501758e-07,
      0.00013741412840317935,
      -5.639271876134444e-06,
      9.000495083455462e-06,
      2.1518430003197864e-05,
      -7.339240255532786e-06
    ],
    [
      -7.515722266759894e-09,
      -4.9015779950423166e-05,
      -4.159601374453814e-08,
      -1.5861189240240492e-05,
      1.3437129382509738e-06,
      -5.639212304231478e-06,
      0.01444151159375906,
      -7.135585633477604e-07,
      -0.0005457897204905748,
      6.505603960249573e-05
    ],
    [
      -2.202556581565318e-09,
      -4.599107796821045e-06,
      2.4693653344343147e-08,
      -7.91638649388915e-06,
      -2.94017468149832e-06,
      9.000503268907778e-06,
      -7.135628266041749e-07,
      0.0019235546933487058,
      -0.0001321266172453761,
      -1.5095135495357681e-05
    ],
    [
      9.806132766243536e-06,
      0.004242627881467342,
      -2.5067448561344463e-08,
      -8.473581942780584e-07,
      0.0038485617842525244,
      2.151868466171436e-05,
      -0.0005457968800328672,
      -0.00013212693738751113,
      0.33156734704971313,
      0.33757448196411133
    ],
    [
      1.012756911222823e-05,
      0.0031992243602871895,
      -2.017146627508737e-08,
      -9.275547085962899e-07,
      0.004350528586655855,
      -7.338971954595763e-06,
      6.504854536615312e-05,
      -1.509546837041853e-05,
      0.33757463097572327,
      0.35525399446487427
    ]
  ],
  "param_names": [
    "L",
    "RL",
    "C",
    "RC",
    "Rdson",
    "Rload1",
    "Rload2",
    "Rload3",
    "Vin",
    "VF"
  ]
}