{
  "L": 0.000725123449228704,
  "RL": 0.30964887142181396,
  "C": 0.00016586921992711723,
  "RC": 0.1893053948879242,
  "Rdson": 0.23275193572044373,
  "Rloads": [
    3.10219144821167,
    10.150311470031738,
    6.119194507598877
  ],
  "Vin": 48.093231201171875,
  "VF": 1.0873923301696777
}