{
  "L": 0.0007255899254232645,
  "RL": 0.34035512804985046,
  "C": 0.00016227881133090705,
  "RC": 0.20279577374458313,
  "Rdson": 0.17402097582817078,
  "Rloads": [
    3.100503444671631,
    10.206214904785156,
    6.094589710235596
  ],
  "Vin": 47.9072151184082,
  "VF": 0.8877832293510437
}