{
  "L": 0.0007245283341035247,
  "RL": 0.3153075873851776,
  "C": 0.00016483974468428642,
  "RC": 0.2006923407316208,
  "Rdson": 0.21834662556648254,
  "Rloads": [
    3.0992448329925537,
    10.200556755065918,
    6.100688457489014
  ],
  "Vin": 47.975467681884766,
  "VF": 0.9712977409362793
}