{
  "L": 0.0007240771083161235,
  "RL": 0.32240936160087585,
  "C": 0.0001522060774732381,
  "RC": 0.20329029858112335,
  "Rdson": 0.21072344481945038,
  "Rloads": [
    3.100346803665161,
    10.162174224853516,
    6.094684600830078
  ],
  "Vin": 47.901004791259766,
  "VF": 0.8479211926460266
}