{
  "theta_log": [
    1.9803506135940552,
    1.1483784914016724,
    0.4998035728931427,
    0.6966029405593872,
    0.7809135913848877,
    1.131158471107483,
    2.3224422931671143,
    1.8084015846252441,
    1.5681047439575195,
    -0.02912222407758236
  ],
  "Sigma_log": [
    [
      2.195077104261145e-05,
      2.207985926361289e-05,
      -2.9273357426973234e-07,
      3.8833739779420284e-08,
      2.1946796550764702e-05,
      1.981606878587172e-09,
      -4.152093424636405e-08,
      -1.917450731525605e-08,
      1.1025701496691909e-05,
      0.0005624169134534895
    ],
    [
      2.207961370004341e-05,
      0.00012607179814949632,
      -8.13155168088997e-07,
      -4.433941214188053e-08,
      -0.00012769130989909172,
      2.282932740627075e-07,
      -6.222380193321442e-07,
      -9.346128848619628e-08,
      1.10951559690875e-05,
      0.000415639893617481
    ],
    [
      -2.927314710632345e-07,
      -8.131552817758347e-07,
      7.02682082192041e-05,
      4.3319741394043376e-07,
      -2.7753333142754855e-07,
      8.833320634948905e-07,
      -8.124453643176821e-07,
      9.069996735888708e-07,
      -1.4724061259130394e-07,
      -6.0708589444402605e-06
    ],
    [
      3.88336367507236e-08,
      -4.433982070395359e-08,
      4.331955665293208e-07,
      9.927024620992597e-06,
      -1.5195581681837211e-07,
      -2.0766240993452811e-07,
      -3.0135169026834774e-07,
      -2.598728201519407e-07,
      -1.740144028872237e-09,
      -8.640540727355983e-08
    ],
    [
      2.1946900233160704e-05,
      -0.00012769091699738055,
      -2.775362588636199e-07,
      -1.51956271565723e-07,
      0.000368204724509269,
      -3.9220878988999175e-08,
      2.7941686298049717e-08,
      -9.182839733057335e-08,
      1.3913771908846684e-05,
      0.0007787271752022207
    ],
    [
      1.9806496442953403e-09,
      2.28292350357151e-07,
      8.833343372316449e-07,
      -2.0766235309110925e-07,
      -3.922181690541038e-08,
      5.682485948454996e-07,
      -4.657404240049345e-09,
      1.7887192171883726e-08,
      5.295355265388935e-09,
      -1.2817599781556055e-07
    ],
    [
      -4.151852550648982e-08,
      -6.222359729690652e-07,
      -8.124451937874255e-07,
      -3.0135169026834774e-07,
      2.794461373412105e-08,
      -4.657322971723943e-09,
      5.556346422963543e-06,
      3.5323466374137524e-09,
      -4.5360224021351314e-08,
      2.6950237952405587e-07
    ],
    [
      -1.9174144938460813e-08,
      -9.34611676939312e-08,
      9.069995030586142e-07,
      -2.598727633085218e-07,
      -9.182796389950454e-08,
      1.788712467032383e-08,
      3.5323464153691475e-09,
      2.0435375063243555e-06,
      -1.778179381517475e-08,
      -8.18238277133787e-08
    ],
    [
      1.1025698768207803e-05,
      1.1095276931882836e-05,
      -1.4724164998369815e-07,
      -1.7400978435944126e-09,
      1.391371370118577e-05,
      5.295832217200314e-09,
      -4.536142839128843e-08,
      -1.778197322721553e-08,
      5.617619535769336e-06,
      0.000282490742392838
    ],
    [
      0.0005624173209071159,
      0.0004156466166023165,
      -6.070914423617069e-06,
      -8.640321880193369e-08,
      0.000778724963311106,
      -1.2815107197639009e-07,
      2.694397949198901e-07,
      -8.183341293488411e-08,
      0.0002824911498464644,
      0.014682743698358536
    ]
  ],
  "theta_phys": [
    0.0007245283341035247,
    0.3153075873851776,
    0.00016483974468428642,
    0.2006923407316208,
    0.21834662556648254,
    3.0992448329925537,
    10.200556755065918,
    6.100688457489014,
    47.975467681884766,
    0.9712977409362793
  ],
  "Sigma_phys": [
    [
      1.1522865994706422e-11,
      5.044128226217026e-09,
      -3.49614847976968e-14,
      5.646708794992961e-12,
      3.4719462860266503e-09,
      4.449679773949056e-12,
      -3.068642839831881e-10,
      -8.475365548266112e-11,
      3.8324881757034746e-07,
      3.95791204255147e-07
    ],
    [
      5.044071826887375e-09,
      1.2533916560641956e-05,
      -4.226392152917313e-11,
      -2.805789822701854e-09,
      -8.791080290393438e-06,
      2.2309171754386625e-07,
      -2.0013121684314683e-06,
      -1.7978150879116583e-07,
      0.00016783674072939903,
      0.0001272928639082238
    ],
    [
      -3.496123068781262e-14,
      -4.2263924998620084e-11,
      1.9093377053025495e-12,
      1.4331068450001982e-11,
      -9.98903564031206e-12,
      4.512755724661588e-10,
      -1.3660921283076277e-09,
      9.121114974419697e-10,
      -1.1644175623715114e-09,
      -9.719959281895285e-10
    ],
    [
      5.646694049843415e-12,
      -2.8058158019206303e-09,
      1.4331007734680323e-11,
      3.998348745426483e-07,
      -6.658779305723783e-09,
      -1.2916491698433674e-07,
      -6.169192374727572e-07,
      -3.181782517458487e-07,
      -1.6754643894500987e-08,
      -1.6843181072090374e-08
    ],
    [
      3.471962717327415e-09,
      -8.791053005552385e-06,
      -9.989141458444095e-12,
      -6.6587988456490166e-09,
      1.7554251826368272e-05,
      -2.654114616973402e-08,
      6.223331894261719e-08,
      -1.2232136725742748e-07,
      0.00014575067325495183,
      0.00016515213064849377
    ],
    [
      4.4475304515623204e-12,
      2.2309080804916448e-07,
      4.5127671044475903e-10,
      -1.291648885626273e-07,
      -2.6541782105482525e-08,
      5.458208761410788e-06,
      -1.4723927677096071e-07,
      3.382025681730738e-07,
      7.873543381720083e-07,
      -3.858468744510901e-07
    ],
    [
      -3.068464926592185e-10,
      -2.0013055745948805e-06,
      -1.3660917952407203e-09,
      -6.169192374727572e-07,
      6.223984172493147e-08,
      -1.4723671881711198e-07,
      0.0005781453801319003,
      2.1981941245030612e-07,
      -2.2198226361069828e-05,
      2.6701698061515344e-06
    ],
    [
      -8.475205259816931e-11,
      -1.797812814174904e-07,
      9.121112753973648e-10,
      -3.181781949024298e-07,
      -1.2232078461238416e-07,
      3.3820128919614945e-07,
      2.198193982394514e-07,
      7.60572002036497e-05,
      -5.204435638006544e-06,
      -4.848540129387402e-07
    ],
    [
      3.8324870388350973e-07,
      0.0001678385742707178,
      -1.164425889044196e-09,
      -1.6754199805291137e-08,
      0.00014575006207451224,
      7.874251650719089e-07,
      -2.2198815713636577e-05,
      -5.204487933951896e-06,
      0.012929769232869148,
      0.013163634575903416
    ],
    [
      3.957914600505319e-07,
      0.000127294915728271,
      -9.720048099737255e-10,
      -1.6842754746448918e-08,
      0.00016515166498720646,
      -3.8577184113819385e-07,
      2.6695497581386007e-06,
      -4.849107995141821e-07,
      0.013163654133677483,
      0.013851983472704887
    ]
  ],
  "param_names": [
    "L",
    "RL",
    "C",
    "RC",
    "Rdson",
    "Rload1",
    "Rload2",
    "Rload3",
    "Vin",
    "VF"
  ]
}