{
  "theta_log": [
    1.9818148612976074,
    1.2248194217681885,
    0.4841457009315491,
    0.7070292234420776,
    0.5540056824684143,
    1.1315644979476929,
    2.3229968547821045,
    1.807401418685913,
    1.5666810274124146,
    -0.11902767419815063
  ],
  "Sigma_log": [
    [
      0.0005433598416857421,
      0.0005455589853227139,
      -6.050011052138871e-06,
      7.881684496169328e-07,
      0.000543341098818928,
      8.252075645032164e-08,
      -1.007957166621054e-06,
      -4.89869023567735e-07,
      0.00027251566643826663,
      0.015182245522737503
    ],
    [
      0.0005455617210827768,
      0.0027490241918712854,
      -1.815574250940699e-05,
      -9.647845899962704e-07,
      -0.003753333119675517,
      5.208359198149992e-06,
      -1.4201892554410733e-05,
      -2.1680900772480527e-06,
      0.0002737309841904789,
      0.01148778386414051
    ],
    [
      -6.050062438589521e-06,
      -1.8155760699301027e-05,
      0.0016759693389758468,
      1.0400316568848211e-05,
      -4.580463610182051e-06,
      2.1544197807088494e-05,
      -1.915126631502062e-05,
      1.998992229346186e-05,
      -3.0366454666364007e-06,
      -0.00013033050345256925
    ],
    [
      7.881874921622511e-07,
      -9.647669685364235e-07,
      1.0400313840364106e-05,
      0.0002399627264821902,
      -5.503498414327623e-06,
      -4.995054041501135e-06,
      -7.22186496204813e-06,
      -6.247785222512903e-06,
      -1.3112617125443649e-07,
      -7.401431503240019e-06
    ],
    [
      0.0005433339392766356,
      -0.0037533417344093323,
      -4.580338554660557e-06,
      -5.503524334926624e-06,
      0.013996731489896774,
      -1.1492445537442109e-06,
      1.1262662837907556e-06,
      -2.700581717363093e-06,
      0.000362023594789207,
      0.02251669019460678
    ],
    [
      8.253027772298083e-08,
      5.208366928854957e-06,
      2.1544050468946807e-05,
      -4.995053586753784e-06,
      -1.1492360272313817e-06,
      1.3598849363916088e-05,
      -1.1405035849065825e-07,
      4.1226689972972963e-07,
      1.4710144569107797e-07,
      -2.466971636749804e-06
    ],
    [
      -1.0079542107632733e-06,
      -1.4201889825926628e-05,
      -1.9151264496031217e-05,
      -7.2218635978060775e-06,
      1.1262835641900892e-06,
      -1.1405129640706946e-07,
      0.00013276597019284964,
      1.0847713838302298e-07,
      -1.1072575034631882e-06,
      7.607086445204914e-06
    ],
    [
      -4.898633960692678e-07,
      -2.168084620279842e-06,
      1.9989920474472456e-05,
      -6.247785677260254e-06,
      -2.700571940295049e-06,
      4.122675250073371e-07,
      1.0847718812101448e-07,
      4.8655958380550146e-05,
      -4.453692099559703e-07,
      -2.7551723178476095e-06
    ],
    [
      0.00027251557912677526,
      0.0002737295289989561,
      -3.0366181817953475e-06,
      -1.311357209488051e-07,
      0.00036202697083353996,
      1.4709655715705594e-07,
      -1.1072588677052408e-06,
      -4.453720237052039e-07,
      0.0001386422081850469,
      0.007614285685122013
    ],
    [
      0.01518224086612463,
      0.011487703770399094,
      -0.00013032907736487687,
      -7.401964921882609e-06,
      0.0225168876349926,
      -2.4672315248608356e-06,
      7.607011866639368e-06,
      -2.755330115178367e-06,
      0.007614286616444588,
      0.43227046728134155
    ]
  ],
  "theta_phys": [
    0.0007255899254232645,
    0.34035512804985046,
    0.00016227881133090705,
    0.20279577374458313,
    0.17402097582817078,
    3.100503444671631,
    10.206214904785156,
    6.094589710235596,
    47.9072151184082,
    0.8877832293510437
  ],
  "Sigma_phys": [
    [
      2.86068502219905e-10,
      1.347302998055966e-07,
      -7.123759590034473e-13,
      1.159762841318468e-10,
      6.860651780016269e-08,
      1.8564645654084444e-10,
      -7.464453943839544e-09,
      -2.1662855953508142e-09,
      9.472914825892076e-06,
      9.779894753592089e-06
    ],
    [
      1.347309677157682e-07,
      0.0003184514062013477,
      -1.0027856323091555e-09,
      -6.659192308688944e-08,
      -0.0002223059127572924,
      5.496237008628668e-06,
      -4.9333648348692805e-05,
      -4.49732306151418e-06,
      0.004463311284780502,
      0.003471166593953967
    ],
    [
      -7.123819763255046e-13,
      -1.0027866315098777e-09,
      4.4135667343070395e-11,
      3.4226876888254765e-10,
      -1.293519180656233e-10,
      1.0839877440105283e-08,
      -3.1719331161639275e-08,
      1.977048924572955e-08,
      -2.36078712134713e-08,
      -1.8776507459961067e-08
    ],
    [
      1.1597908744498397e-10,
      -6.659070805881129e-08,
      3.422686578602452e-10,
      9.868736924545374e-06,
      -1.9422240882249753e-07,
      -3.1407350888912333e-06,
      -1.4947650925023481e-05,
      -7.721993824816309e-06,
      -1.2739405974571127e-06,
      -1.332544002252689e-06
    ],
    [
      6.860562251631563e-08,
      -0.00022230642207432538,
      -1.293483792297323e-10,
      -1.9422333252805402e-07,
      0.0004238672263454646,
      -6.200779125720146e-07,
      2.0003565168735804e-06,
      -2.8642002689593937e-06,
      0.0030181403271853924,
      0.003478668862953782
    ],
    [
      1.856678699674319e-10,
      5.496245194080984e-06,
      1.0839802833118029e-08,
      -3.140734861517558e-06,
      -6.200733082550869e-07,
      0.00013072739238850772,
      -3.6090557387069566e-06,
      7.790316885802895e-06,
      2.184993172704708e-05,
      -6.790524366806494e-06
    ],
    [
      -7.464431739379052e-09,
      -4.933363743475638e-05,
      -3.1719327608925596e-08,
      -1.494765001552878e-05,
      2.00038698494609e-06,
      -3.6090852972847642e-06,
      0.013829809613525867,
      6.7475698415364604e-06,
      -0.000541395042091608,
      6.892710371175781e-05
    ],
    [
      -2.1662607263550626e-09,
      -4.497312147577759e-06,
      1.977048746937271e-08,
      -7.72199473431101e-06,
      -2.8641900371439988e-06,
      7.79032961872872e-06,
      6.7475734795152675e-06,
      0.0018072781385853887,
      -0.00013003659842070192,
      -1.4907340300851502e-05
    ],
    [
      9.47291209740797e-06,
      0.00446328753605485,
      -2.360765982700741e-08,
      -1.2740334796035313e-06,
      0.003018168266862631,
      2.1849205950275064e-05,
      -0.0005413956823758781,
      -0.0001300374133279547,
      0.31819790601730347,
      0.32384487986564636
    ],
    [
      9.779892025107983e-06,
      0.0034711426123976707,
      -1.8776301402567697e-08,
      -1.3326400676305639e-06,
      0.003478699130937457,
      -6.7912396843894385e-06,
      6.892641977174208e-05,
      -1.4908194316376466e-05,
      0.32384490966796875,
      0.34069788455963135
    ]
  ],
  "param_names": [
    "L",
    "RL",
    "C",
    "RC",
    "Rdson",
    "Rload1",
    "Rload2",
    "Rload3",
    "Vin",
    "VF"
  ]
}