{
  "theta_log": [
    1.9797277450561523,
    1.170651912689209,
    0.42006516456604004,
    0.7094647884368896,
    0.7453764081001282,
    1.1315139532089233,
    2.3186724185943604,
    1.8074170351028442,
    1.5665514469146729,
    -0.1649675816297531
  ],
  "Sigma_log": [
    [
      0.0023749906104058027,
      0.0023999244440346956,
      -8.937224265537225e-06,
      1.2156664297435782e-06,
      0.002338260179385543,
      6.666184049208823e-07,
      -4.557353804557351e-06,
      -1.755819539539516e-06,
      0.001190671813674271,
      0.0693487748503685
    ],
    [
      0.0023998934775590897,
      0.013223575428128242,
      -8.020103996386752e-05,
      2.668070465006167e-06,
      -0.014134774915874004,
      2.263882925035432e-05,
      -6.163777288747951e-05,
      -9.513452823739499e-06,
      0.001203646999783814,
      0.05179690569639206
    ],
    [
      -8.937251550378278e-06,
      -8.020125824259594e-05,
      0.006565623451024294,
      4.625807923730463e-05,
      4.539664587355219e-05,
      8.774651359999552e-05,
      -0.0001038517220877111,
      7.633536733919755e-05,
      -4.040496605739463e-06,
      -5.963043076917529e-05
    ],
    [
      1.2157394166933955e-06,
      2.668196202648687e-06,
      4.625792644219473e-05,
      0.0010605690767988563,
      -4.43057797383517e-05,
      -2.011703145399224e-05,
      -3.0912920919945464e-05,
      -2.559300628490746e-05,
      -1.889040504465811e-06,
      -0.0001165844441857189
    ],
    [
      0.0023383046500384808,
      -0.014134703204035759,
      4.539658038993366e-05,
      -4.4305765186436474e-05,
      0.04270732030272484,
      -2.378699946348206e-06,
      1.9666479147417704e-06,
      -8.366907422896475e-06,
      0.0014982097782194614,
      0.09620506316423416
    ],
    [
      6.665534328931244e-07,
      2.2638751033809967e-05,
      8.774667367106304e-05,
      -2.0117029635002837e-05,
      -2.3787570171407424e-06,
      5.308783511281945e-05,
      -8.74664749517251e-07,
      1.6057755374276894e-06,
      7.815915523678996e-07,
      -4.855683073401451e-07
    ],
    [
      -4.557262855087174e-06,
      -6.16376637481153e-05,
      -0.00010385171481175348,
      -3.091292455792427e-05,
      1.9666833850351395e-06,
      -8.74654972449207e-07,
      0.0005137225380167365,
      1.147002777202033e-07,
      -4.781558345712256e-06,
      2.046494046226144e-05
    ],
    [
      -1.7558251101945643e-06,
      -9.513470104138833e-06,
      7.633536006323993e-05,
      -2.5593002646928653e-05,
      -8.366902875422966e-06,
      1.605771217327856e-06,
      1.1470017113879294e-07,
      0.00018946699856314808,
      -1.7040738384821452e-06,
      -3.1766830943524837e-06
    ],
    [
      0.0011906720465049148,
      0.0012036625994369388,
      -4.040477506350726e-06,
      -1.8890774526880705e-06,
      0.0014981876593083143,
      7.816233846824616e-07,
      -4.78160154671059e-06,
      -1.70407110999804e-06,
      0.000605595821980387,
      0.034766361117362976
    ],
    [
      0.06934881955385208,
      0.05179784819483757,
      -5.962993236607872e-05,
      -0.00011658643779810518,
      0.09620380401611328,
      -4.836534799323999e-07,
      2.0462410248001106e-05,
      -3.176543714289437e-06,
      0.03476637974381447,
      2.0638606548309326
    ]
  ],
  "theta_phys": [
    0.0007240771083161235,
    0.32240936160087585,
    0.0001522060774732381,
    0.20329029858112335,
    0.21072344481945038,
    3.100346803665161,
    10.162174224853516,
    6.094684600830078,
    47.901004791259766,
    0.8479211926460266
  ],
  "Sigma_phys": [
    [
      1.2451782938072142e-09,
      5.602605597232468e-07,
      -9.84962003451606e-13,
      1.7894348502967006e-10,
      3.5677177834259055e-07,
      1.4964850469922908e-09,
      -3.353390809479606e-08,
      -7.748469421642312e-09,
      4.129728768020868e-05,
      4.257739783497527e-05
    ],
    [
      5.602533406090515e-07,
      0.0013745614560320973,
      -3.935678449806801e-09,
      1.7487252534920117e-07,
      -0.000960305507760495,
      2.262933958263602e-05,
      -0.0002019487728830427,
      -1.8693777747103013e-05,
      0.018588801845908165,
      0.014160120859742165
    ],
    [
      -9.849649307974717e-13,
      -3.935689552037047e-09,
      1.5210376014263005e-10,
      1.4313183971381704e-09,
      1.4560243011274565e-09,
      4.140684239928305e-08,
      -1.6063209784533683e-07,
      7.081235509076578e-08,
      -2.94585493776367e-08,
      -7.695829751241945e-09
    ],
    [
      1.789542264374333e-10,
      1.7488076764493599e-07,
      1.4313136231791646e-09,
      4.38300812675152e-05,
      -1.8979724245582474e-06,
      -1.2679170140472706e-05,
      -6.386212044162676e-05,
      -3.170948548358865e-05,
      -1.839511787693482e-05,
      -2.0096143998671323e-05
    ],
    [
      3.567785711311444e-07,
      -0.0009603005601093173,
      1.4560220806814073e-09,
      -1.8979717424372211e-06,
      0.001896391622722149,
      -1.5540421145487926e-06,
      4.211396117170807e-06,
      -1.0745559848146513e-05,
      0.015122727490961552,
      0.017189620062708855
    ],
    [
      1.4963392747091575e-09,
      2.262926136609167e-05,
      4.1406920558983984e-08,
      -1.2679169230978005e-05,
      -1.5540794038315653e-06,
      0.0005102882860228419,
      -2.7557418434298597e-05,
      3.034215114894323e-05,
      0.00011607394844759256,
      -1.2764861594405374e-06
    ],
    [
      -3.3533240184624447e-08,
      -0.0002019484236370772,
      -1.6063209784533683e-07,
      -6.386212771758437e-05,
      4.211472059978405e-06,
      -2.7557111025089398e-05,
      0.053052015602588654,
      7.10398990122485e-06,
      -0.0023275590501725674,
      0.0001763407199177891
    ],
    [
      -7.748494290638064e-09,
      -1.8693810488912277e-05,
      7.081234798533842e-08,
      -3.1709481845609844e-05,
      -1.07455534816836e-05,
      3.0342067475430667e-05,
      7.103983534761937e-06,
      0.0070377858355641365,
      -0.0004974899347871542,
      -1.6416501239291392e-05
    ],
    [
      4.12972949561663e-05,
      0.018589043989777565,
      -2.9458410821803227e-08,
      -1.8395476217847317e-05,
      0.01512250304222107,
      0.00011607867782004178,
      -0.00232758023776114,
      -0.0004974891198799014,
      1.3895434141159058,
      1.41208016872406
    ],
    [
      4.257742330082692e-05,
      0.014160378836095333,
      -7.695764914217307e-09,
      -2.0096487787668593e-05,
      0.017189396545290947,
      -1.2714523336398997e-06,
      0.00017631890659686178,
      -1.6415780919487588e-05,
      1.4120808839797974,
      1.4838546514511108
    ]
  ],
  "param_names": [
    "L",
    "RL",
    "C",
    "RC",
    "Rdson",
    "Rload1",
    "Rload2",
    "Rload3",
    "Vin",
    "VF"
  ]
}