{
  "L": 0.0007255487143993378,
  "RL": 0.3137124478816986,
  "C": 0.00016451140982098877,
  "RC": 0.20079323649406433,
  "Rdson": 0.22199110686779022,
  "Rloads": [
    3.099950075149536,
    10.196880340576172,
    6.098735332489014
  ],
  "Vin": 48.022216796875,
  "VF": 1.0151517391204834
}