{
  "L": 0.000726115598808974,
  "RL": 0.31551164388656616,
  "C": 0.00015625495871063322,
  "RC": 0.18961796164512634,
  "Rdson": 0.23122365772724152,
  "Rloads": [
    3.0993025302886963,
    10.152514457702637,
    6.1108527183532715
  ],
  "Vin": 48.143165588378906,
  "VF": 1.0962470769882202
}