{
  "L": 0.000726111582480371,
  "RL": 0.31257373094558716,
  "C": 0.00016270592459477484,
  "RC": 0.1951284408569336,
  "Rdson": 0.22767440974712372,
  "Rloads": [
    3.1003074645996094,
    10.175780296325684,
    6.107253074645996
  ],
  "Vin": 48.085289001464844,
  "VF": 1.0785138607025146
}