{
  "theta_log": [
    1.9817579984664917,
    1.1433066129684448,
    0.4978097081184387,
    0.6971055269241333,
    0.7974671721458435,
    1.1313860416412354,
    2.3220818042755127,
    1.8080813884735107,
    1.5690786838531494,
    0.015038098208606243
  ],
  "Sigma_log": [
    [
      1.8335953427595086e-05,
      1.946240445249714e-05,
      -2.56649343555182e-07,
      3.999439712742969e-08,
      1.685778988758102e-05,
      2.7750006736937394e-09,
      -4.2945497824575796e-08,
      -1.9072249557439136e-08,
      9.216828402713872e-06,
      0.0004485996614675969
    ],
    [
      1.946221527759917e-05,
      0.00012584748037625104,
      -8.165745839505689e-07,
      -3.23103144239667e-08,
      -0.0001304161996813491,
      2.3022501238756377e-07,
      -6.280603201958002e-07,
      -9.479642670839894e-08,
      9.790563126443885e-06,
      0.00033153232652693987
    ],
    [
      -2.56638116979957e-07,
      -8.165670806192793e-07,
      7.038359763100743e-05,
      4.4113733110862086e-07,
      -1.635810917832714e-07,
      9.041990551850176e-07,
      -8.154647161973116e-07,
      8.99908457085985e-07,
      -1.2859972287060373e-07,
      -4.877551873505581e-06
    ],
    [
      3.999511832830649e-08,
      -3.230960388123094e-08,
      4.411403722315299e-07,
      9.9658082035603e-06,
      -1.750372717879145e-07,
      -2.0748491635913524e-07,
      -3.0249441351770656e-07,
      -2.605644056075107e-07,
      -1.4739960363385762e-09,
      -7.474386620742735e-08
    ],
    [
      1.685809729679022e-05,
      -0.0001304156903643161,
      -1.6360009169602563e-07,
      -1.7503836602372758e-07,
      0.00035160398692823946,
      -3.573520501731764e-08,
      2.3567444884520228e-08,
      -8.911927551480403e-08,
      1.1331785572110675e-05,
      0.0006163509096950293
    ],
    [
      2.774424467943959e-09,
      2.3022445816422987e-07,
      9.042000783665571e-07,
      -2.0748498741340882e-07,
      -3.573588358563029e-08,
      5.696464882021246e-07,
      -4.921449470174366e-09,
      1.804285432172037e-08,
      5.7289852861686086e-09,
      -1.0217354429187253e-07
    ],
    [
      -4.2943955946839196e-08,
      -6.280588422669098e-07,
      -8.154647730407305e-07,
      -3.0249441351770656e-07,
      2.3569844742610258e-08,
      -4.921434815230441e-09,
      5.558247266890248e-06,
      3.62048258040204e-09,
      -4.619771942770967e-08,
      2.250781108159572e-07
    ],
    [
      -1.9071809020942965e-08,
      -9.479612117502256e-08,
      8.999085139294039e-07,
      -2.605643771858013e-07,
      -8.911861471005977e-08,
      1.804285432172037e-08,
      3.62048302449125e-09,
      2.0444028905330924e-06,
      -1.775701008455144e-08,
      -7.386881861748407e-08
    ],
    [
      9.216828402713872e-06,
      9.790659532882273e-06,
      -1.2860542142334452e-07,
      -1.474372623988529e-09,
      1.133162913902197e-05,
      5.729286378652887e-09,
      -4.619849391929165e-08,
      -1.7757230352799525e-08,
      4.712953796115471e-06,
      0.00022548472043126822
    ],
    [
      0.00044860001071356237,
      0.0003315372741781175,
      -4.877834271610482e-06,
      -7.476174346265907e-08,
      0.000616343691945076,
      -1.0215963186510635e-07,
      2.250402530989959e-07,
      -7.387996703300814e-08,
      0.00022548489505425096,
      0.011225529946386814
    ]
  ],
  "theta_phys": [
    0.0007255487143993378,
    0.3137124478816986,
    0.00016451140982098877,
    0.20079323649406433,
    0.22199110686779022,
    3.099950075149536,
    10.196880340576172,
    6.098735332489014,
    48.022216796875,
    1.0151517391204834
  ],
  "Sigma_phys": [
    [
      9.652429897033521e-12,
      4.429908884162614e-09,
      -3.0633932483802376e-14,
      5.8265948489621966e-12,
      2.7152060599888728e-09,
      6.241433585241207e-12,
      -3.1772512398831054e-10,
      -8.439336035559464e-11,
      3.2113695169755374e-07,
      3.304124902570038e-07
    ],
    [
      4.429866251598469e-09,
      1.2385342415655032e-05,
      -4.214282395276214e-11,
      -2.035269952571639e-09,
      -9.082363249035552e-06,
      2.2389220077911887e-07,
      -2.0090949419682147e-06,
      -1.8136918811251235e-07,
      0.000147496466524899,
      0.00010558169014984742
    ],
    [
      -3.0632594171745714e-14,
      -4.2142435374703524e-11,
      1.904861901894095e-12,
      1.457199118315433e-11,
      -5.973993001673339e-12,
      4.611208914706566e-10,
      -1.3679445354242148e-09,
      9.028885972206524e-10,
      -1.0159638685891537e-09,
      -8.145708552120823e-10
    ],
    [
      5.826699799732493e-12,
      -2.035225099561444e-09,
      1.4572091797115938e-11,
      4.0180069049711165e-07,
      -7.802166024362123e-09,
      -1.29148787664235e-07,
      -6.193466219883703e-07,
      -3.190832273958222e-07,
      -1.4213060950396539e-08,
      -1.5235460892881747e-08
    ],
    [
      2.715255575935771e-09,
      -9.082327778742183e-06,
      -5.97468689106373e-12,
      -7.802214874175206e-09,
      1.73270618688548e-05,
      -2.4591587433064888e-08,
      5.3347662287706044e-08,
      -1.2065545718087378e-07,
      0.00012080256419721991,
      0.00013889755064155906
    ],
    [
      6.240137746804653e-12,
      2.2389164655578497e-07,
      4.611213910710177e-10,
      -1.2914883029679913e-07,
      -2.459205283855681e-08,
      5.4741267376812175e-06,
      -1.5556612709133333e-07,
      3.4111414493054326e-07,
      8.528538160135213e-07,
      -3.215319566152175e-07
    ],
    [
      -3.177137164467325e-10,
      -2.0090901671210304e-06,
      -1.3679446464465173e-09,
      -6.193466219883703e-07,
      5.335309793963461e-08,
      -1.5556567234398244e-07,
      0.0005779263447038829,
      2.2515082775953488e-07,
      -2.2621950847678818e-05,
      2.329869403183693e-06
    ],
    [
      -8.439141052640764e-11,
      -1.8136860546746902e-07,
      9.028885972206524e-10,
      -3.190831705524033e-07,
      -1.2065457610788144e-07,
      3.4111414493054326e-07,
      2.2515087039209902e-07,
      7.604069105582312e-05,
      -5.200580744713079e-06,
      -4.573323337808688e-07
    ],
    [
      3.2113695169755374e-07,
      0.00014749792171642184,
      -1.016008832621651e-09,
      -1.4216691823776273e-08,
      0.00012080089800292626,
      8.528986654710025e-07,
      -2.262233101646416e-05,
      -5.200644864089554e-06,
      0.010868700221180916,
      0.010992343537509441
    ],
    [
      3.304127744740981e-07,
      0.0001055832690326497,
      -8.146180952017801e-10,
      -1.5239104200759357e-08,
      0.0001388959208270535,
      -3.2148815876098524e-07,
      2.329477410967229e-06,
      -4.574013416913658e-07,
      0.010992351919412613,
      0.011568279936909676
    ]
  ],
  "param_names": [
    "L",
    "RL",
    "C",
    "RC",
    "Rdson",
    "Rload1",
    "Rload2",
    "Rload3",
    "Vin",
    "VF"
  ]
}