{
  "theta_log": [
    1.982533574104309,
    1.1396701335906982,
    0.486774206161499,
    0.6684878468513489,
    0.8227463960647583,
    1.131501317024231,
    2.3200104236602783,
    1.8094770908355713,
    1.5703911781311035,
    0.0755840390920639
  ],
  "Sigma_log": [
    [
      0.00010955175821436569,
      0.00022573801106773317,
      -2.4115699943649815e-06,
      1.0890390740314615e-06,
      -4.7858411562629044e-05,
      1.4025752648194612e-07,
      -1.1945181768169277e-06,
      -4.1475095713394694e-07,
      5.5177169997477904e-05,
      0.0023491212632507086
    ],
    [
      0.00022573811293113977,
      0.002891045995056629,
      -1.7747368474374525e-05,
      -3.87856573524914e-07,
      -0.0033571466337889433,
      5.5732384680595715e-06,
      -1.5114886082301382e-05,
      -2.333887096028775e-06,
      0.00011535709199961275,
      0.0017643914325162768
    ],
    [
      -2.411559989923262e-06,
      -1.7747341189533472e-05,
      0.0017376623582094908,
      1.1554629963939078e-05,
      3.2312593702954473e-06,
      2.219001362391282e-05,
      -2.4877423129510134e-05,
      2.472478081472218e-05,
      -1.166787342299358e-06,
      -2.0320479961810634e-05
    ],
    [
      1.089038846657786e-06,
      -3.878508891830279e-07,
      1.1554624506970868e-05,
      0.0002686569350771606,
      -5.1640868150570896e-06,
      -5.3617495723301545e-06,
      -7.955919500091113e-06,
      -6.6227757997694425e-06,
      -1.1222425655432744e-08,
      -6.779146133339964e-07
    ],
    [
      -4.785940473084338e-05,
      -0.003357148030772805,
      3.2312773328158073e-06,
      -5.164082267583581e-06,
      0.007443953305482864,
      -4.915597742183309e-07,
      -2.927170896782627e-07,
      -2.001949042096385e-06,
      4.4113512558396906e-05,
      0.0031057619489729404
    ],
    [
      1.4025437167219934e-07,
      5.57323255634401e-06,
      2.219003908976447e-05,
      -5.361750027077505e-06,
      -4.915648332826095e-07,
      1.4266607649915386e-05,
      -1.7602046398224047e-07,
      4.7372066092066234e-07,
      1.7791330719774123e-07,
      -4.348148650024086e-07
    ],
    [
      -1.1945114692935022e-06,
      -1.5114886991796084e-05,
      -2.4877419491531327e-05,
      -7.955918590596411e-06,
      -2.927073410319281e-07,
      -1.760208760970272e-07,
      0.0001389080280205235,
      -1.3227214878952509e-08,
      -1.2061514098604675e-06,
      1.2088821677025408e-06
    ],
    [
      -4.147471770465927e-07,
      -2.333880956939538e-06,
      2.4724778995732777e-05,
      -6.62277443552739e-06,
      -2.0019492694700602e-06,
      4.73722224114681e-07,
      -1.3227285933226085e-08,
      5.14622479386162e-05,
      -4.0868036421670695e-07,
      -3.5547782317735255e-07
    ],
    [
      5.5177155445562676e-05,
      0.00011535700468812138,
      -1.166792685580731e-06,
      -1.1222255125176162e-08,
      4.411396002979018e-05,
      1.7791475670492218e-07,
      -1.206154934152437e-06,
      -4.0868224004952936e-07,
      2.9810855266987346e-05,
      0.0011810635915026069
    ],
    [
      0.0023491214960813522,
      0.0017643894534558058,
      -2.0320680050645024e-05,
      -6.779063141948427e-07,
      0.0031057854648679495,
      -4.347434980900289e-07,
      1.2087156164852786e-06,
      -3.555628609319683e-07,
      0.0011810642899945378,
      0.05542571097612381
    ]
  ],
  "theta_phys": [
    0.0007261116406880319,
    0.31257373094558716,
    0.00016270592459477484,
    0.1951284408569336,
    0.22767440974712372,
    3.1003074645996094,
    10.175780296325684,
    6.107253074645996,
    48.085289001464844,
    1.0785138607025146
  ],
  "Sigma_phys": [
    [
      5.7759862864825706e-11,
      5.1234270159739026e-08,
      -2.8490930318106344e-13,
      1.5430053068588023e-10,
      -7.911810762095683e-09,
      3.157434591560815e-10,
      -8.825999486816727e-09,
      -1.8392327660876617e-09,
      1.9265269202151103e-06,
      1.8396473251414136e-06
    ],
    [
      5.1234298581448456e-08,
      0.0002824619587045163,
      -9.025885039370962e-10,
      -2.3656159697793555e-08,
      -0.00023891146702226251,
      5.400884219852742e-06,
      -4.80756389151793e-05,
      -4.455313046491938e-06,
      0.0017338399775326252,
      0.0005948029574938118
    ],
    [
      -2.84908137663728e-13,
      -9.025871161583154e-10,
      4.600151509714934e-11,
      3.6684280613208387e-10,
      1.1969869539996125e-10,
      1.1193494131589432e-08,
      -4.1188545907289154e-08,
      2.4568674206193464e-08,
      -9.128665823254778e-09,
      -3.5658498376278658e-09
    ],
    [
      1.5430050293030462e-10,
      -2.3655811531853033e-08,
      3.6684261184305456e-10,
      1.022914148052223e-05,
      -2.2941844690649305e-07,
      -3.243634182581445e-06,
      -1.5797148080309853e-05,
      -7.892354005889501e-06,
      -1.0529785754442855e-07,
      -1.4266626635617286e-07
    ],
    [
      -7.911975075103328e-09,
      -0.0002389115688856691,
      1.1969936153377603e-10,
      -2.2941824795452703e-07,
      0.0003858620475511998,
      -3.4697271189543244e-07,
      -6.781566526115057e-07,
      -2.783640411507804e-06,
      0.00048294547013938427,
      0.0007626198930665851
    ],
    [
      3.1573632597314827e-10,
      5.400878762884531e-06,
      1.1193508342444147e-08,
      -3.2436344099551206e-06,
      -3.4697626460911124e-07,
      0.00013712930376641452,
      -5.553102255362319e-06,
      8.969598638941534e-06,
      2.652317016327288e-05,
      -1.4539011772285448e-06
    ],
    [
      -8.825949748825224e-09,
      -4.8075642553158104e-05,
      -4.1188542354575475e-08,
      -1.579714626132045e-05,
      -6.781340289307991e-07,
      -5.553114988288144e-06,
      0.014383440837264061,
      -8.220193308261514e-07,
      -0.0005901763215661049,
      1.3267143913253676e-05
    ],
    [
      -1.8392160017199899e-09,
      -4.4553016778081656e-06,
      2.4568672429836624e-08,
      -7.892352186900098e-06,
      -2.783640866255155e-06,
      8.969628652266692e-06,
      -8.220238214562414e-07,
      0.0019194666529074311,
      -0.00012001676805084571,
      -2.3414459064952098e-06
    ],
    [
      1.926526238094084e-06,
      0.001733838696964085,
      -9.128707567640504e-09,
      -1.0529625882327309e-07,
      0.000482950359582901,
      2.6523386623011902e-05,
      -0.0005901780677959323,
      -0.00012001731374766678,
      0.06892850995063782,
      0.0612507238984108
    ],
    [
      1.839647552515089e-06,
      0.0005948023172095418,
      -3.565885142720049e-09,
      -1.4266451842104289e-07,
      0.0007626256556250155,
      -1.4536625485561672e-06,
      1.326531491940841e-05,
      -2.342006155231502e-06,
      0.06125076115131378,
      0.06447075307369232
    ]
  ],
  "param_names": [
    "L",
    "RL",
    "C",
    "RC",
    "Rdson",
    "Rload1",
    "Rload2",
    "Rload3",
    "Vin",
    "VF"
  ]
}