{
  "theta_log": [
    1.9825390577316284,
    1.1490254402160645,
    0.4463188350200653,
    0.6398411393165588,
    0.8382152318954468,
    1.1311770677566528,
    2.317721366882324,
    1.8100663423538208,
    1.5715941190719604,
    0.09189260005950928
  ],
  "Sigma_log": [
    [
      0.00015561070176772773,
      0.0006076132412999868,
      -5.7807337725535035e-06,
      4.322764198150253e-06,
      -0.00042506068712100387,
      4.944323563904618e-07,
      -4.305019047023961e-06,
      -1.4786296560487244e-06,
      7.9240562627092e-05,
      0.0027884976007044315
    ],
    [
      0.0006076131830923259,
      0.009642011485993862,
      -5.792895899503492e-05,
      -1.0593088290988817e-06,
      -0.010840479284524918,
      1.8998467567143962e-05,
      -5.129916098667309e-05,
      -8.39655058371136e-06,
      0.00032672579982317984,
      0.002153311390429735
    ],
    [
      -5.780758783657802e-06,
      -5.792913361801766e-05,
      0.006176831666380167,
      4.3281477701384574e-05,
      1.3388023944571614e-05,
      7.57391972001642e-05,
      -0.00010352636309107766,
      9.337982191937044e-05,
      -2.630719563967432e-06,
      -7.233281394292135e-06
    ],
    [
      4.322771928855218e-06,
      -1.0592926855679252e-06,
      4.328132126829587e-05,
      0.0011218697763979435,
      -2.1152514818822965e-05,
      -2.0769428374478593e-05,
      -3.128818207187578e-05,
      -2.5290843041148037e-05,
      -5.0428980102878995e-08,
      -2.7860460249939933e-06
    ],
    [
      -0.0004250604542903602,
      -0.010840479284524918,
      1.3388010302151088e-05,
      -2.1152514818822965e-05,
      0.02392750233411789,
      2.953348143819312e-07,
      -6.143196969787823e-06,
      -7.107326382538304e-06,
      2.3757413146086037e-05,
      0.003415033221244812
    ],
    [
      4.944317311128543e-07,
      1.8998480300069787e-05,
      7.573901530122384e-05,
      -2.07694320124574e-05,
      2.953239857106382e-07,
      5.225878339842893e-05,
      -7.430763844240573e-07,
      1.70395185250527e-06,
      6.475563054664235e-07,
      -2.997203409904614e-07
    ],
    [
      -4.305013590055751e-06,
      -5.129915734869428e-05,
      -0.00010352637036703527,
      -3.128818570985459e-05,
      -6.1431869653461035e-06,
      -7.430755886161933e-07,
      0.0005070712650194764,
      -3.646603090601275e-07,
      -4.399978934088722e-06,
      1.6044832591433078e-06
    ],
    [
      -1.4786297697355621e-06,
      -8.396554221690167e-06,
      9.337982919532806e-05,
      -2.529084486013744e-05,
      -7.107333658495918e-06,
      1.703949806142191e-06,
      -3.646604511686746e-07,
      0.00018934694526251405,
      -1.4781464869884076e-06,
      -2.920842234743759e-08
    ],
    [
      7.924054807517678e-05,
      0.00032672579982317984,
      -2.63070069195237e-06,
      -5.043284545536153e-08,
      2.375731128267944e-05,
      6.475565896835178e-07,
      -4.399981662572827e-06,
      -1.4781463733015698e-06,
      4.809442179976031e-05,
      0.0013991830637678504
    ],
    [
      0.002788498066365719,
      0.002153313485905528,
      -7.233008545881603e-06,
      -2.786212007777067e-06,
      0.0034150308929383755,
      -2.996938803789817e-07,
      1.6043447885749629e-06,
      -2.9215181385211508e-08,
      0.0013991836458444595,
      0.06472121179103851
    ]
  ],
  "theta_phys": [
    0.000726115598808974,
    0.31551164388656616,
    0.00015625495871063322,
    0.18961796164512634,
    0.23122365772724152,
    3.0993025302886963,
    10.152514457702637,
    6.1108527183532715,
    48.143165588378906,
    1.0962470769882202
  ],
  "Sigma_phys": [
    [
      8.204478763040868e-11,
      1.3920292474267626e-07,
      -6.558772080132724e-13,
      5.951779069590657e-10,
      -7.136560498111066e-08,
      1.112696268457114e-09,
      -3.173616747176311e-08,
      -6.560954002310382e-09,
      2.7700521059159655e-06,
      2.2196500140125863e-06
    ],
    [
      1.3920292474267626e-07,
      0.0009598390315659344,
      -2.855912839550001e-09,
      -6.337492663988087e-08,
      -0.0007908536936156452,
      1.8577955415821634e-05,
      -0.00016432334086857736,
      -1.6188929294003174e-05,
      0.0049628764390945435,
      0.0007447846001014113
    ],
    [
      -6.558800811490295e-13,
      -2.8559212772449882e-09,
      1.5081112747505898e-10,
      1.2823758721580703e-09,
      4.837071854169039e-10,
      3.6679082882074e-08,
      -1.6423221893546724e-07,
      8.916381943890883e-08,
      -1.9789872851561086e-08,
      -1.2390179993104766e-09
    ],
    [
      5.951789616709391e-10,
      -6.337396030176023e-08,
      1.2823712092213668e-09,
      4.033679579151794e-05,
      -9.274141916648659e-07,
      -1.2205849088786636e-05,
      -6.023285095579922e-05,
      -2.9305194402695633e-05,
      -4.6035654577281093e-07,
      -5.79130187361443e-07
    ],
    [
      -7.136556945397388e-08,
      -0.0007908536936156452,
      4.837066858165429e-10,
      -9.274142485082848e-07,
      0.0012792691122740507,
      2.1164639463222557e-07,
      -1.4421164451050572e-05,
      -1.0042464964499231e-05,
      0.0002644637133926153,
      0.0008656366844661534
    ],
    [
      1.112694825167182e-09,
      1.857796814874746e-05,
      3.667899406423203e-08,
      -1.2205850907776039e-05,
      2.1163863550555106e-07,
      0.0005019809468649328,
      -2.3381429855362512e-05,
      3.227179331588559e-05,
      9.662202501203865e-05,
      -1.0183301810684497e-06
    ],
    [
      -3.1736128391912644e-08,
      -0.00016432332631666213,
      -1.6423223314632196e-07,
      -6.0232858231756836e-05,
      -1.4421140804188326e-05,
      -2.3381404389510863e-05,
      0.05226563662290573,
      -2.2623715267400257e-05,
      -0.0021505961194634438,
      1.7857359125628136e-05
    ],
    [
      -6.560954446399592e-09,
      -1.6188936569960788e-05,
      8.916382654433619e-08,
      -2.9305196221685037e-05,
      -1.0042474968940951e-05,
      3.227175693609752e-05,
      -2.2623724362347275e-05,
      0.007070692256093025,
      -0.00043486448703333735,
      -1.9566734010822984e-07
    ],
    [
      2.7700516511686146e-06,
      0.0049628764390945435,
      -1.9789732519370773e-08,
      -4.6039181711421406e-07,
      0.00026446254923939705,
      9.662206866778433e-05,
      -0.0021505975164473057,
      -0.0004348644579295069,
      0.11147153377532959,
      0.07384441047906876
    ],
    [
      2.2196502413862618e-06,
      0.0007447853568010032,
      -1.2389713699434424e-09,
      -5.791646913166915e-07,
      0.0008656361023895442,
      -1.018240254779812e-06,
      1.7855818441603333e-05,
      -1.9571263010220719e-07,
      0.07384444028139114,
      0.07777921110391617
    ]
  ],
  "param_names": [
    "L",
    "RL",
    "C",
    "RC",
    "Rdson",
    "Rload1",
    "Rload2",
    "Rload3",
    "Vin",
    "VF"
  ]
}