{
  "L": 0.0007248811307363212,
  "RL": 0.3131851553916931,
  "C": 0.00016440013132523745,
  "RC": 0.20058877766132355,
  "Rdson": 0.2219967097043991,
  "Rloads": [
    3.1002893447875977,
    10.200573921203613,
    6.0997514724731445
  ],
  "Vin": 47.996795654296875,
  "VF": 0.9984561204910278
}