{
  "L": 0.0007216079975478351,
  "RL": 0.35101351141929626,
  "C": 0.0001546145067550242,
  "RC": 0.19239932298660278,
  "Rdson": 0.15418139100074768,
  "Rloads": [
    3.101125955581665,
    10.233378410339355,
    6.085387229919434
  ],
  "Vin": 47.7647590637207,
  "VF": 0.7147639393806458
}