{
  "L": 0.000724031706340611,
  "RL": 0.29285261034965515,
  "C": 0.00016387389041483402,
  "RC": 0.198476180434227,
  "Rdson": 0.26004713773727417,
  "Rloads": [
    3.1011455059051514,
    10.208792686462402,
    6.095722198486328
  ],
  "Vin": 48.071250915527344,
  "VF": 1.0779300928115845
}