{
  "theta_log": [
    1.9763119220733643,
    1.2556545734405518,
    0.43576478958129883,
    0.6544028520584106,
    0.43295955657958984,
    1.1317652463912964,
    2.3256547451019287,
    1.8058903217315674,
    1.5637030601501465,
    -0.33580294251441956
  ],
  "Sigma_log": [
    [
      0.002200624905526638,
      0.002212412189692259,
      -1.4087412637309171e-05,
      9.65908611760824e-07,
      0.0021896411199122667,
      5.232474791228015e-07,
      -3.965960786445066e-06,
      -1.649908654144383e-06,
      0.0011003318941220641,
      0.07584015280008316
    ],
    [
      0.002212443156167865,
      0.010583402588963509,
      -6.298061634879559e-05,
      -3.5527441468730103e-06,
      -0.016803625971078873,
      1.869257539510727e-05,
      -5.113534280098975e-05,
      -7.603294307045871e-06,
      0.001106629497371614,
      0.05797477439045906
    ],
    [
      -1.4087795534578618e-05,
      -6.298070366028696e-05,
      0.006189640611410141,
      4.254103623679839e-05,
      1.486308428866323e-05,
      8.119840640574694e-05,
      -5.0006732635665685e-05,
      6.247543933568522e-05,
      -6.818536348873749e-06,
      -0.00029039947548881173
    ],
    [
      9.65840399658191e-07,
      -3.552788029992371e-06,
      4.2541043512756005e-05,
      0.0010767485946416855,
      -3.658041532617062e-05,
      -2.002085602725856e-05,
      -2.8582782761077397e-05,
      -2.5335308237117715e-05,
      -1.7040842976712156e-06,
      -0.00011967416503466666
    ],
    [
      0.0021895780228078365,
      -0.01680372655391693,
      1.4864061995467637e-05,
      -3.6580287996912375e-05,
      0.07138838618993759,
      -4.544601779343793e-06,
      4.893200184596935e-06,
      -1.0593868864816613e-05,
      0.0015038794372230768,
      0.1170044094324112
    ],
    [
      5.233292768025422e-07,
      1.8692646335694008e-05,
      8.119831909425557e-05,
      -2.0020852389279753e-05,
      -4.544445801002439e-06,
      5.011601388105191e-05,
      -1.8189732031714811e-07,
      1.3753547136730049e-06,
      6.510736056952737e-07,
      -3.4912372939288616e-06
    ],
    [
      -3.966124950238736e-06,
      -5.113540100865066e-05,
      -5.0006743549602106e-05,
      -2.858279003703501e-05,
      4.892727247352013e-06,
      -1.8189776085364429e-07,
      0.0004926102119497955,
      6.657788276243082e-07,
      -4.202287527732551e-06,
      2.7175701688975096e-05
    ],
    [
      -1.6499599269081955e-06,
      -7.603321591886925e-06,
      6.247543205972761e-05,
      -2.5335304599138908e-05,
      -1.0593988918117248e-05,
      1.3753539178651408e-06,
      6.657787139374705e-07,
      0.0001788473891792819,
      -1.5562836779281497e-06,
      -7.23867560736835e-06
    ],
    [
      0.0011003322433680296,
      0.0011066137813031673,
      -6.818343990744324e-06,
      -1.7040501916198991e-06,
      0.0015039113350212574,
      6.510325647468562e-07,
      -4.202202944725286e-06,
      -1.5562570752081228e-06,
      0.0005581537261605263,
      0.03791993483901024
    ],
    [
      0.07584009319543839,
      0.05797364190220833,
      -0.0002903855056501925,
      -0.00011967173486482352,
      0.11700650304555893,
      -3.4940883324452443e-06,
      2.7181755285710096e-05,
      -7.236812962219119e-06,
      0.03791990503668785,
      2.6638848781585693
    ]
  ],
  "theta_phys": [
    0.000721608055755496,
    0.35101351141929626,
    0.0001546145067550242,
    0.19239932298660278,
    0.15418139100074768,
    3.101125955581665,
    10.233378410339355,
    6.085387229919434,
    47.7647590637207,
    0.7147639393806458
  ],
  "Sigma_phys": [
    [
      1.1459053705920041e-09,
      5.603911290563701e-07,
      -1.5717477232918275e-12,
      1.341037558777458e-10,
      2.436162560570665e-07,
      1.1709219149835803e-09,
      -2.92865909301554e-08,
      -7.2451853405652855e-09,
      3.7925619835732505e-05,
      3.9116788684623316e-05
    ],
    [
      5.603989734481729e-07,
      0.0013039861805737019,
      -3.4180702712660604e-09,
      -2.399337120095879e-07,
      -0.0009094080305658281,
      2.0347562895040028e-05,
      -0.00018368092423770577,
      -1.6241039702435955e-05,
      0.018553834408521652,
      0.014545395039021969
    ],
    [
      -1.5717905492776407e-12,
      -3.418074934202764e-09,
      1.4796734670863287e-10,
      1.2654990388938359e-09,
      3.543162985231163e-10,
      3.893293509804607e-08,
      -7.912208843663393e-08,
      5.87824615649879e-08,
      -5.0355737357676844e-08,
      -3.2092877688683075e-08
    ],
    [
      1.3409429122646088e-10,
      -2.399366962890781e-07,
      1.2654993719607432e-09,
      3.985854345955886e-05,
      -1.0851358638319653e-06,
      -1.1945535334234592e-05,
      -5.6276498071383685e-05,
      -2.9663195164175704e-05,
      -1.5660376448067836e-05,
      -1.6457603123853914e-05
    ],
    [
      2.436092358948372e-07,
      -0.000909413443878293,
      3.5433961320663343e-10,
      -1.0851321121663204e-06,
      0.0016970376018434763,
      -2.1729372292611515e-06,
      7.720474059169646e-06,
      -9.939733899955172e-06,
      0.011075224727392197,
      0.01289427187293768
    ],
    [
      1.1711048797380386e-09,
      2.0347639292594977e-05,
      3.8932896018195606e-08,
      -1.1945532605750486e-05,
      -2.172862650695606e-06,
      0.00048196481657214463,
      -5.7725110309547745e-06,
      2.5955077944672666e-05,
      9.643997327657416e-05,
      -7.738582098681945e-06
    ],
    [
      -2.928780240551987e-08,
      -0.00018368112796451896,
      -7.9122109752916e-08,
      -5.627651262329891e-05,
      7.71972736401949e-06,
      -5.772524673375301e-06,
      0.051587142050266266,
      4.146075661992654e-05,
      -0.0020540563855320215,
      0.00019877530576195568
    ],
    [
      -7.2454104937946795e-09,
      -1.6241099729086272e-05,
      5.878245801227422e-08,
      -2.96631933451863e-05,
      -9.939847586792894e-06,
      2.5955063392757438e-05,
      4.1460752981947735e-05,
      0.006623065564781427,
      -0.0004523604002315551,
      -3.1485455110669136e-05
    ],
    [
      3.7925630749668926e-05,
      0.01855357177555561,
      -5.0354319824919e-08,
      -1.5660063581890427e-05,
      0.011075460352003574,
      9.643389785196632e-05,
      -0.002054015174508095,
      -0.0004523526586126536,
      1.2734122276306152,
      1.2946065664291382
    ],
    [
      3.911675958079286e-05,
      0.014545111916959286,
      -3.2091335810946475e-08,
      -1.6457268429803662e-05,
      0.012894502840936184,
      -7.744902177364565e-06,
      0.0001988195872399956,
      -3.147735333186574e-05,
      1.2946054935455322,
      1.360945463180542
    ]
  ],
  "param_names": [
    "L",
    "RL",
    "C",
    "RC",
    "Rdson",
    "Rload1",
    "Rload2",
    "Rload3",
    "Vin",
    "VF"
  ]
}