{
  "theta_log": [
    1.9808374643325806,
    1.1416244506835938,
    0.49713313579559326,
    0.6960867047309875,
    0.7974923849105835,
    1.131495475769043,
    2.322443962097168,
    1.8082480430603027,
    1.5685491561889648,
    -0.0015450725331902504
  ],
  "Sigma_log": [
    [
      2.2980779249337502e-05,
      2.3128999600885436e-05,
      -3.149079361719487e-07,
      4.036392198258909e-08,
      2.292315912200138e-05,
      1.862816567665959e-09,
      -4.2378452747016127e-08,
      -2.0526680799548558e-08,
      1.1547313079063315e-05,
      0.0005734083242714405
    ],
    [
      2.3129174223868176e-05,
      0.00013338650751393288,
      -8.991120807877451e-07,
      -2.8779780336662952e-08,
      -0.00013204132847022265,
      2.3832551221403264e-07,
      -6.51561492759356e-07,
      -9.936006506450212e-08,
      1.1626805644482374e-05,
      0.0004233660292811692
    ],
    [
      -3.1489238949689025e-07,
      -8.99094970918668e-07,
      7.311764056794345e-05,
      4.614491047050251e-07,
      -2.0099579955967783e-07,
      9.467287327424856e-07,
      -8.492015695082955e-07,
      9.419193247595103e-07,
      -1.57455332328027e-07,
      -6.3529814724461176e-06
    ],
    [
      4.036316170186183e-08,
      -2.8780574368170164e-08,
      4.6144953103066655e-07,
      1.037399943015771e-05,
      -1.9619083957422845e-07,
      -2.1537854877351492e-07,
      -3.1470338512917806e-07,
      -2.707281225866609e-07,
      -2.2345112427046843e-09,
      -1.1706310942827258e-07
    ],
    [
      2.2923095457372256e-05,
      -0.00013204157585278153,
      -2.0101458630961133e-07,
      -1.9618997271209082e-07,
      0.00037322111893445253,
      -3.837843465248625e-08,
      2.8472481261587745e-08,
      -9.267923672950928e-08,
      1.4490352441498544e-05,
      0.0007885562954470515
    ],
    [
      1.8635741838579634e-09,
      2.3832637907617027e-07,
      9.467287327424856e-07,
      -2.1537860561693378e-07,
      -3.837789819272075e-08,
      5.91560080920317e-07,
      -5.2319517607202215e-09,
      1.8916392008350158e-08,
      5.4347779609997815e-09,
      -1.3331168702279683e-07
    ],
    [
      -4.2380179365864024e-08,
      -6.515628570014087e-07,
      -8.492015126648766e-07,
      -3.1470338512917806e-07,
      2.84703016717458e-08,
      -5.231970412467035e-09,
      5.77412993152393e-06,
      3.6367455713559593e-09,
      -4.6829612188048486e-08,
      2.938681973319035e-07
    ],
    [
      -2.0527037847273277e-08,
      -9.936029243817757e-08,
      9.419191542292538e-07,
      -2.707281225866609e-07,
      -9.267959910630452e-08,
      1.8916340494001815e-08,
      3.6367473477127987e-09,
      2.1229704998404486e-06,
      -1.8781687316504758e-08,
      -9.600444172974676e-08
    ],
    [
      1.1547317626536824e-05,
      1.1626722880464513e-05,
      -1.574632904066675e-07,
      -2.234123996913695e-09,
      1.4490389730781317e-05,
      5.4343898270303725e-09,
      -4.682874532591086e-08,
      -1.8781511457177658e-08,
      5.885342943656724e-06,
      0.00028811790980398655
    ],
    [
      0.0005734081496484578,
      0.0004233615181874484,
      -6.353369371936424e-06,
      -1.1704414504265515e-07,
      0.0007885578088462353,
      -1.3333030324247375e-07,
      2.939114551736566e-07,
      -9.599571626495162e-08,
      0.00028811770607717335,
      0.014577348716557026
    ]
  ],
  "theta_phys": [
    0.0007248811307363212,
    0.3131851553916931,
    0.00016440013132523745,
    0.20058877766132355,
    0.2219967097043991,
    3.1002893447875977,
    10.200573921203613,
    6.0997514724731445,
    47.996795654296875,
    0.9984561204910278
  ],
  "Sigma_phys": [
    [
      1.2075311237036424e-11,
      5.2507918013589006e-09,
      -3.752775407052031e-14,
      5.869036593525445e-12,
      3.6888230248166565e-09,
      4.186384312127034e-12,
      -3.133548975853273e-10,
      -9.076066287416751e-11,
      4.017537946765515e-07,
      4.150111578837823e-07
    ],
    [
      5.250831769387787e-09,
      1.3083207704767119e-05,
      -4.629319844129398e-11,
      -1.8079868713272162e-09,
      -9.180315828416497e-06,
      2.3140563598644803e-07,
      -2.0815227799175773e-06,
      -1.8981266691753262e-07,
      0.00017477279470767826,
      0.0001323872565990314
    ],
    [
      -3.7525900762431716e-14,
      -4.629231373232123e-11,
      1.976180070278888e-12,
      1.521712443552925e-11,
      -7.335600009372722e-12,
      4.82536288703983e-10,
      -1.4240904011586508e-09,
      9.445566551136153e-10,
      -1.2424296036428473e-09,
      -1.0428184982202993e-09
    ],
    [
      5.868925571222983e-12,
      -1.808036720341022e-09,
      1.5217138313317058e-11,
      4.174067953499616e-07,
      -8.736387613339502e-09,
      -1.339403041811238e-07,
      -6.43921111986856e-07,
      -3.312471505978465e-07,
      -2.151302247455078e-08,
      -2.344529370645887e-08
    ],
    [
      3.688812588720225e-09,
      -9.180332199321128e-06,
      -7.336286092507471e-12,
      -8.736348533489036e-09,
      1.8393284335616045e-05,
      -2.641411178672115e-08,
      6.447575628953928e-08,
      -1.2549925543225982e-07,
      0.0001543965918244794,
      0.00017478663357906044
    ],
    [
      4.188087376899574e-12,
      2.3140647442687623e-07,
      4.825362331928318e-10,
      -1.3394034681368794e-07,
      -2.6413744080855395e-08,
      5.685953510692343e-06,
      -1.6545907044474006e-07,
      3.5772779938270105e-07,
      8.087164360404131e-07,
      -4.126667079162871e-07
    ],
    [
      -3.133676651501105e-10,
      -2.0815271000174107e-06,
      -1.4240904011586508e-09,
      -6.43921111986856e-07,
      6.44708251229531e-08,
      -1.654596530897834e-07,
      0.0006008081254549325,
      2.2628182705375366e-07,
      -2.292753561050631e-05,
      2.992996314787888e-06
    ],
    [
      -9.07622380030837e-11,
      -1.898131074540288e-07,
      9.445564330690104e-10,
      -3.312471505978465e-07,
      -1.2549973860132013e-07,
      3.57726804622871e-07,
      2.2628192652973667e-07,
      7.89892947068438e-05,
      -5.498686732607894e-06,
      -5.846991371072363e-07
    ],
    [
      4.0175396520680806e-07,
      0.00017477155779488385,
      -1.2424923312437386e-09,
      -2.150929212518804e-08,
      0.0001543969992781058,
      8.086586831268505e-07,
      -2.292711360496469e-05,
      -5.4986353461572435e-06,
      0.013558020815253258,
      0.013807387091219425
    ],
    [
      4.1501101577523514e-07,
      0.00013238584506325424,
      -1.0428822250219127e-09,
      -2.3441494079179392e-08,
      0.00017478698282502592,
      -4.12724347143012e-07,
      2.993436964970897e-06,
      -5.846459885106015e-07,
      0.013807376846671104,
      0.01453237235546112
    ]
  ],
  "param_names": [
    "L",
    "RL",
    "C",
    "RC",
    "Rdson",
    "Rload1",
    "Rload2",
    "Rload3",
    "Vin",
    "VF"
  ]
}