{
  "theta_log": [
    1.979664921760559,
    1.074499249458313,
    0.4939269423484802,
    0.6854989528656006,
    0.9556927680969238,
    1.1317715644836426,
    2.323249340057373,
    1.8075872659683228,
    1.5700992345809937,
    0.07504262030124664
  ],
  "Sigma_log": [
    [
      0.0005395045154727995,
      0.0005422743852250278,
      -6.154047696327325e-06,
      7.800813364156056e-07,
      0.0005384989199228585,
      6.868845048302319e-08,
      -9.884066685117432e-07,
      -4.6551264176741824e-07,
      0.00027147046057507396,
      0.01251072995364666
    ],
    [
      0.0005422827089205384,
      0.0034707861486822367,
      -2.042690357484389e-05,
      -8.895986525203625e-07,
      -0.0027488814666867256,
      5.874337603017921e-06,
      -1.5959956726874225e-05,
      -2.380036221438786e-06,
      0.0002729878178797662,
      0.009037286043167114
    ],
    [
      -6.153758931759512e-06,
      -2.042654341494199e-05,
      0.001685887691564858,
      1.0514433597563766e-05,
      -3.968417331634555e-06,
      2.2158987121656537e-05,
      -1.7956146621145308e-05,
      1.957457061507739e-05,
      -3.0748158224014333e-06,
      -0.00011059850658057258
    ],
    [
      7.800894650245027e-07,
      -8.895919449969369e-07,
      1.051446633937303e-05,
      0.0002462200936861336,
      -3.995478436991107e-06,
      -5.016750037611928e-06,
      -7.2866096161305904e-06,
      -6.420057161449222e-06,
      -1.3047917946096277e-07,
      -6.171234417706728e-06
    ],
    [
      0.0005384936812333763,
      -0.002748895436525345,
      -3.968733835790772e-06,
      -3.995488896180177e-06,
      0.006472270470112562,
      -7.313958008126065e-07,
      4.0855491079128115e-07,
      -1.8880811012422782e-06,
      0.00032987602753564715,
      0.016465885564684868
    ],
    [
      6.871040625355818e-08,
      5.874355792911956e-06,
      2.2158877982292324e-05,
      -5.016750037611928e-06,
      -7.313692549359985e-07,
      1.3699553164769895e-05,
      -1.0476494338718112e-07,
      4.1270442352470127e-07,
      1.3750604921369813e-07,
      -2.2274398361332715e-06
    ],
    [
      -9.884392966341693e-07,
      -1.595998583070468e-05,
      -1.7956146621145308e-05,
      -7.2866091613832396e-06,
      4.0852231109056447e-07,
      -1.0476570366790838e-07,
      0.0001338480069534853,
      1.2550199812721985e-07,
      -1.0826136076502735e-06,
      5.842142854817212e-06
    ],
    [
      -4.655166208067385e-07,
      -2.380036221438786e-06,
      1.9574566977098584e-05,
      -6.4200585256912746e-06,
      -1.8880858760894625e-06,
      4.127053898628219e-07,
      1.2550202654892928e-07,
      4.9034042604034767e-05,
      -4.2821790202651755e-07,
      -1.992037141462788e-06
    ],
    [
      0.00027147051878273487,
      0.00027298368513584137,
      -3.074962478422094e-06,
      -1.304833290305396e-07,
      0.0003298787050880492,
      1.374949931687297e-07,
      -1.082597464119317e-06,
      -4.2821605461540457e-07,
      0.0001385257055517286,
      0.006295069586485624
    ],
    [
      0.012510719709098339,
      0.009037082083523273,
      -0.00011060514952987432,
      -6.171426775836153e-06,
      0.01646599732339382,
      -2.2279434688243782e-06,
      5.842890459462069e-06,
      -1.9919430087611545e-06,
      0.006295063532888889,
      0.29549282789230347
    ]
  ],
  "theta_phys": [
    0.0007240316481329501,
    0.29285261034965515,
    0.00016387389041483402,
    0.198476180434227,
    0.26004713773727417,
    3.1011455059051514,
    10.208792686462402,
    6.095722198486328,
    48.071250915527344,
    1.0779300928115845
  ],
  "Sigma_phys": [
    [
      2.82820045161003e-10,
      1.1498090657369175e-07,
      -7.301769865825092e-13,
      1.1210005840256443e-10,
      1.0138984407603857e-07,
      1.5422806087794783e-10,
      -7.305797300460881e-09,
      -2.0545380952086134e-09,
      9.448558557778597e-06,
      9.764067726791836e-06
    ],
    [
      1.149826758251038e-07,
      0.0002976638206746429,
      -9.80305503439638e-10,
      -5.170727135350717e-08,
      -0.0002093423972837627,
      5.334947672963608e-06,
      -4.7715031541883945e-05,
      -4.248717232258059e-06,
      0.003843065584078431,
      0.0028528422117233276
    ],
    [
      -7.301427800039673e-13,
      -9.802880729381513e-10,
      4.527392696851429e-11,
      3.4198263665352613e-10,
      -1.6911384792539508e-10,
      1.1261126253714338e-08,
      -3.003981774440945e-08,
      1.955361916827769e-08,
      -2.422224021358943e-08,
      -1.9536628315108828e-08
    ],
    [
      1.1210122413674029e-10,
      -5.17068805550025e-08,
      3.419836913653995e-10,
      9.699297152110375e-06,
      -2.0621928342734464e-07,
      -3.087827280978672e-06,
      -1.4764143998036161e-05,
      -7.76734304963611e-06,
      -1.2449015684978804e-06,
      -1.3202951549828867e-06
    ],
    [
      1.0138885642163586e-07,
      -0.00020934345957357436,
      -1.6912733713514427e-10,
      -2.062198234398238e-07,
      0.00043768412433564663,
      -5.89829767250194e-07,
      1.0846182476598187e-06,
      -2.9929392439953517e-06,
      0.00412371102720499,
      0.004615595564246178
    ],
    [
      1.54277368658029e-10,
      5.33496404386824e-06,
      1.1261070298473896e-08,
      -3.0878275083523476e-06,
      -5.898083372812835e-07,
      0.0001317500282311812,
      -3.316748461656971e-06,
      7.801650099281687e-06,
      2.0498842786764726e-05,
      -7.445926257787505e-06
    ],
    [
      -7.30603799681262e-09,
      -4.7715118853375316e-05,
      -3.003981774440945e-08,
      -1.4764143998036161e-05,
      1.0845317319763126e-06,
      -3.3167723358928924e-06,
      0.013949565589427948,
      7.809984708728734e-06,
      -0.0005312919965945184,
      6.428907363442704e-05
    ],
    [
      -2.0545556367324025e-09,
      -4.248717232258059e-06,
      1.9553615615564013e-08,
      -7.767344868625514e-06,
      -2.9929467473266413e-06,
      7.801667379681021e-06,
      7.809986527718138e-06,
      0.001821998623199761,
      -0.0001254802627954632,
      -1.3089202184346505e-05
    ],
    [
      9.448560376768e-06,
      0.0038430073764175177,
      -2.422339484553504e-08,
      -1.2449411315174075e-06,
      0.0041237445548176765,
      2.0497196601354517e-05,
      -0.0005312840803526342,
      -0.00012547970982268453,
      0.3201114535331726,
      0.3261944353580475
    ],
    [
      9.764060450834222e-06,
      0.0028527777176350355,
      -1.9537802486979672e-08,
      -1.320336309618142e-06,
      0.004615627229213715,
      -7.447609732480487e-06,
      6.429730274248868e-05,
      -1.3088584637444e-05,
      0.3261941373348236,
      0.34334295988082886
    ]
  ],
  "param_names": [
    "L",
    "RL",
    "C",
    "RC",
    "Rdson",
    "Rload1",
    "Rload2",
    "Rload3",
    "Vin",
    "VF"
  ]
}