{
  "L": 0.0007238038815557957,
  "RL": 0.3241444230079651,
  "C": 0.00016321752627845854,
  "RC": 0.20037826895713806,
  "Rdson": 0.20609541237354279,
  "Rloads": [
    3.0993456840515137,
    10.192354202270508,
    6.100482940673828
  ],
  "Vin": 47.979610443115234,
  "VF": 0.9531293511390686
}