{
  "L": 0.0007218606187961996,
  "RL": 0.33467990159988403,
  "C": 0.00015628560504410416,
  "RC": 0.2070406973361969,
  "Rdson": 0.183539018034935,
  "Rloads": [
    3.0987513065338135,
    10.235064506530762,
    6.0791826248168945
  ],
  "Vin": 47.80509948730469,
  "VF": 0.7561661005020142
}