{
  "L": 0.0007246504537761211,
  "RL": 0.3123096823692322,
  "C": 0.00016478280303999782,
  "RC": 0.2010742425918579,
  "Rdson": 0.2237682044506073,
  "Rloads": [
    3.0998806953430176,
    10.202422142028809,
    6.100255489349365
  ],
  "Vin": 47.9989013671875,
  "VF": 0.9999828338623047
}