{
  "theta_log": [
    1.98051917552948,
    1.1388251781463623,
    0.49945804476737976,
    0.6985040307044983,
    0.8054405450820923,
    1.1313636302947998,
    2.322625160217285,
    1.8083306550979614,
    1.5685930252075195,
    -1.7166285033454187e-05
  ],
  "Sigma_log": [
    [
      2.2473459466709755e-05,
      2.2589383661397733e-05,
      -2.966690715311415e-07,
      3.9059784739947645e-08,
      2.2449283278547227e-05,
      2.158727419043771e-09,
      -4.183494439757851e-08,
      -2.0266572420268858e-08,
      1.1292792805761565e-05,
      0.0005599643336609006
    ],
    [
      2.2589609216083772e-05,
      0.00013092228618916124,
      -8.548847745259991e-07,
      -3.5964525579856854e-08,
      -0.0001282471785089001,
      2.3548221861346974e-07,
      -6.421447551474557e-07,
      -9.753682661539642e-08,
      1.1356116374372505e-05,
      0.0004124174010939896
    ],
    [
      -2.9666358614122146e-07,
      -8.548761911697511e-07,
      7.181335968198255e-05,
      4.470449255222775e-07,
      -2.2826394285857532e-07,
      9.245075602848374e-07,
      -8.329151910402288e-07,
      9.212459417540231e-07,
      -1.4876442833156034e-07,
      -5.941937160969246e-06
    ],
    [
      3.9060676471081024e-08,
      -3.5963690692142336e-08,
      4.4704543711304723e-07,
      1.0100880899699405e-05,
      -1.743132713727391e-07,
      -2.1108533587721467e-07,
      -3.0761083280594903e-07,
      -2.6538887709648407e-07,
      -2.2542785416135303e-09,
      -1.148653154814383e-07
    ],
    [
      2.2448779418482445e-05,
      -0.00012824787700083107,
      -2.2826478129900352e-07,
      -1.7431435139769746e-07,
      0.00035943780676461756,
      -3.778384893848852e-08,
      2.7392006884952025e-08,
      -9.151924729167149e-08,
      1.4161935723677743e-05,
      0.0007690087659284472
    ],
    [
      2.1586048504218525e-09,
      2.35482005450649e-07,
      9.245123351320217e-07,
      -2.1108537850977882e-07,
      -3.7783646433808826e-08,
      5.8136726011071e-07,
      -5.057457119761466e-09,
      1.8486725039679186e-08,
      5.496694654993917e-09,
      -1.2311738828429952e-07
    ],
    [
      -4.183449675565498e-08,
      -6.421445846171991e-07,
      -8.329152478836477e-07,
      -3.0761077596253017e-07,
      2.739285065445074e-08,
      -5.0574939791658835e-09,
      5.677813533111475e-06,
      3.6831693250860553e-09,
      -4.610969028817635e-08,
      2.8365957405185327e-07
    ],
    [
      -2.026582812675315e-08,
      -9.753616581065216e-08,
      9.212460554408608e-07,
      -2.653889055181935e-07,
      -9.151830937526029e-08,
      1.8486701947040274e-08,
      3.6831724337105243e-09,
      2.087186658172868e-06,
      -1.851295650112661e-08,
      -9.717450666357763e-08
    ],
    [
      1.1292787348793354e-05,
      1.1355999959050678e-05,
      -1.487671852373751e-07,
      -2.2547368416780955e-09,
      1.4162184015731327e-05,
      5.496781696479047e-09,
      -4.610990345099708e-08,
      -1.8513329536062884e-08,
      5.755764050263679e-06,
      0.000281372107565403
    ],
    [
      0.0005599639844149351,
      0.00041241137660108507,
      -5.942065854469547e-06,
      -1.1488801021641848e-07,
      0.0007690210477449,
      -1.2311384978147544e-07,
      2.8364806325953396e-07,
      -9.71933147297932e-08,
      0.0002813721657730639,
      0.01421539206057787
    ]
  ],
  "theta_phys": [
    0.0007246504537761211,
    0.31230971217155457,
    0.00016478280303999782,
    0.2010742425918579,
    0.2237682044506073,
    3.0998806953430176,
    10.202422142028809,
    6.100255489349365,
    47.9989013671875,
    0.9999828338623047
  ],
  "Sigma_phys": [
    [
      1.1801224927832088e-11,
      5.112324785727651e-09,
      -3.542523533631853e-14,
      5.691344097391582e-12,
      3.640235002322356e-09,
      4.849213912361261e-12,
      -3.092937017612485e-10,
      -8.958945391102091e-11,
      3.927907528122887e-07,
      4.0577145909992396e-07
    ],
    [
      5.112375855986784e-09,
      1.2769814020430204e-05,
      -4.399516514985713e-11,
      -2.2584800696279217e-09,
      -8.962551873992197e-06,
      2.279757183032416e-07,
      -2.0460759060370037e-06,
      -1.8582414895718102e-07,
      0.00017023412510752678,
      0.00012879974383395165
    ],
    [
      -3.542457803875146e-14,
      -4.399472453009423e-11,
      1.9499749037699132e-12,
      1.481219834287284e-11,
      -8.416810651223905e-12,
      4.722449653549177e-10,
      -1.4002834447524037e-09,
      9.260522348952804e-10,
      -1.176636454935931e-09,
      -9.791123467550733e-10
    ],
    [
      5.69147420165228e-12,
      -2.2584276671011594e-09,
      1.48122156901076e-11,
      4.0838719428393233e-07,
      -7.843055094269857e-09,
      -1.31570786265911e-07,
      -6.310465323622338e-07,
      -3.255271394664305e-07,
      -2.175681501626059e-08,
      -2.309606017547594e-08
    ],
    [
      3.6401532899077438e-09,
      -8.962600986706093e-06,
      -8.416841876246473e-12,
      -7.843103944082941e-09,
      1.7997845134232193e-05,
      -2.62089461244841e-08,
      6.253534223787938e-08,
      -1.2492772327732382e-07,
      0.00015210807032417506,
      0.00017207676137331873
    ],
    [
      4.848938958690319e-12,
      2.2797551935127558e-07,
      4.722474078455718e-10,
      -1.3157081468762044e-07,
      -2.6208805792293788e-08,
      5.586509360000491e-06,
      -1.599486267878092e-07,
      3.495851501611469e-07,
      8.178579378181894e-07,
      -3.8164264992701646e-07
    ],
    [
      -3.092903710921746e-10,
      -2.0460752239159774e-06,
      -1.4002835557747062e-09,
      -6.310463618319773e-07,
      6.253726780869329e-08,
      -1.5994977786704112e-07,
      0.0005910003092139959,
      2.2923080678083352e-07,
      -2.258014865219593e-05,
      2.893965074690641e-06
    ],
    [
      -8.958617181420436e-11,
      -1.8582288419111137e-07,
      9.260524014287341e-10,
      -3.2552716788813996e-07,
      -1.2492644430039945e-07,
      3.4958472383550543e-07,
      2.2923100573279953e-07,
      7.767072384012863e-05,
      -5.420696652436163e-06,
      -5.927791448812059e-07
    ],
    [
      3.9279052543861326e-07,
      0.00017023237887769938,
      -1.1766582153072136e-09,
      -2.1761238144790696e-08,
      0.00015211074787657708,
      8.178709549611085e-07,
      -2.2580252334591933e-05,
      -5.420805791800376e-06,
      0.013260673731565475,
      0.013505320064723492
    ],
    [
      4.057712033045391e-07,
      0.0001287978666368872,
      -9.791334409925412e-10,
      -2.310062185983952e-08,
      0.00017207949713338166,
      -3.8163167914717633e-07,
      2.893847749874112e-06,
      -5.92893854900467e-07,
      0.013505322858691216,
      0.014214904047548771
    ]
  ],
  "param_names": [
    "L",
    "RL",
    "C",
    "RC",
    "Rdson",
    "Rload1",
    "Rload2",
    "Rload3",
    "Vin",
    "VF"
  ]
}