{
  "theta_log": [
    1.9766619205474854,
    1.208004355430603,
    0.44651496410369873,
    0.7277451753616333,
    0.6072571277618408,
    1.130999207496643,
    2.325819492340088,
    1.8048702478408813,
    1.5645471811294556,
    -0.2794942259788513
  ],
  "Sigma_log": [
    [
      0.0022204185370355844,
      0.002239941619336605,
      -1.5692905435571447e-05,
      2.2402296053769533e-06,
      0.002210945589467883,
      4.6220270633057225e-07,
      -4.891282515018247e-06,
      -1.351216496914276e-06,
      0.0011114298831671476,
      0.07243647426366806
    ],
    [
      0.0022399448789656162,
      0.011556165292859077,
      -6.425368337659165e-05,
      -5.028435225540306e-06,
      -0.014695655554533005,
      2.14819228858687e-05,
      -5.93788645346649e-05,
      -8.035216524149291e-06,
      0.0011216809507459402,
      0.0547596700489521
    ],
    [
      -1.5693365639890544e-05,
      -6.425382889574394e-05,
      0.006408569868654013,
      3.965335781686008e-05,
      -1.3311567272467073e-05,
      7.693440420553088e-05,
      -5.008522202842869e-05,
      5.963683361187577e-05,
      -7.906470273155719e-06,
      -0.000331657356582582
    ],
    [
      2.240245294160559e-06,
      -5.028419764130376e-06,
      3.9653426938457415e-05,
      0.0009539919556118548,
      -2.209514786954969e-05,
      -1.9446613805484958e-05,
      -2.7915988539461978e-05,
      -2.477994712535292e-05,
      -1.0443782230140641e-06,
      -6.88123400323093e-05
    ],
    [
      0.0022109379060566425,
      -0.014695670455694199,
      -1.3310689610079862e-05,
      -2.2095171516411938e-05,
      0.05159611999988556,
      -4.103285391465761e-06,
      3.2081882181955734e-06,
      -1.0004031537391711e-05,
      0.001454198732972145,
      0.1054709181189537
    ],
    [
      4.621886091626948e-07,
      2.148191379092168e-05,
      7.693384395679459e-05,
      -1.944661926245317e-05,
      -4.103297214896884e-06,
      5.196067286306061e-05,
      -1.0360675872789216e-07,
      1.3172656281312811e-06,
      6.589125405298546e-07,
      -7.658207323402166e-06
    ],
    [
      -4.891273420071229e-06,
      -5.937882815487683e-05,
      -5.00852293043863e-05,
      -2.7915995815419592e-05,
      3.20804019793286e-06,
      -1.03609934853921e-07,
      0.0005108113982714713,
      8.528384682904289e-07,
      -4.890968739346135e-06,
      1.0950083378702402e-05
    ],
    [
      -1.3512590157915838e-06,
      -8.03525199444266e-06,
      5.963684088783339e-05,
      -2.477994712535292e-05,
      -1.0004110663430765e-05,
      1.317265287070768e-06,
      8.528385251338477e-07,
      0.00018517750140745193,
      -1.4842212294752244e-06,
      6.9336965680122375e-06
    ],
    [
      0.0011114301159977913,
      0.0011216793209314346,
      -7.906241080490872e-06,
      -1.0443866358400555e-06,
      0.0014542030403390527,
      6.589185659322538e-07,
      -4.890971467830241e-06,
      -1.4842000837234082e-06,
      0.0005643892800435424,
      0.036257144063711166
    ],
    [
      0.07243645936250687,
      0.05475955083966255,
      -0.0003316418151371181,
      -6.881289300508797e-05,
      0.1054711639881134,
      -7.657710739294998e-06,
      1.0949921488645487e-05,
      6.935104465810582e-06,
      0.03625713288784027,
      2.4084372520446777
    ]
  ],
  "theta_phys": [
    0.0007218606187961996,
    0.33467990159988403,
    0.00015628560504410416,
    0.2070406973361969,
    0.183539018034935,
    3.0987513065338135,
    10.235064506530762,
    6.0791826248168945,
    47.80509948730469,
    0.7561661005020142
  ],
  "Sigma_phys": [
    [
      1.157021811692971e-09,
      5.411524739429296e-07,
      -1.7704174714791576e-12,
      3.3481245553801386e-10,
      2.9292726821950055e-07,
      1.0338857547864677e-09,
      -3.613821419889973e-08,
      -5.929573720919734e-09,
      3.835390816675499e-05,
      3.953919804189354e-05
    ],
    [
      5.411533265942126e-07,
      0.001294413348659873,
      -3.360830724830066e-09,
      -3.484321666746837e-07,
      -0.0009027073974721134,
      2.2278682081378065e-05,
      -0.0002034005447058007,
      -1.634829277463723e-05,
      0.017946230247616768,
      0.013858226127922535
    ],
    [
      -1.7704694047632197e-12,
      -3.3608382743466336e-09,
      1.5653052465314232e-10,
      1.283082751157849e-09,
      -3.8183572970140744e-10,
      3.7258580221077864e-08,
      -8.011598140456044e-08,
      5.666028002337953e-08,
      -5.907120481651873e-08,
      -3.91945640387803e-08
    ],
    [
      3.348147870063656e-10,
      -3.4843108664972533e-07,
      1.2830849716038983e-09,
      4.08936757594347e-05,
      -8.396166322199861e-07,
      -1.2476317351683974e-05,
      -5.915606743656099e-05,
      -3.118898530374281e-05,
      -1.0336839295632672e-05,
      -1.077306478691753e-05
    ],
    [
      2.9292624503796105e-07,
      -0.000902708328794688,
      -3.818105831498997e-10,
      -8.39617484871269e-07,
      0.0017380963545292616,
      -2.3337099719356047e-06,
      6.026689788996009e-06,
      -1.1162170267198235e-05,
      0.012759286910295486,
      0.014637885615229607
    ],
    [
      1.0338542244525684e-09,
      2.227867480542045e-05,
      3.7258306662124596e-08,
      -1.2476321899157483e-05,
      -2.3337165657721926e-06,
      0.0004989398876205087,
      -3.2859836665011244e-06,
      2.4814486096147448e-05,
      9.76087394519709e-05,
      -1.794448689906858e-05
    ],
    [
      -3.6138146697339835e-08,
      -0.00020340041373856366,
      -8.011599561541516e-08,
      -5.9156085626455024e-05,
      6.026411483617267e-06,
      -3.2860841656656703e-06,
      0.05351083725690842,
      5.306431194185279e-05,
      -0.0023930936586111784,
      8.474717469653115e-05
    ],
    [
      -5.929760682477081e-09,
      -1.634836553421337e-05,
      5.6660290681520564e-08,
      -3.118898894172162e-05,
      -1.1162258488184307e-05,
      2.4814478820189834e-05,
      5.306431921781041e-05,
      0.006843505427241325,
      -0.00043133835424669087,
      3.187331458320841e-05
    ],
    [
      3.835391908069141e-05,
      0.01794620230793953,
      -5.906949596123923e-08,
      -1.0336922059650533e-05,
      0.012759324163198471,
      9.760964167071506e-05,
      -0.0023930950555950403,
      -0.00043133218423463404,
      1.2898143529891968,
      1.3106448650360107
    ],
    [
      3.953919076593593e-05,
      0.013858196325600147,
      -3.919272728580836e-08,
      -1.0773151188914198e-05,
      0.014637919142842293,
      -1.794332274585031e-05,
      8.474592323182151e-05,
      3.187978654750623e-05,
      1.310644507408142,
      1.3771134614944458
    ]
  ],
  "param_names": [
    "L",
    "RL",
    "C",
    "RC",
    "Rdson",
    "Rload1",
    "Rload2",
    "Rload3",
    "Vin",
    "VF"
  ]
}