{
  "theta_log": [
    1.9793503284454346,
    1.1760189533233643,
    0.48991361260414124,
    0.695036768913269,
    0.7231690287590027,
    1.1311910152435303,
    2.3216378688812256,
    1.8083679676055908,
    1.5681910514831543,
    -0.04800465330481529
  ],
  "Sigma_log": [
    [
      0.0005752442521043122,
      0.0005786017281934619,
      -6.2009034991206136e-06,
      7.56007921154378e-07,
      0.0005714835715480149,
      8.200295553706383e-08,
      -1.0364599347667536e-06,
      -5.099916506878799e-07,
      0.00028889739769510925,
      0.015008888207376003
    ],
    [
      0.0005786003894172609,
      0.0031373361125588417,
      -2.0992283680243418e-05,
      -5.307519472808053e-07,
      -0.0034384247846901417,
      5.7046249821723904e-06,
      -1.552999128762167e-05,
      -2.4144817416527076e-06,
      0.00029070046730339527,
      0.011227668263018131
    ],
    [
      -6.200985353643773e-06,
      -2.0992347344872542e-05,
      0.0018021431751549244,
      1.1586044820433017e-05,
      -9.293357265960367e-07,
      2.3281998437596485e-05,
      -2.2606878701481037e-05,
      2.322958425793331e-05,
      -3.0749909001315245e-06,
      -0.0001213313516927883
    ],
    [
      7.559993946415489e-07,
      -5.307500146045641e-07,
      1.158603117801249e-05,
      0.00025846247444860637,
      -6.441558525693836e-06,
      -5.317360319168074e-06,
      -7.863862265367061e-06,
      -6.6862121457234025e-06,
      -1.8553703284851508e-07,
      -1.0122967069037259e-05
    ],
    [
      0.0005714853759855032,
      -0.003438421757891774,
      -9.292121490034333e-07,
      -6.441532150347484e-06,
      0.010670782066881657,
      -9.5228216423493e-07,
      8.31020656733017e-07,
      -2.3734169189992826e-06,
      0.00036657138844020665,
      0.020986931398510933
    ],
    [
      8.201235601745793e-08,
      5.7046368056035135e-06,
      2.328192931599915e-05,
      -5.317360319168074e-06,
      -9.522722734800482e-07,
      1.4544213627232239e-05,
      -1.4929200631286221e-07,
      4.6468281311717874e-07,
      1.525072548247408e-07,
      -2.4813998606987298e-06
    ],
    [
      -1.0364647096139379e-06,
      -1.5529998563579284e-05,
      -2.2606882339459844e-05,
      -7.863860446377657e-06,
      8.310106522912974e-07,
      -1.492934842417526e-07,
      0.00014184937754180282,
      6.778113004202169e-08,
      -1.1505674137879396e-06,
      7.827067747712135e-06
    ],
    [
      -5.100046109873801e-07,
      -2.41449060922605e-06,
      2.3229582438943908e-05,
      -6.68621078148135e-06,
      -2.3734430669719586e-06,
      4.64682699430341e-07,
      6.778120109629526e-08,
      5.2234798204153776e-05,
      -4.6489378746628063e-07,
      -2.5006629584822804e-06
    ],
    [
      0.0002888974267989397,
      0.00029070116579532623,
      -3.074949063375243e-06,
      -1.855326559052628e-07,
      0.0003665704862214625,
      1.5250249418841122e-07,
      -1.150564344243321e-06,
      -4.6488707994285505e-07,
      0.00014715499128215015,
      0.007537547033280134
    ],
    [
      0.015008887276053429,
      0.011227702721953392,
      -0.00012132917618146166,
      -1.0122726052941289e-05,
      0.020986882969737053,
      -2.4816401946736732e-06,
      7.827215085853823e-06,
      -2.500311438780045e-06,
      0.007537545170634985,
      0.3989655375480652
    ]
  ],
  "theta_phys": [
    0.0007238038815557957,
    0.3241444230079651,
    0.00016321752627845854,
    0.20037826895713806,
    0.20609541237354279,
    3.0993456840515137,
    10.192354202270508,
    6.100482940673828,
    47.979610443115234,
    0.9531293511390686
  ],
  "Sigma_phys": [
    [
      3.01365904453732e-10,
      1.357498007337199e-07,
      -7.325591413857857e-13,
      1.0964727736872959e-10,
      8.524972372470074e-08,
      1.839587371321727e-10,
      -7.646240085534828e-09,
      -2.25189533686887e-09,
      1.003277884592535e-05,
      1.0354312507843133e-05
    ],
    [
      1.3574948809491616e-07,
      0.0003296386857982725,
      -1.1106188191334354e-09,
      -3.447313545734687e-08,
      -0.00022970285499468446,
      5.73106945012114e-06,
      -5.130790304974653e-05,
      -4.77448656965862e-06,
      0.0045210677199065685,
      0.003468805691227317
    ],
    [
      -7.325687907851208e-13,
      -1.1106221498025093e-09,
      4.80090238397235e-11,
      3.789244196195085e-10,
      -3.1261351146616434e-11,
      1.1777606445662059e-08,
      -3.760814593078976e-08,
      2.312982871899294e-08,
      -2.408060240099985e-08,
      -1.8875205398671824e-08
    ],
    [
      1.096460491845086e-10,
      -3.4473007559654434e-08,
      3.789240032858743e-10,
      1.0377642865933012e-05,
      -2.6601733793540916e-07,
      -3.302301593066659e-06,
      -1.606057230674196e-05,
      -8.173254173016176e-06,
      -1.783766265361919e-06,
      -1.933349039973109e-06
    ],
    [
      8.524999373094033e-08,
      -0.00022970265126787126,
      -3.1257194749167994e-11,
      -2.660162294887414e-07,
      0.0004532448947429657,
      -6.082806294216425e-07,
      1.7456399064030848e-06,
      -2.98405348075903e-06,
      0.003624796401709318,
      0.00412257993593812
    ],
    [
      1.8397983136964058e-10,
      5.731081273552263e-06,
      1.177757269488211e-08,
      -3.3023013656929834e-06,
      -6.08274319802149e-07,
      0.00013971088628750294,
      -4.716079274658114e-06,
      8.785993486526422e-06,
      2.267865238536615e-05,
      -7.330247626669006e-06
    ],
    [
      -7.646275612671616e-09,
      -5.130792851559818e-05,
      -3.760814948350344e-08,
      -1.6060568668763153e-05,
      1.7456188743381063e-06,
      -4.716125658887904e-06,
      0.014735892415046692,
      4.2145143197558355e-06,
      -0.0005626564379781485,
      7.603708218084648e-05
    ],
    [
      -2.2519526243769405e-09,
      -4.774504304805305e-06,
      2.312982871899294e-08,
      -8.173252354026772e-06,
      -2.984086222568294e-06,
      8.785990758042317e-06,
      4.214518867229344e-06,
      0.001943964627571404,
      -0.00013607385335490108,
      -1.454022822144907e-05
    ],
    [
      1.0032779755420052e-05,
      0.004521078430116177,
      -2.4080273774984562e-08,
      -1.783724201231962e-06,
      0.0036247875541448593,
      2.267794479848817e-05,
      -0.0005626549245789647,
      -0.00013607188884634525,
      0.33875712752342224,
      0.34469786286354065
    ],
    [
      1.0354311598348431e-05,
      0.003468816401436925,
      -1.8874866114515498e-08,
      -1.9333031104906695e-06,
      0.004122570622712374,
      -7.330956577789038e-06,
      7.603851554449648e-05,
      -1.4538184586854186e-05,
      0.3446977734565735,
      0.3624424636363983
    ]
  ],
  "param_names": [
    "L",
    "RL",
    "C",
    "RC",
    "Rdson",
    "Rload1",
    "Rload2",
    "Rload3",
    "Vin",
    "VF"
  ]
}