{
  "L": 0.0007175264181569219,
  "RL": 0.3204925060272217,
  "C": 0.00015686152619309723,
  "RC": 0.18922212719917297,
  "Rdson": 0.2109791785478592,
  "Vin": 47.81414794921875,
  "VF": 0.7610312104225159,
  "Rloads": [
    3.0993752479553223,
    10.153685569763184,
    6.109828472137451
  ]
}