{
  "L": 0.0007252342766150832,
  "RL": 0.3134273886680603,
  "C": 0.00016451282135676593,
  "RC": 0.20079144835472107,
  "Rdson": 0.22210773825645447,
  "Vin": 48.01204299926758,
  "VF": 1.0050126314163208,
  "Rloads": [
    3.0999553203582764,
    10.197032928466797,
    6.098727703094482
  ]
}