{
  "L": 0.0007233697106130421,
  "RL": 0.31746840476989746,
  "C": 0.00016297750698868185,
  "RC": 0.19502729177474976,
  "Rdson": 0.21621599793434143,
  "Vin": 47.97222137451172,
  "VF": 0.9569779634475708,
  "Rloads": [
    3.1003530025482178,
    10.17597484588623,
    6.1070427894592285
  ]
}