{
  "L": 0.0007233737269416451,
  "RL": 0.31746989488601685,
  "C": 0.00016297724505420774,
  "RC": 0.19502729177474976,
  "Rdson": 0.2162175327539444,
  "Vin": 47.97235107421875,
  "VF": 0.9571108222007751,
  "Rloads": [
    3.1003522872924805,
    10.17597484588623,
    6.1070427894592285
  ]
}