{
  "L": 0.0007175266509875655,
  "RL": 0.32049253582954407,
  "C": 0.00015686152619309723,
  "RC": 0.18922212719917297,
  "Rdson": 0.21097931265830994,
  "Rloads": [
    3.099374771118164,
    10.15368366241455,
    6.109827995300293
  ],
  "Vin": 47.81412887573242,
  "VF": 0.7610346674919128
}