{
  "L": 0.0007252363720908761,
  "RL": 0.3134297728538513,
  "C": 0.0001645129086682573,
  "RC": 0.2007911205291748,
  "Rdson": 0.22211211919784546,
  "Vin": 48.01215744018555,
  "VF": 1.0050127506256104,
  "Rloads": [
    3.099947929382324,
    10.196889877319336,
    6.098717212677002
  ]
}