{
  "L": 0.0007252358482219279,
  "RL": 0.31342941522598267,
  "C": 0.00016451293777208775,
  "RC": 0.2007911652326584,
  "Rdson": 0.22211173176765442,
  "Rloads": [
    3.0999491214752197,
    10.196921348571777,
    6.098719120025635
  ],
  "Vin": 48.01213836669922,
  "VF": 1.0050090551376343
}