{
  "L": 0.0007175267674028873,
  "RL": 0.3204927146434784,
  "C": 0.00015686138067394495,
  "RC": 0.18922212719917297,
  "Rdson": 0.21097931265830994,
  "Vin": 47.81416702270508,
  "VF": 0.7610424757003784,
  "Rloads": [
    3.0993754863739014,
    10.153685569763184,
    6.109827995300293
  ]
}