{
  "L": 0.0007233690703287721,
  "RL": 0.3174682855606079,
  "C": 0.00016297750698868185,
  "RC": 0.19502730667591095,
  "Rdson": 0.21621569991111755,
  "Rloads": [
    3.1003525257110596,
    10.175971984863281,
    6.1070427894592285
  ],
  "Vin": 47.972198486328125,
  "VF": 0.9569564461708069
}