{
  "theta_log": [
    -7.231584548950195,
    -1.1473722457885742,
    -8.72189998626709,
    -1.6346157789230347,
    -1.5314702987670898,
    1.1315157413482666,
    2.3200294971466064,
    1.8094426393508911,
    3.8706247806549072,
    -0.043836090713739395
  ],
  "Sigma_log": [
    [
      1.1135189533233643,
      1.1446025371551514,
      -0.0180802084505558,
      0.0029505484271794558,
      1.0852080583572388,
      0.00020542170386761427,
      -0.0029254620894789696,
      -0.0014366520335897803,
      0.5594342947006226,
      28.890506744384766
    ],
    [
      1.1445931196212769,
      6.763939380645752,
      -0.05086899921298027,
      0.0033209556713700294,
      -6.922179222106934,
      0.014576650224626064,
      -0.04242844507098198,
      -0.00676351273432374,
      0.5786109566688538,
      21.447702407836914
    ],
    [
      -0.018079407513141632,
      -0.05086953192949295,
      0.44224947690963745,
      0.002838379703462124,
      -0.027652690187096596,
      0.005392603110522032,
      -0.005657615140080452,
      0.00637751305475831,
      -0.010171651840209961,
      -0.4125022888183594
    ],
    [
      0.002950522117316723,
      0.0033212420530617237,
      0.0028383757453411818,
      0.07038820534944534,
      -0.02015022747218609,
      -0.0013877882156521082,
      -0.0020018366631120443,
      -0.0016793644754216075,
      -0.0001621008850634098,
      -0.00839930772781372
    ],
    [
      1.0852224826812744,
      -6.922159194946289,
      -0.027655433863401413,
      -0.020149771124124527,
      19.933727264404297,
      0.002234093612059951,
      -0.0011019824305549264,
      -0.007051609922200441,
      0.7011736035346985,
      40.026668548583984
    ],
    [
      0.0002054948708973825,
      0.014575940556824207,
      0.005392598919570446,
      -0.0013877880992367864,
      0.0022352479863911867,
      0.003777424804866314,
      -0.00010398473386885598,
      0.00018548376101534814,
      0.00043309759348630905,
      -0.00661042332649231
    ],
    [
      -0.0029255005065351725,
      -0.04242851585149765,
      -0.005657610949128866,
      -0.0020018366631120443,
      -0.001102034468203783,
      -0.0001039836643030867,
      0.035528481006622314,
      0.0005160848959349096,
      -0.003233351744711399,
      0.016739875078201294
    ],
    [
      -0.0014366604154929519,
      -0.006763563025742769,
      0.006377512589097023,
      -0.0016793647082522511,
      -0.007051587104797363,
      0.00018548402294982225,
      0.0005160848377272487,
      0.013039172627031803,
      -0.001342142466455698,
      -0.009448736906051636
    ],
    [
      0.5594344139099121,
      0.5786156058311462,
      -0.010172013193368912,
      -0.00016209715977311134,
      0.7011664509773254,
      0.00043308886233717203,
      -0.0032333326525986195,
      -0.0013421381590887904,
      0.2854588031768799,
      14.509472846984863
    ],
    [
      28.8905086517334,
      21.44794273376465,
      -0.4125213325023651,
      -0.00839900877326727,
      40.02629470825195,
      -0.006611076183617115,
      0.016740888357162476,
      -0.009448542259633541,
      14.509475708007812,
      764.9754028320312
    ]
  ],
  "theta_phys": [
    0.0007233737269416451,
    0.31746989488601685,
    0.00016297724505420774,
    0.19502729177474976,
    0.2162175327539444,
    3.1003522872924805,
    10.17597484588623,
    6.1070427894592285,
    47.97235107421875,
    0.9571108222007751
  ],
  "Sigma_phys": [
    [
      5.826705660183507e-07,
      0.000262857269262895,
      -2.131538279215306e-09,
      4.162563413956377e-07,
      0.00016973313177004457,
      4.607020116509375e-07,
      -2.153442255803384e-05,
      -6.346660484268796e-06,
      0.019413454458117485,
      0.02000230737030506
    ],
    [
      0.00026285508647561073,
      0.681718111038208,
      -2.6319808057451155e-06,
      0.00020561795099638402,
      -0.4751560688018799,
      0.014347338117659092,
      -0.13706786930561066,
      -0.013113114051520824,
      8.812115669250488,
      6.5169677734375
    ],
    [
      -2.1314439102582128e-09,
      -2.632008317959844e-06,
      1.1746846162452584e-08,
      9.021793090369101e-08,
      -9.744403541844804e-07,
      2.7248115657130256e-06,
      -9.382885764352977e-06,
      6.34759635431692e-06,
      -7.952605665195733e-05,
      -6.434511305997148e-05
    ],
    [
      4.1625261815170234e-07,
      0.0002056356897810474,
      9.021780300599858e-08,
      0.0026772606652230024,
      -0.0008497011731378734,
      -0.0008391307201236486,
      -0.003972830716520548,
      -0.002000190317630768,
      -0.0015166025841608644,
      -0.0015678376657888293
    ],
    [
      0.0001697354018688202,
      -0.47515469789505005,
      -9.745371016833815e-07,
      -0.0008496820228174329,
      0.9319021701812744,
      0.0014976258389651775,
      -0.002424608450382948,
      -0.009311296045780182,
      7.272897243499756,
      8.283284187316895
    ],
    [
      4.608660901794792e-07,
      0.01434663962572813,
      2.724809291976271e-06,
      -0.0008391306619159877,
      0.0014983996516093612,
      0.03630930557847023,
      -0.003280625445768237,
      0.0035119466483592987,
      0.06441511958837509,
      -0.019615642726421356
    ],
    [
      -2.153470450139139e-05,
      -0.13706810772418976,
      -9.382877578900661e-06,
      -0.003972830716520548,
      -0.002424722770228982,
      -0.003280591918155551,
      3.678990602493286,
      0.03207215666770935,
      -1.5784105062484741,
      0.16303861141204834
    ],
    [
      -6.346697773551568e-06,
      -0.013113211840391159,
      6.347595899569569e-06,
      -0.0020001905504614115,
      -0.009311266243457794,
      0.003511951770633459,
      0.03207215294241905,
      0.48630860447883606,
      -0.3932064175605774,
      -0.05522897094488144
    ],
    [
      0.019413458183407784,
      8.812187194824219,
      -7.952888699946925e-05,
      -0.0015165676595643163,
      7.272823810577393,
      0.06441382318735123,
      -1.5784012079238892,
      -0.3932051658630371,
      656.9396362304688,
      666.2003784179688
    ],
    [
      0.02000230923295021,
      6.517040729522705,
      -6.434808165067807e-05,
      -0.001567782019264996,
      8.283206939697266,
      -0.019617579877376556,
      0.16304847598075867,
      -0.05522783473134041,
      666.2005004882812,
      700.7642211914062
    ]
  ],
  "param_names": [
    "L",
    "RL",
    "C",
    "RC",
    "Rdson",
    "Rloads1",
    "Rloads2",
    "Rloads3",
    "Vin",
    "VF"
  ],
  "param_units": {
    "L": "H",
    "RL": "\u03a9",
    "C": "F",
    "RC": "\u03a9",
    "Rdson": "\u03a9",
    "Rloads1": "\u03a9",
    "Rloads2": "\u03a9",
    "Rloads3": "\u03a9",
    "Vin": "V",
    "VF": "V"
  }
}