{
  "theta_log": [
    1.9706395864486694,
    1.1646887063980103,
    0.45019325613975525,
    0.6377514004707336,
    0.7465892434120178,
    1.1312005519866943,
    2.3178367614746094,
    1.8098987340927124,
    1.5647364854812622,
    -0.2730809152126312
  ],
  "Sigma_log": [
    [
      0.839985728263855,
      0.9395372867584229,
      -0.012106159701943398,
      0.0023698320146650076,
      0.7046121954917908,
      0.00029939538217149675,
      -0.00288502499461174,
      -0.0012820441043004394,
      0.42067402601242065,
      27.015398025512695
    ],
    [
      0.9395507574081421,
      6.42477560043335,
      -0.04601166769862175,
      0.0038072688039392233,
      -7.213764190673828,
      0.013683642260730267,
      -0.03957722708582878,
      -0.006338546518236399,
      0.47390255331993103,
      20.157577514648438
    ],
    [
      -0.012106314301490784,
      -0.046011559665203094,
      0.40649470686912537,
      0.0028094223234802485,
      -0.014608277007937431,
      0.004750916734337807,
      -0.006181748583912849,
      0.006089077331125736,
      -0.007051649037748575,
      -0.3174295723438263
    ],
    [
      0.0023698334116488695,
      0.0038072552997618914,
      0.00280941603705287,
      0.07423549890518188,
      -0.02400626800954342,
      -0.0013590453891083598,
      -0.0019932175055146217,
      -0.001618692185729742,
      -0.000497996574267745,
      -0.03285329416394234
    ],
    [
      0.7045943737030029,
      -7.213797569274902,
      -0.014608687721192837,
      -0.024006035178899765,
      20.067373275756836,
      0.002411636058241129,
      -0.0013139836955815554,
      -0.006616444326937199,
      0.5109027028083801,
      37.646583557128906
    ],
    [
      0.00029941671527922153,
      0.013683676719665527,
      0.004750927910208702,
      -0.0013590457383543253,
      0.0024123413022607565,
      0.0034834668040275574,
      -0.00010318944259779528,
      0.00016843283083289862,
      0.0004633641801774502,
      -0.004397152923047543
    ],
    [
      -0.0028850852977484465,
      -0.03957727178931236,
      -0.006181750446557999,
      -0.0019932170398533344,
      -0.0013140818336978555,
      -0.00010318999557057396,
      0.03275899589061737,
      0.00044797590817324817,
      -0.003110239515081048,
      0.015951134264469147
    ],
    [
      -0.0012820487609133124,
      -0.0063385628163814545,
      0.006089078262448311,
      -0.001618691487237811,
      -0.006616402417421341,
      0.0001684318413026631,
      0.00044797593727707863,
      0.012075384147465229,
      -0.001230337074957788,
      -0.00834535714238882
    ],
    [
      0.42067399621009827,
      0.473895788192749,
      -0.007051588036119938,
      -0.000497993198223412,
      0.5109117031097412,
      0.00046334165381267667,
      -0.0031102090142667294,
      -0.0012303348630666733,
      0.21503561735153198,
      13.523433685302734
    ],
    [
      27.015377044677734,
      20.15711784362793,
      -0.31742486357688904,
      -0.032853152602910995,
      37.64714050292969,
      -0.0043983762152493,
      0.01595314033329487,
      -0.008345220237970352,
      13.523422241210938,
      892.7080078125
    ]
  ],
  "theta_phys": [
    0.0007175264181569219,
    0.3204925060272217,
    0.00015686152619309723,
    0.18922212719917297,
    0.2109791785478592,
    3.0993752479553223,
    10.153685569763184,
    6.109828472137451,
    47.81414794921875,
    0.7610312104225159
  ],
  "Sigma_phys": [
    [
      4.3246171799182775e-07,
      0.00021605772781185806,
      -1.3625759409663374e-09,
      3.2175654496313655e-07,
      0.00010666640446288511,
      6.658204938503332e-07,
      -2.1018957340857014e-05,
      -5.620434421871323e-06,
      0.014432448893785477,
      0.014752027578651905
    ],
    [
      0.00021606081281788647,
      0.6599237322807312,
      -2.3131419766286854e-06,
      0.00023088905436452478,
      -0.48777487874031067,
      0.013592325150966644,
      -0.1287914216518402,
      -0.012411851435899734,
      7.262118816375732,
      4.916529655456543
    ],
    [
      -1.362593371467824e-09,
      -2.3131365196604747e-06,
      1.0002020545130108e-08,
      8.33883504469668e-08,
      -4.834538458453608e-07,
      2.3097661596693797e-06,
      -9.845810382103082e-06,
      5.835753654537257e-06,
      -5.288877946441062e-05,
      -3.789363836403936e-05
    ],
    [
      3.2175671549339313e-07,
      0.000230888239457272,
      8.33881657058555e-08,
      0.0026580030098557472,
      -0.0009583765058778226,
      -0.0007970398291945457,
      -0.003829572582617402,
      -0.001871393877081573,
      -0.0045056212693452835,
      -0.004731004126369953
    ],
    [
      0.00010666370508261025,
      -0.48777711391448975,
      -4.834674314224685e-07,
      -0.0009583671926520765,
      0.8932432532310486,
      0.0015769775491207838,
      -0.0028148372657597065,
      -0.008528904989361763,
      5.153878688812256,
      6.044600963592529
    ],
    [
      6.658679012616631e-07,
      0.013592359609901905,
      2.3097716166375903e-06,
      -0.0007970400620251894,
      0.0015774387866258621,
      0.03346262499690056,
      -0.003247380256652832,
      0.0031895539723336697,
      0.06866778433322906,
      -0.010371658019721508
    ],
    [
      -2.1019397536292672e-05,
      -0.12879157066345215,
      -9.845814020081889e-06,
      -0.0038295716512948275,
      -0.002815047511830926,
      -0.0032473974861204624,
      3.3773651123046875,
      0.027791205793619156,
      -1.5099895000457764,
      0.12325875461101532
    ],
    [
      -5.620454885502113e-06,
      -0.012411884032189846,
      5.835754109284608e-06,
      -0.001871393178589642,
      -0.008528850972652435,
      0.0031895351130515337,
      0.027791207656264305,
      0.4507741332054138,
      -0.3594260513782501,
      -0.03880399093031883
    ],
    [
      0.014432447031140327,
      7.262015342712402,
      -5.288832471705973e-05,
      -0.0045055910013616085,
      5.153969764709473,
      0.06866444647312164,
      -1.5099748373031616,
      -0.3594253957271576,
      491.6128845214844,
      492.09149169921875
    ],
    [
      0.014752017334103584,
      4.916417598724365,
      -3.789307447732426e-05,
      -0.004730983637273312,
      6.044690132141113,
      -0.010374544188380241,
      0.12327424436807632,
      -0.038803357630968094,
      492.091064453125,
      517.0283813476562
    ]
  ],
  "param_names": [
    "L",
    "RL",
    "C",
    "RC",
    "Rdson",
    "Rloads1",
    "Rloads2",
    "Rloads3",
    "Vin",
    "VF"
  ]
}