{
  "theta_log": [
    1.981326699256897,
    1.1424039602279663,
    0.4978190064430237,
    0.6970952153205872,
    0.7980103492736816,
    1.1313856840133667,
    2.3220858573913574,
    1.8080787658691406,
    1.5688687562942505,
    0.004996551666408777
  ],
  "Sigma_log": [
    [
      1.1758607625961304,
      1.1897825002670288,
      -0.01947714574635029,
      0.0030806988943368196,
      1.1739155054092407,
      0.0001850136322900653,
      -0.0030714392196387053,
      -0.0014422331005334854,
      0.5911785960197449,
      29.145015716552734
    ],
    [
      1.1897982358932495,
      6.960289001464844,
      -0.050841324031353,
      0.0023659488651901484,
      -6.764793395996094,
      0.015260950662195683,
      -0.04456216096878052,
      -0.006907930132001638,
      0.6019608378410339,
      21.4969539642334
    ],
    [
      -0.01947762630879879,
      -0.05084151774644852,
      0.45390528440475464,
      0.0027281981892883778,
      -0.03555905446410179,
      0.005554859060794115,
      -0.004548420198261738,
      0.005943651776760817,
      -0.010969817638397217,
      -0.4309272766113281
    ],
    [
      0.0030807629227638245,
      0.002366031752899289,
      0.002728215651586652,
      0.0670166090130806,
      -0.016892623156309128,
      -0.0013761445879936218,
      -0.001948250108398497,
      -0.0016943211667239666,
      -6.619514897465706e-05,
      -0.002870500087738037
    ],
    [
      1.173885464668274,
      -6.76483678817749,
      -0.035558070987463,
      -0.016892705112695694,
      19.120452880859375,
      0.0020919046364724636,
      -0.0011851147282868624,
      -0.00717303529381752,
      0.7423864006996155,
      40.14181900024414
    ],
    [
      0.00018497581186238676,
      0.015260830521583557,
      0.005554849281907082,
      -0.0013761442387476563,
      0.0020918704103678465,
      0.0038660631980746984,
      -9.45540887187235e-05,
      0.00018625352822709829,
      0.0004323171451687813,
      -0.007232248783111572
    ],
    [
      -0.0030715451575815678,
      -0.04456222057342529,
      -0.0045484215952456,
      -0.0019482494099065661,
      -0.0011852418538182974,
      -9.455515828449279e-05,
      0.03639581426978111,
      0.0005727475509047508,
      -0.0033689476549625397,
      0.015385836362838745
    ],
    [
      -0.0014422672102227807,
      -0.00690793339163065,
      0.005943651776760817,
      -0.0016943213995546103,
      -0.007173117715865374,
      0.00018625390657689422,
      0.0005727475509047508,
      0.013270211406052113,
      -0.0013631032779812813,
      -0.008508071303367615
    ],
    [
      0.5911783576011658,
      0.6019527912139893,
      -0.010969569906592369,
      -6.622821092605591e-05,
      0.742401123046875,
      0.0004323397297412157,
      -0.003368895035237074,
      -0.0013630858156830072,
      0.3016347885131836,
      14.64782428741455
    ],
    [
      29.144981384277344,
      21.496532440185547,
      -0.4309130609035492,
      -0.002872469834983349,
      40.142539978027344,
      -0.007230288349092007,
      0.01538853906095028,
      -0.008507180027663708,
      14.64781665802002,
      736.4317016601562
    ]
  ],
  "theta_phys": [
    0.0007252358482219279,
    0.31342941522598267,
    0.00016451293777208775,
    0.2007911652326584,
    0.22211173176765442,
    3.0999491214752197,
    10.196921348571777,
    6.098719120025635,
    48.01213836669922,
    1.0050090551376343
  ],
  "Sigma_phys": [
    [
      6.184640142237186e-07,
      0.00027044976013712585,
      -2.323831571615642e-09,
      4.4861431547360553e-07,
      0.00018909829668700695,
      4.159466016062652e-07,
      -2.2713824364473112e-05,
      -6.379011210810859e-06,
      0.020584912970662117,
      0.021242886781692505
    ],
    [
      0.00027045333990827203,
      0.6837648749351501,
      -2.6215409434371395e-06,
      0.00014889829617459327,
      -0.4709402322769165,
      0.014827772043645382,
      -0.14242133498191833,
      -0.013204632326960564,
      9.058557510375977,
      6.7715277671813965
    ],
    [
      -2.3238888591237128e-09,
      -2.621550947878859e-06,
      1.2284722572530882e-08,
      9.011987600615612e-08,
      -1.2993368727620691e-06,
      2.8328765893093077e-06,
      -7.630091204191558e-06,
      5.963373951090034e-06,
      -8.66463960846886e-05,
      -7.124822150217369e-05
    ],
    [
      4.486236377942987e-07,
      0.00014890350576024503,
      9.012045154577208e-08,
      0.0027019146364182234,
      -0.0007533784373663366,
      -0.000856570724863559,
      -0.003988947719335556,
      -0.0020748130045831203,
      -0.0006381485727615654,
      -0.0005792581359855831
    ],
    [
      0.00018909343634732068,
      -0.47094327211380005,
      -1.299300947721349e-06,
      -0.0007533821044489741,
      0.9432811141014099,
      0.0014403497334569693,
      -0.002684114035218954,
      -0.009716572239995003,
      7.916852951049805,
      8.9606294631958
    ],
    [
      4.1586153542994e-07,
      0.01482765469700098,
      2.832871587088448e-06,
      -0.0008565704920329154,
      0.0014403262175619602,
      0.03715164586901665,
      -0.0029888488352298737,
      0.003521256847307086,
      0.06434400379657745,
      -0.0225319042801857
    ],
    [
      -2.2714606529916637e-05,
      -0.14242152869701385,
      -7.630093023180962e-06,
      -0.003988946788012981,
      -0.0026844018138945103,
      -0.0029888825956732035,
      3.784334897994995,
      0.035618118941783905,
      -1.6493558883666992,
      0.15767401456832886
    ],
    [
      -6.379161732184002e-06,
      -0.013204638846218586,
      5.963373951090034e-06,
      -0.0020748134702444077,
      -0.009716683998703957,
      0.0035212640650570393,
      0.03561811521649361,
      0.4935772120952606,
      -0.39913371205329895,
      -0.0521482452750206
    ],
    [
      0.02058490365743637,
      9.058436393737793,
      -8.664443885209039e-05,
      -0.0006384673179127276,
      7.917009353637695,
      0.06434736400842667,
      -1.6493301391601562,
      -0.39912861585617065,
      695.3180541992188,
      706.7960815429688
    ],
    [
      0.021242860704660416,
      6.771394729614258,
      -7.124587136786431e-05,
      -0.0005796556361019611,
      8.960790634155273,
      -0.02252579666674137,
      0.15770171582698822,
      -0.052142783999443054,
      706.7957153320312,
      743.8278198242188
    ]
  ],
  "param_names": [
    "L",
    "RL",
    "C",
    "RC",
    "Rdson",
    "Rload1",
    "Rload2",
    "Rload3",
    "Vin",
    "VF"
  ]
}