{
  "theta_log": [
    1.981324553489685,
    1.1423975229263306,
    0.49781835079193115,
    0.6970966458320618,
    0.7979924082756042,
    1.131387710571289,
    2.322096824645996,
    1.8080801963806152,
    1.5688667297363281,
    0.005000110249966383
  ],
  "Sigma_log": [
    [
      1.1648319959640503,
      1.1816256046295166,
      -0.019315367564558983,
      0.0030814139172434807,
      1.1587363481521606,
      0.00018767148139886558,
      -0.0030774869956076145,
      -0.001438966952264309,
      0.5856343507766724,
      28.86626625061035
    ],
    [
      1.1816375255584717,
      6.953694820404053,
      -0.05071960762143135,
      0.002365931635722518,
      -6.775376319885254,
      0.015261249616742134,
      -0.04456360265612602,
      -0.006904909387230873,
      0.5978569388389587,
      21.291542053222656
    ],
    [
      -0.01931527443230152,
      -0.05071906000375748,
      0.4539025127887726,
      0.0027274915482848883,
      -0.03534025698900223,
      0.005556585267186165,
      -0.004539035726338625,
      0.005944674368947744,
      -0.010888277553021908,
      -0.42681804299354553
    ],
    [
      0.003081487026065588,
      0.0023659844882786274,
      0.0027275055181235075,
      0.06701609492301941,
      -0.01689143292605877,
      -0.0013761124573647976,
      -0.001948104240000248,
      -0.0016942729707807302,
      -6.585699884453788e-05,
      -0.002850981429219246
    ],
    [
      1.1587204933166504,
      -6.7754058837890625,
      -0.03534022346138954,
      -0.01689145341515541,
      19.099109649658203,
      0.0020978462416678667,
      -0.001200246624648571,
      -0.00716974213719368,
      0.7347678542137146,
      39.75754165649414
    ],
    [
      0.00018758611986413598,
      0.015261326916515827,
      0.0055565801449120045,
      -0.0013761109439656138,
      0.002097789663821459,
      0.0038661148864775896,
      -9.44491766858846e-05,
      0.00018628922407515347,
      0.00043364291195757687,
      -0.007161590736359358
    ],
    [
      -0.0030774492770433426,
      -0.04456355795264244,
      -0.004539033863693476,
      -0.0019481038907542825,
      -0.0012002118164673448,
      -9.444952593185008e-05,
      0.03639663755893707,
      0.0005728657124564052,
      -0.0033719735220074654,
      0.015232485719025135
    ],
    [
      -0.0014389551943168044,
      -0.006904877722263336,
      0.005944676697254181,
      -0.0016942733200266957,
      -0.007169760763645172,
      0.0001862899516709149,
      0.0005728657124564052,
      0.01327026542276144,
      -0.0013614444760605693,
      -0.008425271138548851
    ],
    [
      0.5856339931488037,
      0.5978506207466125,
      -0.01088834647089243,
      -6.588854739675298e-05,
      0.7347753643989563,
      0.00043366997851990163,
      -0.0033719921484589577,
      -0.0013614497147500515,
      0.29884761571884155,
      14.507695198059082
    ],
    [
      28.866254806518555,
      21.291227340698242,
      -0.4268217086791992,
      -0.002852348145097494,
      39.75791931152344,
      -0.0071605597622692585,
      0.015231559053063393,
      -0.008425536565482616,
      14.507699012756348,
      729.3856811523438
    ]
  ],
  "theta_phys": [
    0.0007252342766150832,
    0.3134273886680603,
    0.00016451282135676593,
    0.20079144835472107,
    0.22210773825645447,
    3.0999553203582764,
    10.197032928466797,
    6.098727703094482,
    48.01204299926758,
    1.0050126314163208
  ],
  "Sigma_phys": [
    [
      6.126605853751244e-07,
      0.0002685932849999517,
      -2.3045230168605713e-09,
      4.4871808313473593e-07,
      0.000186649413080886,
      4.21921896531785e-07,
      -2.2758747945772484e-05,
      -6.364560249494389e-06,
      0.02039177529513836,
      0.021039742976427078
    ],
    [
      0.00026859602076001465,
      0.6831082105636597,
      -2.615246330606169e-06,
      0.00014889644808135927,
      -0.4716654419898987,
      0.014827996492385864,
      -0.14242658019065857,
      -0.013198791071772575,
      8.996724128723145,
      6.706803321838379
    ],
    [
      -2.304511914630325e-09,
      -2.6152179088967387e-06,
      1.2284630201975233e-08,
      9.009659862613262e-08,
      -1.2913178579765372e-06,
      2.8337608455331065e-06,
      -7.614426067448221e-06,
      5.964403953839792e-06,
      -8.600211731391028e-05,
      -7.056901813484728e-05
    ],
    [
      4.4872874127577234e-07,
      0.00014889978046994656,
      9.00970533734835e-08,
      0.0027019018307328224,
      -0.000753312895540148,
      -0.0008565536700189114,
      -0.003988698590546846,
      -0.0020747599191963673,
      -0.0006348883034661412,
      -0.0005753221921622753
    ],
    [
      0.00018664686649572104,
      -0.47166749835014343,
      -1.2913166074213223e-06,
      -0.0007533138268627226,
      0.942194402217865,
      0.0014444176340475678,
      -0.0027183666825294495,
      -0.00971195101737976,
      7.835451126098633,
      8.87472152709961
    ],
    [
      4.2172999314971094e-07,
      0.014828071929514408,
      2.833758117049001e-06,
      -0.0008565527386963367,
      0.0014443787513300776,
      0.03715229406952858,
      -0.002985571278259158,
      0.003521943697705865,
      0.06454132497310638,
      -0.022311894223093987
    ],
    [
      -2.2758467821404338e-05,
      -0.14242644608020782,
      -7.614423338964116e-06,
      -0.003988698124885559,
      -0.002718287520110607,
      -0.00298558222129941,
      3.78450345993042,
      0.03562590479850769,
      -1.650852084159851,
      0.15610474348068237
    ],
    [
      -6.364507953549037e-06,
      -0.013198730535805225,
      5.964406682323897e-06,
      -0.002074760152027011,
      -0.009711976163089275,
      0.0035219574347138405,
      0.03562590479850769,
      0.4935806393623352,
      -0.3986477851867676,
      -0.05164100229740143
    ],
    [
      0.020391764119267464,
      8.996628761291504,
      -8.600266301073134e-05,
      -0.000635192496702075,
      7.835531234741211,
      0.06454534828662872,
      -1.650861144065857,
      -0.39864933490753174,
      688.8904418945312,
      700.0355834960938
    ],
    [
      0.02103973552584648,
      6.706704616546631,
      -7.056962203932926e-05,
      -0.0005755979800596833,
      8.874805450439453,
      -0.022308683022856712,
      0.1560952514410019,
      -0.051642630249261856,
      700.0357666015625,
      736.7162475585938
    ]
  ],
  "param_names": [
    "L",
    "RL",
    "C",
    "RC",
    "Rdson",
    "Rloads1",
    "Rloads2",
    "Rloads3",
    "Vin",
    "VF"
  ]
}