{
  "theta_log": [
    1.978749394416809,
    1.1552077531814575,
    0.48844200372695923,
    0.6679694056510925,
    0.7711063623428345,
    1.1315158605575562,
    2.3200292587280273,
    1.8094426393508911,
    1.5680365562438965,
    -0.043997399508953094
  ],
  "Sigma_log": [
    [
      1.111197829246521,
      1.1428087949752808,
      -0.018046453595161438,
      0.0029507791623473167,
      1.0821079015731812,
      0.00020580895943567157,
      -0.002926331013441086,
      -0.0014357935870066285,
      0.5582674741744995,
      28.83364486694336
    ],
    [
      1.1427959203720093,
      6.762524604797363,
      -0.05084196478128433,
      0.003321260679513216,
      -6.924663066864014,
      0.014576652087271214,
      -0.04242818430066109,
      -0.006762607488781214,
      0.5777047872543335,
      21.403562545776367
    ],
    [
      -0.018046604469418526,
      -0.050842225551605225,
      0.44225093722343445,
      0.002838454907760024,
      -0.027610108256340027,
      0.005392680410295725,
      -0.0056579019874334335,
      0.006377501413226128,
      -0.010155081748962402,
      -0.4116935729980469
    ],
    [
      0.002950751455500722,
      0.0033212783746421337,
      0.002838465617969632,
      0.07038813829421997,
      -0.02015027403831482,
      -0.0013877874007448554,
      -0.0020018380600959063,
      -0.0016793635440990329,
      -0.00016200123354792595,
      -0.008396223187446594
    ],
    [
      1.0821222066879272,
      -6.924636363983154,
      -0.02761160396039486,
      -0.02014985680580139,
      19.92998695373535,
      0.002235046122223139,
      -0.0011043974664062262,
      -0.007050885818898678,
      0.6996200084686279,
      39.95105743408203
    ],
    [
      0.00020574250083882362,
      0.014576549641788006,
      0.005392634775489569,
      -0.0013877867022529244,
      0.002235979773104191,
      0.0037774373777210712,
      -0.0001039858179865405,
      0.0001854846632340923,
      0.00043326476588845253,
      -0.006599783897399902
    ],
    [
      -0.0029261864256113768,
      -0.04242805764079094,
      -0.005657904781401157,
      -0.0020018380600959063,
      -0.0011042127152904868,
      -0.00010398581071058288,
      0.03552857041358948,
      0.0005160806467756629,
      -0.003233686089515686,
      0.016722917556762695
    ],
    [
      -0.0014357375912368298,
      -0.006762583274394274,
      0.00637750094756484,
      -0.0016793635440990329,
      -0.00705079548060894,
      0.00018548521620687097,
      0.0005160808213986456,
      0.013039213605225086,
      -0.0013416772708296776,
      -0.009426221251487732
    ],
    [
      0.5582669377326965,
      0.5777108669281006,
      -0.010155024006962776,
      -0.00016198260709643364,
      0.6996123790740967,
      0.00043328216997906566,
      -0.0032337578013539314,
      -0.001341704512014985,
      0.28487205505371094,
      14.480876922607422
    ],
    [
      28.83365249633789,
      21.403905868530273,
      -0.41169464588165283,
      -0.008394235745072365,
      39.9506950378418,
      -0.006601426750421524,
      0.016719134524464607,
      -0.009427670389413834,
      14.480890274047852,
      763.5914306640625
    ]
  ],
  "theta_phys": [
    0.0007233690703287721,
    0.3174682855606079,
    0.00016297750698868185,
    0.19502730667591095,
    0.21621569991111755,
    3.1003525257110596,
    10.175971984863281,
    6.1070427894592285,
    47.972198486328125,
    0.9569564461708069
  ],
  "Sigma_phys": [
    [
      5.814484893562621e-07,
      0.0002624423068482429,
      -2.127548581754013e-09,
      4.1628626945566793e-07,
      0.00016924574447330087,
      4.6156759481164045e-07,
      -2.1540674424613826e-05,
      -6.342827418848174e-06,
      0.01937277801334858,
      0.019959593191742897
    ],
    [
      0.00026243936736136675,
      0.6815685629844666,
      -2.6305726805730956e-06,
      0.00020563582074828446,
      -0.47532013058662415,
      0.014347267337143421,
      -0.1370663046836853,
      -0.013111292384564877,
      8.798242568969727,
      6.5024733543396
    ],
    [
      -2.127566345322407e-09,
      -2.630586322993622e-06,
      1.1746922545796679e-08,
      9.022047464668503e-08,
      -9.729330940899672e-07,
      2.7248552214587107e-06,
      -9.383373253513128e-06,
      6.347594990074867e-06,
      -7.939638453535736e-05,
      -6.420871068257838e-05
    ],
    [
      4.162823188380571e-07,
      0.00020563689759001136,
      9.02208157071982e-08,
      0.0026772585697472095,
      -0.0008496961090713739,
      -0.0008391303126700222,
      -0.003972832579165697,
      -0.002000189386308193,
      -0.0015156654408201575,
      -0.0015670092543587089
    ],
    [
      0.00016924797091633081,
      -0.4753183126449585,
      -9.7298584478267e-07,
      -0.0008496784721501172,
      0.9317114949226379,
      0.0014982516877353191,
      -0.0024299006909132004,
      -0.009310261346399784,
      7.256698131561279,
      8.266234397888184
    ],
    [
      4.614185513673874e-07,
      0.014347167685627937,
      2.724832256717491e-06,
      -0.0008391299052163959,
      0.0014988776529207826,
      0.03630943223834038,
      -0.003280659206211567,
      0.003511963877826929,
      0.0644397884607315,
      -0.019580913707613945
    ],
    [
      -2.153961031581275e-05,
      -0.13706588745117188,
      -9.383377800986636e-06,
      -0.003972832579165697,
      -0.0024294941686093807,
      -0.0032806587405502796,
      3.678997755050659,
      0.032071880996227264,
      -1.5785683393478394,
      0.1628471463918686
    ],
    [
      -6.3425800362892915e-06,
      -0.013111244887113571,
      6.3475945353275165e-06,
      -0.002000189386308193,
      -0.009310142137110233,
      0.0035119743552058935,
      0.03207189217209816,
      0.4863101541996002,
      -0.3930688500404358,
      -0.055088479071855545
    ],
    [
      0.019372757524251938,
      8.798335075378418,
      -7.939593342598528e-05,
      -0.0015154912834987044,
      7.256618976593018,
      0.06444236636161804,
      -1.5786033868789673,
      -0.3930768370628357,
      655.5850830078125,
      664.7780151367188
    ],
    [
      0.019959596917033195,
      6.502577304840088,
      -6.420887802960351e-05,
      -0.0015666383551433682,
      8.266159057617188,
      -0.019585788249969482,
      0.1628102958202362,
      -0.05509694665670395,
      664.7786254882812,
      699.2708129882812
    ]
  ],
  "param_names": [
    "L",
    "RL",
    "C",
    "RC",
    "Rdson",
    "Rload1",
    "Rload2",
    "Rload3",
    "Vin",
    "VF"
  ]
}