{
  "theta_log": [
    -7.2397003173828125,
    -1.1378957033157349,
    -8.760148048400879,
    -1.664833664894104,
    -1.555995225906372,
    1.1312006711959839,
    2.3178367614746094,
    1.8098986148834229,
    3.8673219680786133,
    -0.27306610345840454
  ],
  "Sigma_log": [
    [
      0.8400712609291077,
      0.9396001100540161,
      -0.0121077261865139,
      0.0023697244469076395,
      0.7047232389450073,
      0.0002993498637806624,
      -0.002884826622903347,
      -0.0012820259435102344,
      0.42071670293807983,
      27.017847061157227
    ],
    [
      0.939598560333252,
      6.425271987915039,
      -0.04601354897022247,
      0.003808158216997981,
      -7.2146477699279785,
      0.013683987781405449,
      -0.039578359574079514,
      -0.006338499486446381,
      0.47392117977142334,
      20.15801239013672
    ],
    [
      -0.012107586488127708,
      -0.046014204621315,
      0.4064936637878418,
      0.002809402532875538,
      -0.014607946388423443,
      0.004750984720885754,
      -0.00618168106302619,
      0.006089039612561464,
      -0.007052302360534668,
      -0.31746482849121094
    ],
    [
      0.0023696855641901493,
      0.0038082730025053024,
      0.0028093946166336536,
      0.0742354691028595,
      -0.024008730426430702,
      -0.0013590439921244979,
      -0.001993220765143633,
      -0.0016186917200684547,
      -0.000498081324622035,
      -0.03285950422286987
    ],
    [
      0.7047362923622131,
      -7.214633464813232,
      -0.014609655365347862,
      -0.02400834858417511,
      20.0695743560791,
      0.002411036752164364,
      -0.0013116737827658653,
      -0.006616602651774883,
      0.5109862089157104,
      37.652503967285156
    ],
    [
      0.00029939465457573533,
      0.013683594763278961,
      0.004750988446176052,
      -0.0013590455055236816,
      0.0024119538720697165,
      0.003483464941382408,
      -0.00010319377179257572,
      0.000168431899510324,
      0.0004633399657905102,
      -0.004398435354232788
    ],
    [
      -0.002884900663048029,
      -0.039578452706336975,
      -0.00618168106302619,
      -0.00199322123080492,
      -0.0013117033522576094,
      -0.00010319337161490694,
      0.03275895491242409,
      0.00044797747978009284,
      -0.0031101442873477936,
      0.015959441661834717
    ],
    [
      -0.0012820608681067824,
      -0.006338541861623526,
      0.006089039612561464,
      -0.0016186920693144202,
      -0.006616565864533186,
      0.0001684321614447981,
      0.0004479774506762624,
      0.012075359001755714,
      -0.0012303454568609595,
      -0.008345693349838257
    ],
    [
      0.4207170009613037,
      0.47392216324806213,
      -0.0070523726753890514,
      -0.0004980617668479681,
      0.5109798908233643,
      0.00046331994235515594,
      -0.0031101079657673836,
      -0.0012303285766392946,
      0.2150571197271347,
      13.524676322937012
    ],
    [
      27.01784896850586,
      20.158065795898438,
      -0.31747061014175415,
      -0.032858043909072876,
      37.6520881652832,
      -0.004400528967380524,
      0.015961842611432076,
      -0.008344583213329315,
      13.524666786193848,
      892.77880859375
    ]
  ],
  "theta_phys": [
    0.0007175267674028873,
    0.3204927146434784,
    0.00015686138067394495,
    0.18922212719917297,
    0.21097931265830994,
    3.0993754863739014,
    10.153685569763184,
    6.109827995300293,
    47.81416702270508,
    0.7610424757003784
  ],
  "Sigma_phys": [
    [
      4.3250619796708634e-07,
      0.0002160724252462387,
      -1.362751800293438e-09,
      3.2174207831303647e-07,
      0.00010668333561625332,
      6.657196536252741e-07,
      -2.101752397720702e-05,
      -5.6203571148216724e-06,
      0.014433925040066242,
      0.014753591269254684
    ],
    [
      0.000216072061448358,
      0.6599755883216858,
      -2.3132358819566434e-06,
      0.0002309431292815134,
      -0.48783522844314575,
      0.013592678122222424,
      -0.12879519164562225,
      -0.012411766685545444,
      7.262411594390869,
      4.916711807250977
    ],
    [
      -1.3627360351264883e-09,
      -2.3132688511395827e-06,
      1.0001977024387543e-08,
      8.338768964222254e-08,
      -4.834427613786829e-07,
      2.3097973098629154e-06,
      -9.845693966781255e-06,
      5.835711817780975e-06,
      -5.2893650718033314e-05,
      -3.789837137446739e-05
    ],
    [
      3.2173682029679185e-07,
      0.00023095009964890778,
      8.338744805769238e-08,
      0.002658001845702529,
      -0.0009584754589013755,
      -0.0007970390724949539,
      -0.0038295791018754244,
      -0.001871393178589642,
      -0.004506390076130629,
      -0.00473196804523468
    ],
    [
      0.00010668531467672437,
      -0.48783424496650696,
      -4.834993205804494e-07,
      -0.0009584602667018771,
      0.8933423161506653,
      0.0015765869757160544,
      -0.00280989077873528,
      -0.008529113605618477,
      5.154726505279541,
      6.045645236968994
    ],
    [
      6.658192432951182e-07,
      0.013592286966741085,
      2.309799128852319e-06,
      -0.0007970400038175285,
      0.0015771865146234632,
      0.033462610095739365,
      -0.003247516695410013,
      0.003189536277204752,
      0.06866423040628433,
      -0.010374837554991245
    ],
    [
      -2.101806239807047e-05,
      -0.12879548966884613,
      -9.845693966781255e-06,
      -0.0038295798003673553,
      -0.002809954108670354,
      -0.003247504122555256,
      3.3773608207702637,
      0.027791298925876617,
      -1.509943962097168,
      0.12332475930452347
    ],
    [
      -5.620510364678921e-06,
      -0.012411849573254585,
      5.835711363033624e-06,
      -0.0018713936442509294,
      -0.008529066108167171,
      0.0031895411666482687,
      0.027791298925876617,
      0.450773149728775,
      -0.35942861437797546,
      -0.03880612552165985
    ],
    [
      0.014433936215937138,
      7.26242733001709,
      -5.289417822496034e-05,
      -0.004506213124841452,
      5.1546630859375,
      0.06866125762462616,
      -1.509926438331604,
      -0.3594236671924591,
      491.66241455078125,
      492.1441955566406
    ],
    [
      0.014753592200577259,
      4.916725158691406,
      -3.7899062590440735e-05,
      -0.004731758031994104,
      6.0455780029296875,
      -0.010379775427281857,
      0.1233433187007904,
      -0.03880096599459648,
      492.14385986328125,
      517.0846557617188
    ]
  ],
  "param_names": [
    "L",
    "RL",
    "C",
    "RC",
    "Rdson",
    "Rloads1",
    "Rloads2",
    "Rloads3",
    "Vin",
    "VF"
  ],
  "param_units": {
    "L": "H",
    "RL": "\u03a9",
    "C": "F",
    "RC": "\u03a9",
    "Rdson": "\u03a9",
    "Rloads1": "\u03a9",
    "Rloads2": "\u03a9",
    "Rloads3": "\u03a9",
    "Vin": "V",
    "VF": "V"
  }
}