{
  "theta_log": [
    -7.229012966156006,
    -1.1601799726486206,
    -8.71252155303955,
    -1.6054900884628296,
    -1.5045729875564575,
    1.131385326385498,
    2.322082757949829,
    1.8080785274505615,
    3.8714542388916016,
    0.005000228527933359
  ],
  "Sigma_log": [
    [
      1.1789742708206177,
      1.192106008529663,
      -0.019523611292243004,
      0.0030806672293692827,
      1.1781615018844604,
      0.00018432157230563462,
      -0.0030699691269546747,
      -0.0014432253083214164,
      0.5927432179450989,
      29.223514556884766
    ],
    [
      1.1921095848083496,
      6.961954593658447,
      -0.05087593197822571,
      0.0023658443242311478,
      -6.761429786682129,
      0.015260716900229454,
      -0.04456125199794769,
      -0.006908871699124575,
      0.603125274181366,
      21.555299758911133
    ],
    [
      -0.019524341449141502,
      -0.050876300781965256,
      0.45390570163726807,
      0.0027283295057713985,
      -0.03562181815505028,
      0.005554526578634977,
      -0.0045511373318731785,
      0.005943478085100651,
      -0.01099318265914917,
      -0.4320945739746094
    ],
    [
      0.003080746391788125,
      0.002365840133279562,
      0.002728331135585904,
      0.06701675802469254,
      -0.016892006620764732,
      -0.0013761513400822878,
      -0.001948283170349896,
      -0.0016943319933488965,
      -6.620865315198898e-05,
      -0.0028737932443618774
    ],
    [
      1.1781522035598755,
      -6.761438846588135,
      -0.03562029078602791,
      -0.01689223013818264,
      19.12567710876465,
      0.002090589376166463,
      -0.0011822275118902326,
      -0.0071739861741662025,
      0.744524359703064,
      40.24913024902344
    ],
    [
      0.00018416080274619162,
      0.015260757878422737,
      0.005554515868425369,
      -0.0013761516893282533,
      0.0020900501403957605,
      0.003866052022203803,
      -9.458685235586017e-05,
      0.00018624788208398968,
      0.0004319571889936924,
      -0.007245570421218872
    ],
    [
      -0.003069930011406541,
      -0.0445612296462059,
      -0.004551139194518328,
      -0.001948283868841827,
      -0.001182078616693616,
      -9.458616841584444e-05,
      0.036395538598299026,
      0.0005727115203626454,
      -0.0033681215718388557,
      0.015426784753799438
    ],
    [
      -0.001443227520212531,
      -0.006908867973834276,
      0.0059434762224555016,
      -0.0016943319933488965,
      -0.007173988036811352,
      0.0001862472272478044,
      0.0005727115203626454,
      0.01327019464224577,
      -0.001363583141937852,
      -0.008531942963600159
    ],
    [
      0.5927433967590332,
      0.6031234860420227,
      -0.010992877185344696,
      -6.623310036957264e-05,
      0.7445289492607117,
      0.00043199327774345875,
      -0.00336814159527421,
      -0.0013635822106152773,
      0.3024211823940277,
      14.687278747558594
    ],
    [
      29.22351837158203,
      21.55521011352539,
      -0.43208643794059753,
      -0.002873531077057123,
      40.24937057495117,
      -0.0072481813840568066,
      0.015425789169967175,
      -0.008531901985406876,
      14.687280654907227,
      738.4118041992188
    ]
  ],
  "theta_phys": [
    0.0007252363720908761,
    0.3134297728538513,
    0.0001645129086682573,
    0.2007911205291748,
    0.22211211919784546,
    3.099947929382324,
    10.196889877319336,
    6.09871768951416,
    48.01215744018555,
    1.0050127506256104
  ],
  "Sigma_phys": [
    [
      6.201025257723813e-07,
      0.00027097840211354196,
      -2.32937646948983e-09,
      4.486099101086438e-07,
      0.00018978271691594273,
      4.143908256537543e-07,
      -2.2702899514115416e-05,
      -6.383402705978369e-06,
      0.020639415830373764,
      0.021300194784998894
    ],
    [
      0.00027097921702079475,
      0.6839300394058228,
      -2.6233281005261233e-06,
      0.0001488918496761471,
      -0.47070741653442383,
      0.014827555976808071,
      -0.14241816103458405,
      -0.01320644374936819,
      9.076093673706055,
      6.789938926696777
    ],
    [
      -2.3294637330195656e-09,
      -2.623346972541185e-06,
      1.228472967795824e-08,
      9.012417478970747e-08,
      -1.3016323237025063e-06,
      2.8327056043053744e-06,
      -7.634624125785194e-06,
      5.96319750911789e-06,
      -8.68309653014876e-05,
      -7.14414709364064e-05
    ],
    [
      4.4862142090096313e-07,
      0.000148891587741673,
      9.012423163312633e-08,
      0.00270191952586174,
      -0.0007533520692959428,
      -0.0008565744501538575,
      -0.003989002667367458,
      -0.002074825344607234,
      -0.0006382788997143507,
      -0.0005799246719107032
    ],
    [
      0.0001897812180686742,
      -0.47070807218551636,
      -1.3015763897783472e-06,
      -0.0007533620810136199,
      0.9435421824455261,
      0.0014394461177289486,
      -0.0026775714941322803,
      -0.00971787516027689,
      7.939669132232666,
      8.98463249206543
    ],
    [
      4.140294151966373e-07,
      0.01482759602367878,
      2.832700147337164e-06,
      -0.0008565746247768402,
      0.0014390747528523207,
      0.0371515117585659,
      -0.0029898739885538816,
      0.0035211481153964996,
      0.06429042667150497,
      -0.022573482245206833
    ],
    [
      -2.2702608475810848e-05,
      -0.14241808652877808,
      -7.6346268542693e-06,
      -0.00398900406435132,
      -0.0026772338896989822,
      -0.0029898525681346655,
      3.784282922744751,
      0.03561575710773468,
      -1.64894700050354,
      0.15809375047683716
    ],
    [
      -6.383412710420089e-06,
      -0.013206437230110168,
      5.963195690128487e-06,
      -0.002074825344607234,
      -0.009717877954244614,
      0.003521135775372386,
      0.03561575710773468,
      0.49357637763023376,
      -0.3992743194103241,
      -0.05229474604129791
    ],
    [
      0.02063942141830921,
      9.076067924499512,
      -8.68285569595173e-05,
      -0.0006385145243257284,
      7.939717769622803,
      0.06429580599069595,
      -1.6489567756652832,
      -0.3992740511894226,
      697.1314086914062,
      708.7028198242188
    ],
    [
      0.021300198510289192,
      6.789911270141602,
      -7.144012488424778e-05,
      -0.0005798717611469328,
      8.984685897827148,
      -0.022581616416573524,
      0.15808355808258057,
      -0.05229449272155762,
      708.702880859375,
      745.8333129882812
    ]
  ],
  "param_names": [
    "L",
    "RL",
    "C",
    "RC",
    "Rdson",
    "Rloads1",
    "Rloads2",
    "Rloads3",
    "Vin",
    "VF"
  ],
  "param_units": {
    "L": "H",
    "RL": "\u03a9",
    "C": "F",
    "RC": "\u03a9",
    "Rdson": "\u03a9",
    "Rloads1": "\u03a9",
    "Rloads2": "\u03a9",
    "Rloads3": "\u03a9",
    "Vin": "V",
    "VF": "V"
  }
}