{
  "theta_log": [
    1.970639944076538,
    1.1646888256072998,
    0.45019328594207764,
    0.6377514004707336,
    0.7465898990631104,
    1.1312004327774048,
    2.3178365230560303,
    1.8098986148834229,
    1.5647361278533936,
    -0.2730763554573059
  ],
  "Sigma_log": [
    [
      0.8407058715820312,
      0.9399895071983337,
      -0.012114724144339561,
      0.002368966583162546,
      0.7057099938392639,
      0.00029910262674093246,
      -0.002883368171751499,
      -0.0012819278053939342,
      0.4210333526134491,
      27.039255142211914
    ],
    [
      0.93998783826828,
      6.423370838165283,
      -0.046013638377189636,
      0.00380322546698153,
      -7.209662914276123,
      0.013682080432772636,
      -0.039571043103933334,
      -0.00633837329223752,
      0.47413942217826843,
      20.175199508666992
    ],
    [
      -0.012113954871892929,
      -0.046012360602617264,
      0.4064945876598358,
      0.002809428609907627,
      -0.014626143500208855,
      0.0047507379204034805,
      -0.006182110868394375,
      0.0060888961888849735,
      -0.007055491209030151,
      -0.31769371032714844
    ],
    [
      0.002368990099057555,
      0.0038031141739338636,
      0.0028094290755689144,
      0.07423564791679382,
      -0.023999379947781563,
      -0.001359045971184969,
      -0.0019932042341679335,
      -0.0016186884604394436,
      -0.0004983542021363974,
      -0.03287401795387268
    ],
    [
      0.7057141661643982,
      -7.209654808044434,
      -0.014626842923462391,
      -0.023999441415071487,
      20.061689376831055,
      0.0024130430538207293,
      -0.0013192339101806283,
      -0.006615770515054464,
      0.511415421962738,
      37.67723846435547
    ],
    [
      0.0002991196233779192,
      0.01368246041238308,
      0.004750734660774469,
      -0.0013590442249551415,
      0.0024129014927893877,
      0.0034834567923098803,
      -0.00010318064596503973,
      0.00016842891636770219,
      0.00046318164095282555,
      -0.004406958818435669
    ],
    [
      -0.0028833462856709957,
      -0.039571039378643036,
      -0.006182108540087938,
      -0.001993204466998577,
      -0.001319165457971394,
      -0.00010318035492673516,
      0.03275895118713379,
      0.0004479675553739071,
      -0.003109368961304426,
      0.015999138355255127
    ],
    [
      -0.0012819083640351892,
      -0.00633834907785058,
      0.006088898051530123,
      -0.0016186884604394436,
      -0.006615770049393177,
      0.00016842858167365193,
      0.0004479674680624157,
      0.012075374834239483,
      -0.0012302532559260726,
      -0.008340969681739807
    ],
    [
      0.4210332930088043,
      0.4741402566432953,
      -0.007055854424834251,
      -0.0004983723629266024,
      0.5114132761955261,
      0.0004631902847904712,
      -0.0031093808356672525,
      -0.001230263034813106,
      0.21521449089050293,
      13.535299301147461
    ],
    [
      27.039264678955078,
      20.175264358520508,
      -0.31771597266197205,
      -0.03287550061941147,
      37.6771125793457,
      -0.004405507352203131,
      0.01599833369255066,
      -0.008341589011251926,
      13.535307884216309,
      893.493408203125
    ]
  ],
  "theta_phys": [
    0.0007175266509875655,
    0.32049253582954407,
    0.00015686152619309723,
    0.18922212719917297,
    0.21097931265830994,
    3.099374771118164,
    10.15368366241455,
    6.109827995300293,
    47.81412887573242,
    0.7610346674919128
  ],
  "Sigma_phys": [
    [
      4.328327918301511e-07,
      0.00021616180310957134,
      -1.3635403917078293e-09,
      3.21639163303189e-07,
      0.00010683269647415727,
      6.651695230175392e-07,
      -2.100689016515389e-05,
      -5.619926014333032e-06,
      0.014444774948060513,
      0.014765127561986446
    ],
    [
      0.00021616143931169063,
      0.6597795486450195,
      -2.3132411115511786e-06,
      0.0002306438545929268,
      -0.4874979257583618,
      0.01359077263623476,
      -0.12877129018306732,
      -0.012411512434482574,
      7.265746593475342,
      4.92085075378418
    ],
    [
      -1.3634537943119085e-09,
      -2.3131769921747036e-06,
      1.0002018768773269e-08,
      8.33885351880781e-08,
      -4.840454721488641e-07,
      2.3096788481780095e-06,
      -9.846385182754602e-06,
      5.835579941049218e-06,
      -5.291757406666875e-05,
      -3.7925343349343166e-05
    ],
    [
      3.2164231811293575e-07,
      0.00023063711705617607,
      8.338854939893281e-08,
      0.0026580083649605513,
      -0.0009581021149642766,
      -0.0007970400620251894,
      -0.003829546505585313,
      -0.0018713894532993436,
      -0.004508855286985636,
      -0.004734009969979525
    ],
    [
      0.00010683332948246971,
      -0.48749735951423645,
      -4.840686074203404e-07,
      -0.0009581046178936958,
      0.8929913640022278,
      0.0015778985107317567,
      -0.0028260857798159122,
      -0.008528041653335094,
      5.15905237197876,
      6.049554347991943
    ],
    [
      6.652073807345005e-07,
      0.013591150753200054,
      2.3096772565622814e-06,
      -0.0007970390724949539,
      0.0015778058441355824,
      0.0334625206887722,
      -0.0032471020240336657,
      0.003189479000866413,
      0.06864069402217865,
      -0.01039483305066824
    ],
    [
      -2.100673009408638e-05,
      -0.12877127528190613,
      -9.846381544775795e-06,
      -0.0038295469712466,
      -0.0028259388636797667,
      -0.003247093176469207,
      3.37735915184021,
      0.027790680527687073,
      -1.509566068649292,
      0.12363023310899734
    ],
    [
      -5.619840521831065e-06,
      -0.012411464937031269,
      5.835581305291271e-06,
      -0.0018713894532993436,
      -0.00852804072201252,
      0.003189472481608391,
      0.027790673077106476,
      0.4507737457752228,
      -0.3594013750553131,
      -0.03878376632928848
    ],
    [
      0.014444773085415363,
      7.265758991241455,
      -5.292029891279526e-05,
      -0.004509019665420055,
      5.159030437469482,
      0.06864198297262192,
      -1.50957190990448,
      -0.35940423607826233,
      492.02142333984375,
      492.5252990722656
    ],
    [
      0.014765133149921894,
      4.9208664894104,
      -3.792799907387234e-05,
      -0.0047342232428491116,
      6.049534320831299,
      -0.010391409508883953,
      0.12362400442361832,
      -0.038786645978689194,
      492.5256042480469,
      517.4879150390625
    ]
  ],
  "param_names": [
    "L",
    "RL",
    "C",
    "RC",
    "Rdson",
    "Rload1",
    "Rload2",
    "Rload3",
    "Vin",
    "VF"
  ]
}