{
  "theta_log": [
    1.978750228881836,
    1.1552081108093262,
    0.48844200372695923,
    0.6679693460464478,
    0.7711076736450195,
    1.1315159797668457,
    2.3200294971466064,
    1.8094426393508911,
    1.5680370330810547,
    -0.04397491365671158
  ],
  "Sigma_log": [
    [
      1.1118875741958618,
      1.1433850526809692,
      -0.01805718056857586,
      0.002950852271169424,
      1.0829555988311768,
      0.0002057461824733764,
      -0.0029264597687870264,
      -0.0014361536595970392,
      0.5586135387420654,
      28.85114860534668
    ],
    [
      1.1433955430984497,
      6.763264179229736,
      -0.05085200443863869,
      0.0033217351883649826,
      -6.924345016479492,
      0.014576907269656658,
      -0.042429495602846146,
      -0.00676305964589119,
      0.5780041813850403,
      21.418506622314453
    ],
    [
      -0.018057014793157578,
      -0.050852220505476,
      0.4422513544559479,
      0.002838417887687683,
      -0.027622293680906296,
      0.005392825696617365,
      -0.005657631438225508,
      0.006377523764967918,
      -0.010160301811993122,
      -0.41196078062057495
    ],
    [
      0.0029508634470403194,
      0.0033219035249203444,
      0.0028384272009134293,
      0.07038815319538116,
      -0.020150795578956604,
      -0.0013877868186682463,
      -0.0020018385257571936,
      -0.0016793645918369293,
      -0.0001619529939489439,
      -0.008392749354243279
    ],
    [
      1.0829588174819946,
      -6.9243574142456055,
      -0.027623429894447327,
      -0.020150573924183846,
      19.931798934936523,
      0.0022345492616295815,
      -0.0011029175948351622,
      -0.007051175460219383,
      0.700043797492981,
      39.972816467285156
    ],
    [
      0.00020577544637490064,
      0.01457651425153017,
      0.005392801947891712,
      -0.0013877879828214645,
      0.002235187217593193,
      0.003777444362640381,
      -0.00010398760059615597,
      0.00018548731168266386,
      0.0004332867974881083,
      -0.006601761560887098
    ],
    [
      -0.0029266919009387493,
      -0.04242963716387749,
      -0.005657626781612635,
      -0.002001838991418481,
      -0.0011032454203814268,
      -0.00010398688755230978,
      0.035528600215911865,
      0.0005160862929187715,
      -0.00323394313454628,
      0.016711074858903885
    ],
    [
      -0.0014362166402861476,
      -0.006763119250535965,
      0.006377525627613068,
      -0.0016793647082522511,
      -0.007051263004541397,
      0.00018548710795585066,
      0.0005160861765034497,
      0.013039213605225086,
      -0.0013419189490377903,
      -0.009438381530344486
    ],
    [
      0.5586140155792236,
      0.5779992341995239,
      -0.010160423815250397,
      -0.0001619509421288967,
      0.7000428438186646,
      0.0004332512617111206,
      -0.0032338262535631657,
      -0.0013418874004855752,
      0.28504613041877747,
      14.48968505859375
    ],
    [
      28.851144790649414,
      21.418222427368164,
      -0.4119662046432495,
      -0.008392728865146637,
      39.972721099853516,
      -0.006603379733860493,
      0.016717204824090004,
      -0.009436709806323051,
      14.48967170715332,
      764.0352783203125
    ]
  ],
  "theta_phys": [
    0.0007233697106130421,
    0.31746840476989746,
    0.00016297750698868185,
    0.19502729177474976,
    0.21621599793434143,
    3.1003530025482178,
    10.17597484588623,
    6.1070427894592285,
    47.97222137451172,
    0.9569779634475708
  ],
  "Sigma_phys": [
    [
      5.818104114041489e-07,
      0.00026257499121129513,
      -2.1288151241805053e-09,
      4.1629692759670434e-07,
      0.00016937869077082723,
      4.614272484104731e-07,
      -2.1541647583944723e-05,
      -6.344424036797136e-06,
      0.01938481256365776,
      0.019972175359725952
    ],
    [
      0.0002625773777253926,
      0.6816436052322388,
      -2.6310933662898606e-06,
      0.00020566524472087622,
      -0.4752991497516632,
      0.014347526244819164,
      -0.13707062602043152,
      -0.013112173415720463,
      8.802809715270996,
      6.507162570953369
    ],
    [
      -2.128795584255272e-09,
      -2.6311045075999573e-06,
      1.1746934092116135e-08,
      9.021928804031631e-08,
      -9.733639672049321e-07,
      2.7249291179032298e-06,
      -9.382926691614557e-06,
      6.347617272695061e-06,
      -7.943723176140338e-05,
      -6.425182800740004e-05
    ],
    [
      4.16298490790723e-07,
      0.00020567566389217973,
      9.021957936283798e-08,
      0.002677258802577853,
      -0.0008497191593050957,
      -0.0008391300798393786,
      -0.003972834441810846,
      -0.0020001905504614115,
      -0.0015152146806940436,
      -0.0015663959784433246
    ],
    [
      0.00016937920008786023,
      -0.47530001401901245,
      -9.734039849718101e-07,
      -0.0008497098460793495,
      0.9317987561225891,
      0.0014979209518060088,
      -0.0024266487453132868,
      -0.009310656227171421,
      7.261107921600342,
      8.270933151245117
    ],
    [
      4.614928741375479e-07,
      0.014347139745950699,
      2.724916839724756e-06,
      -0.0008391307783313096,
      0.001498348661698401,
      0.036309510469436646,
      -0.0032807167153805494,
      0.0035120146349072456,
      0.06444310396909714,
      -0.01958722621202469
    ],
    [
      -2.1543355614994653e-05,
      -0.13707108795642853,
      -9.382919415656943e-06,
      -0.003972835373133421,
      -0.002427369821816683,
      -0.0032806938979774714,
      3.6790030002593994,
      0.03207223862409592,
      -1.5786950588226318,
      0.16273550689220428
    ],
    [
      -6.344702342175879e-06,
      -0.013112288899719715,
      6.3476186369371135e-06,
      -0.0020001905504614115,
      -0.009310772642493248,
      0.0035120106767863035,
      0.03207223489880562,
      0.4863101541996002,
      -0.3931398391723633,
      -0.05516078323125839
    ],
    [
      0.019384829327464104,
      8.802734375,
      -7.943819218780845e-05,
      -0.001515195588581264,
      7.2610979080200195,
      0.06443781405687332,
      -1.578637957572937,
      -0.3931306302547455,
      655.9863891601562,
      665.1976318359375
    ],
    [
      0.019972171634435654,
      6.507075786590576,
      -6.425267201848328e-05,
      -0.001566392253153026,
      8.270913124084473,
      -0.019592026248574257,
      0.16279521584510803,
      -0.05515101179480553,
      665.1970825195312,
      699.708740234375
    ]
  ],
  "param_names": [
    "L",
    "RL",
    "C",
    "RC",
    "Rdson",
    "Rloads1",
    "Rloads2",
    "Rloads3",
    "Vin",
    "VF"
  ]
}