{
  "L": 0.0007244730950333178,
  "RL": 0.3075732886791229,
  "C": 0.00016608725127298385,
  "RC": 0.18919415771961212,
  "Rdson": 0.23393777012825012,
  "Rloads": [
    3.1021852493286133,
    10.15108871459961,
    6.118819713592529
  ],
  "Vin": 48.06963348388672,
  "VF": 1.0730701684951782
}