{
  "L": 0.0007200812106020749,
  "RL": 0.3040863871574402,
  "C": 0.00016631549806334078,
  "RC": 0.18908154964447021,
  "Rdson": 0.23379449546337128,
  "Rloads": [
    3.102179765701294,
    10.151867866516113,
    6.1184539794921875
  ],
  "Vin": 47.92143249511719,
  "VF": 0.928339958190918
}