{
  "L": 0.0007200826657935977,
  "RL": 0.30408695340156555,
  "C": 0.000166315512615256,
  "RC": 0.18908151984214783,
  "Rdson": 0.2337951362133026,
  "Vin": 47.921478271484375,
  "VF": 0.9283976554870605,
  "Rloads": [
    3.102179765701294,
    10.151877403259277,
    6.118453502655029
  ]
}