{
  "L": 0.0007220098050311208,
  "RL": 0.30890798568725586,
  "C": 0.00016547519771847874,
  "RC": 0.19500547647476196,
  "Rdson": 0.2271251678466797,
  "Rloads": [
    3.1010899543762207,
    10.175789833068848,
    6.109226226806641
  ],
  "Vin": 47.94314956665039,
  "VF": 0.9456048011779785
}