{
  "L": 0.0007250448106788099,
  "RL": 0.31350982189178467,
  "C": 0.00016452607815153897,
  "RC": 0.2007906436920166,
  "Rdson": 0.22179579734802246,
  "Vin": 48.00532150268555,
  "VF": 0.997694194316864,
  "Rloads": [
    3.0999531745910645,
    10.196921348571777,
    6.098724842071533
  ]
}