{
  "L": 0.0007250443450175226,
  "RL": 0.313507616519928,
  "C": 0.000164526398293674,
  "RC": 0.20079059898853302,
  "Rdson": 0.2217995822429657,
  "Rloads": [
    3.099951982498169,
    10.196919441223145,
    6.09872579574585
  ],
  "Vin": 48.00532150268555,
  "VF": 0.9976900815963745
}