{
  "L": 0.0007250442286022007,
  "RL": 0.31350797414779663,
  "C": 0.00016452644194941968,
  "RC": 0.20079055428504944,
  "Rdson": 0.22179989516735077,
  "Vin": 48.00532150268555,
  "VF": 0.9976868033409119,
  "Rloads": [
    3.0999510288238525,
    10.19690227508545,
    6.098724842071533
  ]
}