{
  "L": 0.0007190821343101561,
  "RL": 0.30377423763275146,
  "C": 0.00016631629841867834,
  "RC": 0.1890813410282135,
  "Rdson": 0.23335424065589905,
  "Rloads": [
    3.102180004119873,
    10.151865005493164,
    6.118455410003662
  ],
  "Vin": 47.888057708740234,
  "VF": 0.8932368159294128
}