{
  "L": 0.0007226790185086429,
  "RL": 0.3091212809085846,
  "C": 0.000165473684319295,
  "RC": 0.19500555098056793,
  "Rdson": 0.22741244733333588,
  "Vin": 47.96541976928711,
  "VF": 0.9690425992012024,
  "Rloads": [
    3.1010892391204834,
    10.175787925720215,
    6.109225749969482
  ]
}