{
  "L": 0.0007200812106020749,
  "RL": 0.3040864169597626,
  "C": 0.000166315512615256,
  "RC": 0.1890815645456314,
  "Rdson": 0.23379461467266083,
  "Vin": 47.92143249511719,
  "VF": 0.9283403158187866,
  "Rloads": [
    3.102179765701294,
    10.151867866516113,
    6.118453502655029
  ]
}