{
  "L": 0.0007226737216114998,
  "RL": 0.3091198801994324,
  "C": 0.00016547375707887113,
  "RC": 0.19500555098056793,
  "Rdson": 0.22741040587425232,
  "Rloads": [
    3.1010897159576416,
    10.17579460144043,
    6.109224319458008
  ],
  "Vin": 47.965293884277344,
  "VF": 0.9688824415206909
}