{
  "theta_log": [
    -7.22927713394165,
    -1.1599246263504028,
    -8.712441444396973,
    -1.6054924726486206,
    -1.505998134613037,
    3.871311902999878,
    -0.0023084681015461683,
    1.1313869953155518,
    2.3220858573913574,
    1.808079719543457
  ],
  "Sigma_log": [
    [
      1.4625587027694564e-05,
      1.470254392188508e-05,
      -2.0539319223189523e-07,
      2.8412602048888402e-08,
      1.4616661246691365e-05,
      7.349449333560187e-06,
      0.00036527690826915205,
      1.2031620144625776e-09,
      -2.71588671552081e-08,
      -1.3263475651115186e-08
    ],
    [
      1.4702741282235365e-05,
      8.511627675034106e-05,
      -5.425445692708308e-07,
      4.575073209167613e-09,
      -8.458332013105974e-05,
      7.391350663965568e-06,
      0.0002688272506929934,
      1.3933382092545799e-07,
      -4.0588082583781215e-07,
      -6.142118991192547e-08
    ],
    [
      -2.0539536649266665e-07,
      -5.425451945484383e-07,
      4.642310886993073e-05,
      2.972215327190497e-07,
      -2.3651070080177305e-07,
      -1.0377151227203285e-07,
      -4.216405613988172e-06,
      5.980818968964741e-07,
      -5.37687640189688e-07,
      5.936855131949414e-07
    ],
    [
      2.8412852515202758e-08,
      4.575210432733456e-09,
      2.972198274164839e-07,
      6.591500095964875e-06,
      -1.377986222905747e-07,
      -1.4495943334580375e-10,
      -1.1800264099193214e-09,
      -1.4335914499952196e-07,
      -2.032855519473742e-07,
      -1.7657210094057518e-07
    ],
    [
      1.4616337466577534e-05,
      -8.458384400000796e-05,
      -2.3650396485663805e-07,
      -1.3779896335108788e-07,
      0.00023828305711504072,
      9.227176633430645e-06,
      0.0005038997041992843,
      7.868662166288232e-09,
      -4.201899717060087e-09,
      -6.705988653266104e-08
    ],
    [
      7.349447514570784e-06,
      7.39124925530632e-06,
      -1.037703469819462e-07,
      -1.4508927392853366e-10,
      9.227336704498157e-06,
      3.745730964510585e-06,
      0.00018354957865085453,
      3.6905232203565674e-09,
      -3.021929728674877e-08,
      -1.2269701699096913e-08
    ],
    [
      0.0003652766172308475,
      0.00026882204110734165,
      -4.216349680064013e-06,
      -1.18632426104881e-09,
      0.0005039075622335076,
      0.0001835494622355327,
      0.0092958128079772,
      -7.323448159013424e-08,
      1.6262318069948378e-07,
      -7.589299144683537e-08
    ],
    [
      1.203324107024173e-09,
      1.3933406250998814e-07,
      5.980826927043381e-07,
      -1.4335915921037667e-07,
      7.868831808366394e-09,
      3.690610705930908e-09,
      -7.322965700495843e-08,
      3.7575301803371985e-07,
      -3.0067126566279967e-09,
      1.220135459334415e-08
    ],
    [
      -2.715878189007981e-08,
      -4.05880484777299e-07,
      -5.376875833462691e-07,
      -2.032855519473742e-07,
      -4.202047598766967e-09,
      -3.02192582068983e-08,
      1.626251560082892e-07,
      -3.0067310863302055e-09,
      3.6730875763169024e-06,
      2.6534670016786777e-09
    ],
    [
      -1.326379095445418e-08,
      -6.14213178096179e-08,
      5.936855131949414e-07,
      -1.765721151514299e-07,
      -6.706052602112322e-08,
      -1.2269864235747718e-08,
      -7.590112005573246e-08,
      1.2201399890443554e-08,
      2.6534701103031466e-09,
      1.350518118670152e-06
    ]
  ],
  "theta_phys": [
    0.0007250448106788099,
    0.31350982189178467,
    0.00016452607815153897,
    0.2007906436920166,
    0.22179579734802246,
    48.00532150268555,
    0.997694194316864,
    3.0999531745910645,
    10.196921348571777,
    6.098724842071533
  ],
  "Sigma_phys": [
    [
      7.688525163751514e-12,
      3.3420157752317436e-09,
      -2.4501102237556652e-14,
      4.1363696322294086e-12,
      2.350532879447087e-09,
      2.5580499141142354e-07,
      2.642314598233497e-07,
      2.7042328879650634e-12,
      -2.0079161944241974e-10,
      -5.864908558805837e-11
    ],
    [
      3.3420606282419385e-09,
      8.365943358512595e-06,
      -2.798474126042283e-11,
      2.8800012374929906e-10,
      -5.881514880456962e-06,
      0.00011124086449854076,
      8.40856519062072e-05,
      1.3541377086312423e-07,
      -1.2975341405763174e-06,
      -1.1743794203766811e-07
    ],
    [
      -2.4501363123704406e-14,
      -2.7984774220168873e-11,
      1.256619266108705e-12,
      9.81880115408229e-12,
      -8.630558073763339e-12,
      -8.196006651139953e-10,
      -6.921091477707364e-10,
      3.050356078837524e-10,
      -9.02056762619452e-10,
      5.957035975612257e-10
    ],
    [
      4.136406061422404e-12,
      2.880087557333155e-10,
      9.81874564293106e-12,
      2.6574875278129184e-07,
      -6.13679551619839e-09,
      -1.3972668577721947e-09,
      -2.3639193380553536e-10,
      -8.923269234628606e-08,
      -4.162162952070503e-07,
      -2.1622435042445431e-07
    ],
    [
      2.3504809210095345e-09,
      -5.881551260245033e-06,
      -8.63031174302975e-12,
      -6.136811059320735e-09,
      1.172194788523484e-05,
      9.824524750001729e-05,
      0.00011150513455504552,
      5.4101505497783364e-09,
      -9.503160924850818e-09,
      -9.071000306448695e-08
    ],
    [
      2.558049345680047e-07,
      0.00011123932927148417,
      -8.195913947517397e-10,
      -1.3985184121878547e-09,
      9.824694279814139e-05,
      0.00863207783550024,
      0.008791038766503334,
      5.492024115483218e-07,
      -1.479254297009902e-05,
      -3.59221598955628e-06
    ],
    [
      2.642312324496743e-07,
      8.408402209170163e-05,
      -6.92099932919632e-10,
      -2.3765356349514377e-10,
      0.00011150686623295769,
      0.008791034109890461,
      0.009252993389964104,
      -2.2649997788448673e-07,
      1.6544321397304884e-06,
      -4.617832303210889e-07
    ],
    [
      2.704597396735453e-12,
      1.3541399823679967e-07,
      3.050360242173866e-10,
      -8.923270655714077e-08,
      5.410267345240527e-09,
      5.492154855346598e-07,
      -2.2648507069789048e-07,
      3.610877456594608e-06,
      -9.504212528099742e-08,
      2.306759085968224e-07
    ],
    [
      -2.0079098106418058e-10,
      -1.2975330037079402e-06,
      -9.020566515971495e-10,
      -4.162162383636314e-07,
      -9.503494879936625e-09,
      -1.4792522961215582e-05,
      1.6544522623007651e-06,
      -9.504270792604075e-08,
      0.000381917372578755,
      1.6501438437899196e-07
    ],
    [
      -5.865048030573305e-11,
      -1.1743817651677091e-07,
      5.957035975612257e-10,
      -2.1622435042445431e-07,
      -9.071086992662458e-08,
      -3.592263283280772e-06,
      -4.618326840954978e-07,
      2.3067676124810532e-07,
      1.6501458333095798e-07,
      5.023177436669357e-05
    ]
  ],
  "param_names": [
    "L",
    "RL",
    "C",
    "RC",
    "Rdson",
    "Vin",
    "VF",
    "Rloads1",
    "Rloads2",
    "Rloads3"
  ]
}