{
  "theta_log": [
    1.972805380821228,
    1.1111146211624146,
    0.5087211728096008,
    0.6370070576667786,
    0.847387433052063,
    1.1321051120758057,
    2.317657470703125,
    1.8113096952438354,
    1.5662810802459717,
    -0.11290354281663895
  ],
  "Sigma_log": [
    [
      0.001419202541001141,
      0.0014295646687969565,
      -7.683861440455075e-06,
      3.868138719553826e-06,
      0.0014173425734043121,
      2.4107282570184907e-07,
      -2.5341823857161216e-06,
      -1.2505420272646006e-06,
      0.0007115043117664754,
      0.039418671280145645
    ],
    [
      0.0014295666478574276,
      0.008806469850242138,
      -4.022811117465608e-05,
      4.371039722173009e-06,
      -0.008149603381752968,
      1.3630916328111198e-05,
      -3.910293889930472e-05,
      -6.096177912695566e-06,
      0.0007169753080233932,
      0.028559572994709015
    ],
    [
      -7.683548574277665e-06,
      -4.022784560220316e-05,
      0.004639403894543648,
      3.208459020243026e-05,
      -1.0236191883450374e-05,
      6.119108002167195e-05,
      -7.893556903582066e-05,
      7.44732897146605e-05,
      -3.837714757537469e-06,
      -0.00011542586435098201
    ],
    [
      3.868126896122703e-06,
      4.370980150270043e-06,
      3.208453563274816e-05,
      0.0007320376462303102,
      -1.8050781363854185e-05,
      -1.514973246230511e-05,
      -2.199459595431108e-05,
      -1.8121367247658782e-05,
      4.5517674607253866e-07,
      2.5128956622211263e-05
    ],
    [
      0.0014173355884850025,
      -0.008149608969688416,
      -1.0236555681331083e-05,
      -1.8050812286674045e-05,
      0.02128760516643524,
      9.211538554154686e-07,
      -4.240116027176555e-07,
      -5.988300927128876e-06,
      0.0008868907461874187,
      0.053859349340200424
    ],
    [
      2.4106739715534786e-07,
      1.3630915418616496e-05,
      6.119123281678185e-05,
      -1.514973246230511e-05,
      9.211447604684508e-07,
      3.819541598204523e-05,
      -6.335657189993071e-07,
      1.4264160199672915e-06,
      4.137160090067482e-07,
      -4.059687398694223e-06
    ],
    [
      -2.534169652790297e-06,
      -3.9102942537283525e-05,
      -7.893556175986305e-05,
      -2.1994594135321677e-05,
      -4.239676059114572e-07,
      -6.335631042020395e-07,
      0.00037209701258689165,
      -3.5409766496741213e-07,
      -2.830541689036181e-06,
      1.7303456843364984e-05
    ],
    [
      -1.2505412314567366e-06,
      -6.096179276937619e-06,
      7.447330426657572e-05,
      -1.812137088563759e-05,
      -5.9882877394557e-06,
      1.4264171568356687e-06,
      -3.540978354976687e-07,
      0.00013865043001715094,
      -1.1564976603040122e-06,
      -7.40814721211791e-06
    ],
    [
      0.0007115045445971191,
      0.0007169744349084795,
      -3.837873464362929e-06,
      4.551829420051945e-07,
      0.0008868941804394126,
      4.1371865222572524e-07,
      -2.830548282872769e-06,
      -1.1564983424250386e-06,
      0.00036189841921441257,
      0.019761793315410614
    ],
    [
      0.03941866755485535,
      0.028559517115354538,
      -0.00011543461005203426,
      2.512920218578074e-05,
      0.05385955050587654,
      -4.059525053889956e-06,
      1.730306576064322e-05,
      -7.408193596347701e-06,
      0.019761789590120316,
      1.1160656213760376
    ]
  ],
  "theta_phys": [
    0.0007190821343101561,
    0.30377423763275146,
    0.00016631629841867834,
    0.1890813410282135,
    0.23335424065589905,
    3.102180004119873,
    10.151865005493164,
    6.118455410003662,
    47.888057708740234,
    0.8932368159294128
  ],
  "Sigma_phys": [
    [
      7.338399887757419e-10,
      3.1227216368279187e-07,
      -9.189519804830848e-13,
      5.259315205563553e-10,
      2.3783130131960206e-07,
      5.377664979988594e-10,
      -1.849959474498064e-08,
      -5.501974431609824e-09,
      2.450096872053109e-05,
      2.5319031919934787e-05
    ],
    [
      3.122725900084333e-07,
      0.0008126503671519458,
      -2.032429113896228e-09,
      2.5106396606133785e-07,
      -0.000577700964640826,
      1.2845262062910479e-05,
      -0.00012058857828378677,
      -1.1330534107401036e-05,
      0.01042995322495699,
      0.007749421522021294
    ],
    [
      -9.18914575508134e-13,
      -2.0324155691753276e-09,
      1.2833106799448046e-10,
      1.0089740154484161e-09,
      -3.9727288125845917e-10,
      3.15711154996734e-08,
      -1.3327644410310313e-07,
      7.578393024232355e-08,
      -3.0565725950282285e-08,
      -1.7147646858006738e-08
    ],
    [
      5.259299107329696e-10,
      2.5106052703449677e-07,
      1.0089723501138792e-09,
      2.61716286331648e-05,
      -7.964534347593144e-07,
      -8.886293471732643e-06,
      -4.2219249735353515e-05,
      -2.0964351278962567e-05,
      4.12150620832108e-06,
      4.244140200171387e-06
    ],
    [
      2.3783015024037013e-07,
      -0.0005777013720944524,
      -3.972870088464475e-10,
      -7.964547990013671e-07,
      0.0011591996299102902,
      6.668296350653691e-07,
      -1.0044752798421541e-06,
      -8.549901394871995e-06,
      0.00991089828312397,
      0.011226474307477474
    ],
    [
      5.37754396567891e-10,
      1.2845261153415777e-05,
      3.157119365937433e-08,
      -8.88629256223794e-06,
      6.668229843853624e-07,
      0.00036757439374923706,
      -1.9952829461544752e-05,
      2.7074160243500955e-05,
      6.146056693978608e-05,
      -1.1249318049522117e-05
    ],
    [
      -1.8499500598068153e-08,
      -0.000120588592835702,
      -1.3327642989224842e-07,
      -4.22192424593959e-05,
      -1.0043710290119634e-06,
      -1.9952747607021593e-05,
      0.038348451256752014,
      -2.199432856286876e-05,
      -0.001376076601445675,
      0.00015690807776991278
    ],
    [
      -5.501971322985355e-09,
      -1.133053592639044e-05,
      7.578395155860562e-08,
      -2.0964354916941375e-05,
      -8.549882295483258e-06,
      2.7074180252384394e-05,
      -2.199433947680518e-05,
      0.0051904479041695595,
      -0.000338854908477515,
      -4.0487226215191185e-05
    ],
    [
      2.4500975996488705e-05,
      0.01042994111776352,
      -3.056699071635194e-08,
      4.121562142245239e-06,
      0.009910937398672104,
      6.146095984149724e-05,
      -0.001376079861074686,
      -0.0003388551122043282,
      0.8299294114112854,
      0.8453181385993958
    ],
    [
      2.531902828195598e-05,
      0.007749405689537525,
      -1.714894715121318e-08,
      4.244182036927668e-06,
      0.011226517148315907,
      -1.124886784964474e-05,
      0.00015690452710259706,
      -4.0487477235728875e-05,
      0.8453180193901062,
      0.8904775381088257
    ]
  ],
  "param_names": [
    "L",
    "RL",
    "C",
    "RC",
    "Rdson",
    "Rload1",
    "Rload2",
    "Rload3",
    "Vin",
    "VF"
  ]
}