{
  "theta_log": [
    -7.232545375823975,
    -1.174021601676941,
    -8.706698417663574,
    -1.6347272396087646,
    -1.480989933013916,
    1.1317534446716309,
    2.3200111389160156,
    1.8098000288009644,
    3.8704802989959717,
    -0.031446706503629684
  ],
  "Sigma_log": [
    [
      0.0003557316376827657,
      0.0003594732843339443,
      -4.241236638335977e-06,
      8.146795380525873e-07,
      0.00035328540252521634,
      3.6706168771161174e-08,
      -6.440167794607987e-07,
      -3.3468427318439353e-07,
      0.00017863165703602135,
      0.009132650680840015
    ],
    [
      0.000359480909537524,
      0.0021579612512141466,
      -1.2550978681247216e-05,
      5.718781039831811e-07,
      -0.0020787843968719244,
      3.4358456559857586e-06,
      -9.946291356754955e-06,
      -1.5439289882124285e-06,
      0.00018059770809486508,
      0.006681621540337801
    ],
    [
      -4.241436272423016e-06,
      -1.2551037798402831e-05,
      0.0011633477406576276,
      7.711455509706866e-06,
      -4.9382833822164685e-06,
      1.517971122666495e-05,
      -1.6696083548595197e-05,
      1.682077163422946e-05,
      -2.135196837116382e-06,
      -8.579789573559538e-05
    ],
    [
      8.146970458255964e-07,
      5.718868010262668e-07,
      7.711461876169778e-06,
      0.00017336239397991449,
      -4.0157342482416425e-06,
      -3.682759825096582e-06,
      -5.287773547024699e-06,
      -4.4701978367811535e-06,
      4.347953108663205e-08,
      2.2840795281808823e-06
    ],
    [
      0.000353275885572657,
      -0.002078801626339555,
      -4.937936864735093e-06,
      -4.015763352072099e-06,
      0.005629069171845913,
      2.0648059262384777e-07,
      -9.539523659896076e-08,
      -1.5985468735379982e-06,
      0.00022297869145404547,
      0.012526814825832844
    ],
    [
      3.671302550856126e-08,
      3.4358492939645657e-06,
      1.5179641195572913e-05,
      -3.682761871459661e-06,
      2.0648873544359958e-07,
      9.479602340434212e-06,
      -1.1774955765986306e-07,
      3.3200907978425676e-07,
      9.367192888021236e-08,
      -1.626343873795122e-06
    ],
    [
      -6.440622541958874e-07,
      -9.94632500805892e-06,
      -1.669607991061639e-05,
      -5.287771728035295e-06,
      -9.54539700614987e-08,
      -1.17750808215078e-07,
      9.251546725863591e-05,
      -7.857276607126096e-09,
      -7.259018275362905e-07,
      4.406305379234254e-06
    ],
    [
      -3.3468850801909866e-07,
      -1.5439296703334549e-06,
      1.6820767996250652e-05,
      -4.470198291528504e-06,
      -1.5985531263140729e-06,
      3.3200862503690587e-07,
      -7.85729437069449e-09,
      3.424310125410557e-05,
      -3.044574441446457e-07,
      -2.1481100702658296e-06
    ],
    [
      0.0001786316861398518,
      0.0001805939245969057,
      -2.1350974748202134e-06,
      4.3470663513289765e-08,
      0.0002229835226899013,
      9.366861064563636e-08,
      -7.258789764819085e-07,
      -3.0445542620327615e-07,
      9.100703027797863e-05,
      0.00458587147295475
    ],
    [
      0.009132640436291695,
      0.006681415252387524,
      -8.579256973462179e-05,
      2.283608864672715e-06,
      0.012527051381766796,
      -1.6265095155176823e-06,
      4.407494088809472e-06,
      -2.148001613022643e-06,
      0.004585865419358015,
      0.2390066385269165
    ]
  ],
  "theta_phys": [
    0.0007226790185086429,
    0.3091212809085846,
    0.000165473684319295,
    0.19500555098056793,
    0.22741244733333588,
    3.1010892391204834,
    10.175787925720215,
    6.109225749969482,
    47.96541976928711,
    0.9690425992012024
  ],
  "Sigma_phys": [
    [
      1.857861642307057e-10,
      8.030470155517833e-08,
      -5.071855479002463e-13,
      1.148098768832817e-10,
      5.8061118579644244e-08,
      8.226190562066193e-11,
      -4.735988934356783e-09,
      -1.4776341261679704e-09,
      6.19201682638959e-06,
      6.395657237590058e-06
    ],
    [
      8.030640685774415e-08,
      0.00020620606665033847,
      -6.420006193330607e-10,
      3.447302177050915e-08,
      -0.00014613445091526955,
      3.2936452498688595e-06,
      -3.128658136120066e-05,
      -2.9156972232158296e-06,
      0.0026777461171150208,
      0.0020014909096062183
    ],
    [
      -5.072094545581496e-13,
      -6.420036169352272e-10,
      3.185425187512969e-11,
      2.488354522434122e-10,
      -1.858314335745348e-10,
      7.789448197570437e-09,
      -2.811328414509262e-08,
      1.7004389007979626e-08,
      -1.6947087289054252e-08,
      -1.3757782468815094e-08
    ],
    [
      1.1481234019061759e-10,
      3.447354757213361e-08,
      2.488356742880171e-10,
      6.592480076506035e-06,
      -1.7808451957534999e-07,
      -2.2270739918894833e-06,
      -1.0492714864085428e-05,
      -5.325493930286029e-06,
      4.0668680867383955e-07,
      4.316194974762766e-07
    ],
    [
      5.805955183291189e-08,
      -0.0001461356587242335,
      -1.8581840233178326e-10,
      -1.7808579855227435e-07,
      0.00029111531330272555,
      1.4561554451120173e-07,
      -2.207541882626174e-07,
      -2.220883516201866e-06,
      0.0024322369135916233,
      0.0027605637442320585
    ],
    [
      8.227727527065909e-11,
      3.293648660473991e-06,
      7.789412670433649e-09,
      -2.2270751287578605e-06,
      1.4562128569650667e-07,
      9.116301225731149e-05,
      -3.71570808965771e-06,
      6.289996690611588e-06,
      1.3933236004959326e-05,
      -4.887305749434745e-06
    ],
    [
      -4.7363233335318e-09,
      -3.1286686862586066e-05,
      -2.8113278816022103e-08,
      -1.0492711226106621e-05,
      -2.2089010087711358e-07,
      -3.7157474253035616e-06,
      0.009579667821526527,
      -4.884569193563948e-07,
      -0.00035430246498435736,
      4.3449574150145054e-05
    ],
    [
      -1.4776527779147841e-09,
      -2.915698360084207e-06,
      1.7004385455265947e-08,
      -5.32549438503338e-06,
      -2.2208921564015327e-06,
      6.289988050411921e-06,
      -4.88458056224772e-07,
      0.0012780429096892476,
      -8.921564585762098e-05,
      -1.2717026038444601e-05
    ],
    [
      6.192017735884292e-06,
      0.0026776900049299,
      -1.6946300362974398e-08,
      4.0660387412572163e-07,
      0.002432289533317089,
      1.3932742149336264e-05,
      -0.00035429131821729243,
      -8.921505650505424e-05,
      0.209378182888031,
      0.21315376460552216
    ],
    [
      6.395649961632444e-06,
      0.00200142920948565,
      -1.3756928929353762e-08,
      4.3153056594746886e-07,
      0.002760615898296237,
      -4.887803697783966e-06,
      4.3461292079882696e-05,
      -1.271638393518515e-05,
      0.21315346658229828,
      0.2244376391172409
    ]
  ],
  "param_names": [
    "L",
    "RL",
    "C",
    "RC",
    "Rdson",
    "Rloads1",
    "Rloads2",
    "Rloads3",
    "Vin",
    "VF"
  ],
  "param_units": {
    "L": "H",
    "RL": "\u03a9",
    "C": "F",
    "RC": "\u03a9",
    "Rdson": "\u03a9",
    "Rloads1": "\u03a9",
    "Rloads2": "\u03a9",
    "Rloads3": "\u03a9",
    "Vin": "V",
    "VF": "V"
  }
}