{
  "theta_log": [
    1.974193811416626,
    1.112141728401184,
    0.508716344833374,
    0.6370081901550293,
    0.8492723703384399,
    1.1321049928665161,
    2.317657709121704,
    1.8113094568252563,
    1.5669777393341064,
    -0.0743572786450386
  ],
  "Sigma_log": [
    [
      0.0013778251595795155,
      0.0014011914609000087,
      -7.554842341050971e-06,
      3.842001660814276e-06,
      0.0013587132561951876,
      2.4680213073224877e-07,
      -2.561567953307531e-06,
      -1.2446290611478616e-06,
      0.0006912390817888081,
      0.03685004264116287
    ],
    [
      0.001401218818500638,
      0.00879248883575201,
      -4.013981742900796e-05,
      4.354117663751822e-06,
      -0.008188553154468536,
      1.3639872122439556e-05,
      -3.913651380571537e-05,
      -6.094045147619909e-06,
      0.000703252968378365,
      0.02673920802772045
    ],
    [
      -7.554840522061568e-06,
      -4.013968646177091e-05,
      0.004639363382011652,
      3.207031113561243e-05,
      -1.0068931260320824e-05,
      6.11904397374019e-05,
      -7.893347356002778e-05,
      7.447219832101837e-05,
      -3.7772460927953944e-06,
      -0.00010777689749374986
    ],
    [
      3.8420598684751894e-06,
      4.354097200121032e-06,
      3.2070427550934255e-05,
      0.0007320352597162127,
      -1.8077591448673047e-05,
      -1.5149728824326303e-05,
      -2.1993946575094014e-05,
      -1.812156187952496e-05,
      4.4240687202545814e-07,
      2.3499131202697754e-05
    ],
    [
      0.0013586801942437887,
      -0.008188615553081036,
      -1.0068759365822189e-05,
      -1.807776789064519e-05,
      0.021184640005230904,
      9.27999394662038e-07,
      -4.611847259639035e-07,
      -5.97712505623349e-06,
      0.0008579854620620608,
      0.050284773111343384
    ],
    [
      2.46851868723752e-07,
      1.3639912140206434e-05,
      6.119035242591053e-05,
      -1.5149733371799812e-05,
      9.28056977045344e-07,
      3.8195088563952595e-05,
      -6.335422995107365e-07,
      1.4263952152759884e-06,
      4.1687417251523584e-07,
      -3.7544523365795612e-06
    ],
    [
      -2.5617216579121305e-06,
      -3.9136633859016e-05,
      -7.893345900811255e-05,
      -2.1993941118125804e-05,
      -4.614053636942117e-07,
      -6.335425268844119e-07,
      0.00037209392758086324,
      -3.5406881693234027e-07,
      -2.8462809495977126e-06,
      1.592110493220389e-05
    ],
    [
      -1.244663621946529e-06,
      -6.09406106377719e-06,
      7.447219832101837e-05,
      -1.812156187952496e-05,
      -5.977182354399702e-06,
      1.4263947605286376e-06,
      -3.540689590408874e-07,
      0.00013864922220818698,
      -1.1543620530574117e-06,
      -6.978545570746064e-06
    ],
    [
      0.0006912392564117908,
      0.0007032392895780504,
      -3.7772465475427452e-06,
      4.423777681950014e-07,
      0.0008580022258684039,
      4.1685007090563886e-07,
      -2.8462029604270356e-06,
      -1.1543446589712403e-06,
      0.0003519859747029841,
      0.018486853688955307
    ],
    [
      0.03685000166296959,
      0.02673843502998352,
      -0.00010777681018225849,
      2.3497499569202773e-05,
      0.050285615026950836,
      -3.7557615542027634e-06,
      1.5925299521768466e-05,
      -6.977601969992975e-06,
      0.018486831337213516,
      1.005226731300354
    ]
  ],
  "theta_phys": [
    0.0007200812106020749,
    0.3040864169597626,
    0.00016631549806334078,
    0.18908154964447021,
    0.23379449546337128,
    3.102179765701294,
    10.151867866516113,
    6.1184539794921875,
    47.92143249511719,
    0.928339958190918
  ],
  "Sigma_phys": [
    [
      7.144257407887267e-10,
      3.0681457019454683e-07,
      -9.047729471016452e-13,
      5.231041710906936e-10,
      2.287407738776892e-07,
      5.513118850331011e-10,
      -1.872549582060401e-08,
      -5.483566489772329e-09,
      2.3852810045355e-05,
      2.4633522116346285e-05
    ],
    [
      3.0682056717523665e-07,
      0.0008130287169478834,
      -2.030042578482494e-09,
      2.503492737560009e-07,
      -0.0005821547820232809,
      1.2866909855802078e-05,
      -0.00012081617751391605,
      -1.1338207514199894e-05,
      0.010247983038425446,
      0.007548360154032707
    ],
    [
      -9.047726760511021e-13,
      -2.030035917144346e-09,
      1.2832870877055313e-10,
      1.008521266498974e-09,
      -3.9151679120941196e-10,
      3.157063233061308e-08,
      -1.332722945335263e-07,
      7.578243810257845e-08,
      -3.010494253885554e-08,
      -1.6640465005934857e-08
    ],
    [
      5.231121091853197e-10,
      2.5034808004420483e-07,
      1.0085249302349553e-09,
      2.6171601348323748e-05,
      -7.991420716280118e-07,
      -8.886299838195555e-06,
      -4.2218060116283596e-05,
      -2.0964595023542643e-05,
      4.00867429561913e-06,
      4.124848601350095e-06
    ],
    [
      2.2873520322264085e-07,
      -0.0005821592058055103,
      -3.915101021156886e-10,
      -7.991499160198146e-07,
      0.0011579495621845126,
      6.730525115017372e-07,
      -1.0945992698907503e-06,
      -8.550043276045471e-06,
      0.009612669236958027,
      0.010913846082985401
    ],
    [
      5.514229628467149e-10,
      1.2866948054579552e-05,
      3.1570586145335255e-08,
      -8.88630256667966e-06,
      6.73094234571181e-07,
      0.00036757116322405636,
      -1.9952096408815123e-05,
      2.7073758246842772e-05,
      6.197288894327357e-05,
      -1.0812363143486436e-05
    ],
    [
      -1.872662025448335e-08,
      -0.00012081654858775437,
      -1.3327228032267158e-07,
      -4.2218049202347174e-05,
      -1.0951230251521338e-06,
      -1.9952103684772737e-05,
      0.038348156958818436,
      -2.1992536858306266e-05,
      -0.0013846930814906955,
      0.00015004661690909415
    ],
    [
      -5.483718812371308e-09,
      -1.133823661803035e-05,
      7.578244520800581e-08,
      -2.0964595023542643e-05,
      -8.550126040063333e-06,
      2.7073749151895754e-05,
      -2.199254413426388e-05,
      0.005190399941056967,
      -0.0003384648298379034,
      -3.9638176531298086e-05
    ],
    [
      2.3852817321312614e-05,
      0.010247783735394478,
      -3.010494609156922e-08,
      4.008410996902967e-06,
      0.0096128573641181,
      6.19693091721274e-05,
      -0.00138465513009578,
      -0.00033845973666757345,
      0.8083230257034302,
      0.822431743144989
    ],
    [
      2.463349483150523e-05,
      0.00754814175888896,
      -1.6640450795080142e-08,
      4.124562110519037e-06,
      0.010914028622210026,
      -1.0816132999025285e-05,
      0.00015008615446276963,
      -3.963281778851524e-05,
      0.8224306702613831,
      0.8663195371627808
    ]
  ],
  "param_names": [
    "L",
    "RL",
    "C",
    "RC",
    "Rdson",
    "Rload1",
    "Rload2",
    "Rload3",
    "Vin",
    "VF"
  ]
}