{
  "theta_log": [
    1.981062650680542,
    1.142653465270996,
    0.4979008734226227,
    0.6970923542976379,
    0.7966040372848511,
    1.131386637687683,
    2.3220856189727783,
    1.8080798387527466,
    1.5687267780303955,
    -0.00231259036809206
  ],
  "Sigma_log": [
    [
      1.4614979590987787e-05,
      1.4694896890432574e-05,
      -2.052831433729807e-07,
      2.8412349806217208e-08,
      1.4601933798985556e-05,
      1.2055596521065581e-09,
      -2.7164745119989675e-08,
      -1.3262093645494133e-08,
      7.344121058849851e-06,
      0.0003650081343948841
    ],
    [
      1.4695167919853702e-05,
      8.511458145221695e-05,
      -5.424839741863252e-07,
      4.576396150923756e-09,
      -8.459819218842313e-05,
      1.3933873788118945e-07,
      -4.0589458194517647e-07,
      -6.142063568859157e-08,
      7.38751441531349e-06,
      0.00026863077073358
    ],
    [
      -2.052773453442569e-07,
      -5.424769824458053e-07,
      4.642334170057438e-05,
      2.9723202032982954e-07,
      -2.363385505077531e-07,
      5.98047620314901e-07,
      -5.377042384679953e-07,
      5.937034757153015e-07,
      -1.0371241643269968e-07,
      -4.21339836975676e-06
    ],
    [
      2.8413344566047272e-08,
      4.577067613809049e-09,
      2.972318782212824e-07,
      6.591501914954279e-06,
      -1.37800753918782e-07,
      -1.43359841331403e-07,
      -2.0328653249634954e-07,
      -1.765724988445072e-07,
      -1.447659769837628e-10,
      -1.1697238733177073e-09
    ],
    [
      1.4601583643525373e-05,
      -8.459881064482033e-05,
      -2.3634309798126196e-07,
      -1.378021750042535e-07,
      0.00023826549295336008,
      7.869114249103859e-09,
      -4.1999785871382755e-09,
      -6.705797517270184e-08,
      9.219801540893968e-06,
      0.0005035310168750584
    ],
    [
      1.2061711629485217e-09,
      1.3933929210452334e-07,
      5.980479045319953e-07,
      -1.433598271205483e-07,
      7.869707552288219e-09,
      3.7575318856397644e-07,
      -3.0064917222460963e-09,
      1.220123202472223e-08,
      3.6920368984283414e-09,
      -7.316157280001789e-08
    ],
    [
      -2.716715563622074e-08,
      -4.058964577779989e-07,
      -5.377042953114142e-07,
      -2.0328651828549482e-07,
      -4.203166259486579e-09,
      -3.0064908340676766e-09,
      3.6731003092427272e-06,
      2.653137709529574e-09,
      -3.022344685632561e-08,
      1.6242256606346928e-07
    ],
    [
      -1.3262484443998801e-08,
      -6.142091280025852e-08,
      5.937033620284637e-07,
      -1.765724988445072e-07,
      -6.705857202859988e-08,
      1.2201183174909147e-08,
      2.6531381536187837e-09,
      1.350524257759389e-06,
      -1.2269229188177633e-08,
      -7.586731953779235e-08
    ],
    [
      7.344123787333956e-06,
      7.387380719592329e-06,
      -1.0371535807962573e-07,
      -1.4526690961247368e-10,
      9.219980711350217e-06,
      3.691727590293681e-09,
      -3.0222238933674817e-08,
      -1.2269032900746879e-08,
      3.7430570500873728e-06,
      0.00018341474060434848
    ],
    [
      0.0003650077269412577,
      0.0002686235820874572,
      -4.21354206991964e-06,
      -1.1949953249157375e-09,
      0.000503539340570569,
      -7.317715500221311e-08,
      1.6248421275122382e-07,
      -7.585736483406436e-08,
      0.0001834144495660439,
      0.009289005771279335
    ]
  ],
  "theta_phys": [
    0.0007250443450175226,
    0.313507616519928,
    0.000164526398293674,
    0.20079059898853302,
    0.2217995822429657,
    3.099951982498169,
    10.196919441223145,
    6.09872579574585,
    48.00532150268555,
    0.9976900815963745
  ],
  "Sigma_phys": [
    [
      7.68293848679713e-12,
      3.3402516308456143e-09,
      -2.4488008802257995e-14,
      4.136329299908592e-12,
      2.3482031874522136e-09,
      2.7096192043579714e-12,
      -2.0083490426259232e-10,
      -5.864294466695341e-11,
      2.556193692271336e-07,
      2.6403574793221196e-07
    ],
    [
      3.3403135812903884e-09,
      8.36565868667094e-06,
      -2.798147304139409e-11,
      2.880813088079748e-10,
      -5.882607638341142e-06,
      1.3541753673962376e-07,
      -1.297568587688147e-06,
      -1.1743607331027306e-07,
      0.00011118234397144988,
      8.402325329370797e-05
    ],
    [
      -2.448731592930714e-14,
      -2.7981115688358038e-11,
      1.2566305418112989e-12,
      9.819165446012246e-12,
      -8.624439704063569e-12,
      3.050185937159e-10,
      -9.020861835296046e-10,
      5.95722859930703e-10,
      -8.191354816666774e-10,
      -6.916139883017536e-10
    ],
    [
      4.136474149318836e-12,
      2.881235805496374e-10,
      9.819161109203556e-12,
      2.65748695937873e-07,
      -6.136994024075193e-09,
      -8.923307603936337e-08,
      -4.162181141964538e-07,
      -2.1622481938265992e-07,
      -1.395401794113127e-09,
      -2.3432703000203503e-10
    ],
    [
      2.3481467881225626e-09,
      -5.882651294086827e-06,
      -8.624605370155525e-12,
      -6.137057084742992e-09,
      1.1721484042936936e-05,
      5.410551562334831e-09,
      -9.49897582813719e-09,
      -9.07089727775201e-08,
      9.816839155973867e-05,
      0.00011142498988192528
    ],
    [
      2.710993539031814e-12,
      1.3541809096295765e-07,
      3.050187602493537e-10,
      -8.923306893393601e-08,
      5.410959680318683e-09,
      3.610876092352555e-06,
      -9.50350909079134e-08,
      2.3067353538408497e-07,
      5.494275114870106e-07,
      -2.2627348528203584e-07
    ],
    [
      -2.0085272334213755e-10,
      -1.2975746130905463e-06,
      -9.02086294551907e-10,
      -4.162180857747444e-07,
      -9.506185172369896e-09,
      -9.503505538077661e-08,
      0.00038191856583580375,
      1.6499389232649264e-07,
      -1.4794571143283974e-05,
      1.6523841850357712e-06
    ],
    [
      -5.864467245153548e-11,
      -1.1743659911189752e-07,
      5.957227489084005e-10,
      -2.1622483359351463e-07,
      -9.070978279623887e-08,
      2.3067261167852848e-07,
      1.6499392074820207e-07,
      5.023201447329484e-05,
      -3.5920782011089614e-06,
      -4.6162517719494645e-07
    ],
    [
      2.556194829139713e-07,
      0.00011118032853119075,
      -8.19158685327892e-10,
      -1.4002302650695242e-09,
      9.817029786063358e-05,
      5.493814683177334e-07,
      -1.4793979971727822e-05,
      -3.5920206755690742e-06,
      0.00862591527402401,
      0.008784545585513115
    ],
    [
      2.6403546371511766e-07,
      8.40210122987628e-05,
      -6.916375805410269e-10,
      -2.393895637275989e-10,
      0.00011142682342324406,
      -2.2632167429037509e-07,
      1.6530112816326437e-06,
      -4.6156461053215025e-07,
      0.008784530684351921,
      0.009246141649782658
    ]
  ],
  "param_names": [
    "L",
    "RL",
    "C",
    "RC",
    "Rdson",
    "Rload1",
    "Rload2",
    "Rload3",
    "Vin",
    "VF"
  ]
}