{
  "theta_log": [
    -7.236144542694092,
    -1.190441608428955,
    -8.701623916625977,
    -1.6655770540237427,
    -1.4533100128173828,
    1.1321049928665161,
    2.3176586627960205,
    1.8113093376159668,
    3.8695638179779053,
    -0.07429512590169907
  ],
  "Sigma_log": [
    [
      0.0013754271203652024,
      0.0013994559412822127,
      -7.547168934252113e-06,
      3.840708814095706e-06,
      0.0013554426841437817,
      2.47058096647379e-07,
      -2.562726422183914e-06,
      -1.2441981880328967e-06,
      0.0006900368607603014,
      0.03678241744637489
    ],
    [
      0.001399480039253831,
      0.008790797553956509,
      -4.0133159927790985e-05,
      4.352761152404128e-06,
      -0.008190233260393143,
      1.3639561984746251e-05,
      -3.913603359251283e-05,
      -6.093598585721338e-06,
      0.0007023842772468925,
      0.026690812781453133
    ],
    [
      -7.547785116912564e-06,
      -4.013381840195507e-05,
      0.004639363847672939,
      3.207058034604415e-05,
      -1.0060828572022729e-05,
      6.1190286942292e-05,
      -7.89252735557966e-05,
      7.447120151482522e-05,
      -3.773728849409963e-06,
      -0.00010757904965430498
    ],
    [
      3.840728368231794e-06,
      4.352740234025987e-06,
      3.2070376619230956e-05,
      0.0007320353179238737,
      -1.8078815628541633e-05,
      -1.5149710634432267e-05,
      -2.1993844711687416e-05,
      -1.8121532775694504e-05,
      4.417402124090586e-07,
      2.3462052922695875e-05
    ],
    [
      0.0013554026372730732,
      -0.008190292865037918,
      -1.005989543045871e-05,
      -1.80789011210436e-05,
      0.02117900922894478,
      9.290081948165607e-07,
      -4.6478058379761933e-07,
      -5.976658940198831e-06,
      0.0008563365554437041,
      0.05019132420420647
    ],
    [
      2.4709478907425364e-07,
      1.3639602912007831e-05,
      6.119090539868921e-05,
      -1.5149705177464057e-05,
      9.29050543163612e-07,
      3.81950922019314e-05,
      -6.33431398000539e-07,
      1.4263846424000803e-06,
      4.1699786379467696e-07,
      -3.746827132999897e-06
    ],
    [
      -2.5627707600506255e-06,
      -3.91360699723009e-05,
      -7.892528083175421e-05,
      -2.1993842892698012e-05,
      -4.6482227844535373e-07,
      -6.33431000096607e-07,
      0.00037209465517662466,
      -3.539227577675774e-07,
      -2.846815732482355e-06,
      1.5889672795310616e-05
    ],
    [
      -1.2442178558558226e-06,
      -6.0936172303627245e-06,
      7.447120151482522e-05,
      -1.812152549973689e-05,
      -5.9766903177660424e-06,
      1.426377821189817e-06,
      -3.5392261565903027e-07,
      0.00013864916400052607,
      -1.1541389994818019e-06,
      -6.966205546632409e-06
    ],
    [
      0.0006900365697219968,
      0.0007023719954304397,
      -3.7734125726274215e-06,
      4.4172998059366364e-07,
      0.0008563562296330929,
      4.1697904862303403e-07,
      -2.8467929951148108e-06,
      -1.1541286539795692e-06,
      0.00035138308885507286,
      0.01845293678343296
    ],
    [
      0.03678238019347191,
      0.026690129190683365,
      -0.00010756240953924134,
      2.3461474484065548e-05,
      0.05019236356019974,
      -3.7478230296983384e-06,
      1.589090061315801e-05,
      -6.96565712132724e-06,
      0.018452923744916916,
      1.0033208131790161
    ]
  ],
  "theta_phys": [
    0.0007200826657935977,
    0.30408695340156555,
    0.000166315512615256,
    0.18908151984214783,
    0.2337951362133026,
    3.102179765701294,
    10.151877403259277,
    6.118453502655029,
    47.921478271484375,
    0.9283976554870605
  ],
  "Sigma_phys": [
    [
      7.131851220698593e-10,
      3.0643570880783955e-07,
      -9.038558746940484e-13,
      5.229291444308615e-10,
      2.2819126854756178e-07,
      5.518847601138077e-10,
      -1.8734018780719452e-08,
      -5.4816786665412565e-09,
      2.3811395294615068e-05,
      2.4589893655502237e-05
    ],
    [
      3.064409952457936e-07,
      0.0008128751651383936,
      -2.0297095115751063e-09,
      2.502716824892559e-07,
      -0.0005822768434882164,
      1.2866640645370353e-05,
      -0.000120815027912613,
      -1.133739533543121e-05,
      0.010235351510345936,
      0.007535180076956749
    ],
    [
      -9.03929654651886e-13,
      -2.029742818265845e-09,
      1.2832875040391656e-10,
      1.0085297041939612e-09,
      -3.9120282013804797e-10,
      3.1570554170912146e-08,
      -1.3325859526958084e-07,
      7.578142913189367e-08,
      -3.0076940049639234e-08,
      -1.6610950837048222e-08
    ],
    [
      5.229318089661206e-10,
      2.5027048877745983e-07,
      1.0085231538781159e-09,
      2.6171595891355537e-05,
      -7.991982897692651e-07,
      -8.886288014764432e-06,
      -4.2217896407237276e-05,
      -2.0964556824765168e-05,
      4.0026370697887614e-06,
      4.118595370528055e-06
    ],
    [
      2.2818451839157206e-07,
      -0.0005822810926474631,
      -3.9116654360071834e-10,
      -7.992020982783288e-07,
      0.0011576481629163027,
      6.737859621352982e-07,
      -1.1031379472115077e-06,
      -8.549399353796616e-06,
      0.00959423091262579,
      0.010894270613789558
    ],
    [
      5.519667500841763e-10,
      1.2866678844147827e-05,
      3.157087391514324e-08,
      -8.886284376785625e-06,
      6.738167144249019e-07,
      0.0003675712214317173,
      -1.994862213905435e-05,
      2.707355270104017e-05,
      6.199133349582553e-05,
      -1.0791073691507336e-05
    ],
    [
      -1.8734343854021063e-08,
      -0.00012081514432793483,
      -1.3325860948043555e-07,
      -4.221789276925847e-05,
      -1.1032368547603255e-06,
      -1.994861122511793e-05,
      0.038348302245140076,
      -2.198348374804482e-05,
      -0.0013849558308720589,
      0.0001497598277637735
    ],
    [
      -5.481765263937177e-09,
      -1.1337429896229878e-05,
      7.578142913189367e-08,
      -2.096454772981815e-05,
      -8.549443919037003e-06,
      2.7073425371781923e-05,
      -2.1983476472087204e-05,
      0.005190397147089243,
      -0.0003383996954653412,
      -3.957053922931664e-05
    ],
    [
      2.381138619966805e-05,
      0.010235173627734184,
      -3.0074421175640964e-08,
      4.002544301329181e-06,
      0.009594451636075974,
      6.198853952810168e-05,
      -0.0013849447714164853,
      -0.0003383966686669737,
      0.8069400191307068,
      0.8209746479988098
    ],
    [
      2.4589868189650588e-05,
      0.007534986827522516,
      -1.660838222505845e-08,
      4.118493961868808e-06,
      0.010894495993852615,
      -1.0793941328302026e-05,
      0.00014977141108829528,
      -3.9567425119457766e-05,
      0.8209740519523621,
      0.8647844791412354
    ]
  ],
  "param_names": [
    "L",
    "RL",
    "C",
    "RC",
    "Rdson",
    "Rloads1",
    "Rloads2",
    "Rloads3",
    "Vin",
    "VF"
  ],
  "param_units": {
    "L": "H",
    "RL": "\u03a9",
    "C": "F",
    "RC": "\u03a9",
    "Rdson": "\u03a9",
    "Rloads1": "\u03a9",
    "Rloads2": "\u03a9",
    "Rloads3": "\u03a9",
    "Vin": "V",
    "VF": "V"
  }
}