{
  "theta_log": [
    -7.232545375823975,
    -1.174021601676941,
    -8.706698417663574,
    -1.6347272396087646,
    -1.480989933013916,
    3.8704802989959717,
    -0.031446706503629684,
    1.1317534446716309,
    2.3200111389160156,
    1.8098000288009644
  ],
  "Sigma_log": [
    [
      0.0003557316667865962,
      0.00035947386641055346,
      -4.241203441779362e-06,
      8.146801064867759e-07,
      0.00035328572266735137,
      0.00017863170069176704,
      0.009132652543485165,
      3.670668036193092e-08,
      -6.440153583753272e-07,
      -3.346852679442236e-07
    ],
    [
      0.000359480909537524,
      0.0021579619497060776,
      -1.2550951396406163e-05,
      5.718787861042074e-07,
      -0.0020787841640412807,
      0.00018059773719869554,
      0.006681622005999088,
      3.435846338106785e-06,
      -9.94628862827085e-06,
      -1.5439295566466171e-06
    ],
    [
      -4.241437181917718e-06,
      -1.2551045983855147e-05,
      0.0011633477406576276,
      7.711456419201568e-06,
      -4.9382874749426264e-06,
      -2.135197291863733e-06,
      -8.579792483942583e-05,
      1.5179713045654353e-05,
      -1.6696083548595197e-05,
      1.682077163422946e-05
    ],
    [
      8.146971595124342e-07,
      5.718877105209685e-07,
      7.711450052738655e-06,
      0.00017336239397991449,
      -4.01573288399959e-06,
      4.347967674789288e-08,
      2.2840786186861806e-06,
      -3.682760279843933e-06,
      -5.2877712732879445e-06,
      -4.4701978367811535e-06
    ],
    [
      0.00035327591467648745,
      -0.002078800927847624,
      -4.93789411848411e-06,
      -4.0157624425773975e-06,
      0.0056290696375072,
      0.00022297872055787593,
      0.012526815757155418,
      2.0648128895572881e-07,
      -9.539378709177981e-08,
      -1.5985481240932131e-06
    ],
    [
      0.0001786316861398518,
      0.00018059421563521028,
      -2.1350806491682306e-06,
      4.347094773038407e-08,
      0.0002229836827609688,
      9.100705210585147e-05,
      0.004585872869938612,
      9.36688735464486e-08,
      -7.258781806740444e-07,
      -3.0445590937233646e-07
    ],
    [
      0.00913264136761427,
      0.006681429222226143,
      -8.579171844758093e-05,
      2.2836245534563204e-06,
      0.012527059763669968,
      0.00458586635068059,
      0.2390066534280777,
      -1.6264961004708312e-06,
      4.407527740113437e-06,
      -2.148027760995319e-06
    ],
    [
      3.671201653787648e-08,
      3.43585156770132e-06,
      1.517964483355172e-05,
      -3.68276141671231e-06,
      2.0648727172556391e-07,
      9.367167308482749e-08,
      -1.6263522866211133e-06,
      9.479603249928914e-06,
      -1.177521156137118e-07,
      3.320101313875057e-07
    ],
    [
      -6.440622541958874e-07,
      -9.946327736543026e-06,
      -1.6696081729605794e-05,
      -5.287771728035295e-06,
      -9.54560803734239e-08,
      -7.259016570060339e-07,
      4.406305833981605e-06,
      -1.1775081532050535e-07,
      9.251545270672068e-05,
      -7.857286377088712e-09
    ],
    [
      -3.3468842275397037e-07,
      -1.5439310345755075e-06,
      1.6820767996250652e-05,
      -4.4701978367811535e-06,
      -1.5985538084350992e-06,
      -3.0445747256635514e-07,
      -2.1481132534972858e-06,
      3.32008568193487e-07,
      -7.857311246084464e-09,
      3.424310125410557e-05
    ]
  ],
  "theta_phys": [
    0.0007226790185086429,
    0.3091212809085846,
    0.000165473684319295,
    0.19500555098056793,
    0.22741244733333588,
    47.96541976928711,
    0.9690425992012024,
    3.1010892391204834,
    10.175787925720215,
    6.109225749969482
  ],
  "Sigma_phys": [
    [
      1.8578619198628132e-10,
      8.030483655829812e-08,
      -5.071815905623167e-13,
      1.1480995321111465e-10,
      5.806116831763575e-08,
      6.192018190631643e-06,
      6.3956586018321104e-06,
      8.226305747704998e-11,
      -4.735978720304956e-09,
      -1.477638567060069e-09
    ],
    [
      8.030640685774415e-08,
      0.0002062061394099146,
      -6.419991760431287e-10,
      3.4473064403073295e-08,
      -0.0001461344218114391,
      0.002677746582776308,
      0.002001491142436862,
      3.293645931989886e-06,
      -3.1286574085243046e-05,
      -2.9156981327105314e-06
    ],
    [
      -5.072095629783668e-13,
      -6.420040055132858e-10,
      3.185425187512969e-11,
      2.488355077545634e-10,
      -1.8583158623020068e-10,
      -1.694709261812477e-08,
      -1.3757786909707193e-08,
      7.789449085748856e-09,
      -2.811328414509262e-08,
      1.7004389007979626e-08
    ],
    [
      1.148123471295115e-10,
      3.4473600862838794e-08,
      2.488352857099585e-10,
      6.592480076506035e-06,
      -1.7808446273193113e-07,
      4.066881729158922e-07,
      4.3161932694602e-07,
      -2.2270742192631587e-06,
      -1.049271031661192e-05,
      -5.325493930286029e-06
    ],
    [
      5.805955538562557e-08,
      -0.0001461356005165726,
      -1.8581677863060975e-10,
      -1.7808577013056492e-07,
      0.00029111531330272555,
      0.0024322369135916233,
      0.002760563977062702,
      1.4561604189111677e-07,
      -2.2075084871175932e-07,
      -2.2208853351912694e-06
    ],
    [
      6.192017735884292e-06,
      0.002677694195881486,
      -1.6946167136211443e-08,
      4.0660651734469866e-07,
      0.0024322911631315947,
      0.2093782275915146,
      0.21315382421016693,
      1.393278125760844e-05,
      -0.00035429091076366603,
      -8.92151947482489e-05
    ],
    [
      6.395650871127145e-06,
      0.002001433400437236,
      -1.3756791261698709e-08,
      4.3153355022695905e-07,
      0.0027606175281107426,
      0.21315351128578186,
      0.2244376540184021,
      -4.887763225269737e-06,
      4.346162677393295e-05,
      -1.2716539458779152e-05
    ],
    [
      8.227501319124642e-11,
      3.2936509342107456e-06,
      7.789414446790488e-09,
      -2.227074901384185e-06,
      1.4562024830411247e-07,
      1.3933197806181852e-05,
      -4.887331215286395e-06,
      9.116301225731149e-05,
      -3.7157888073124923e-06,
      6.290016244747676e-06
    ],
    [
      -4.7363233335318e-09,
      -3.128669777652249e-05,
      -2.811328236873578e-08,
      -1.0492711226106621e-05,
      -2.208949894111356e-07,
      -0.000354302377672866,
      4.344957778812386e-05,
      -3.7157478800509125e-06,
      0.009579665958881378,
      -4.884574877905834e-07
    ],
    [
      -1.4776524448478767e-09,
      -2.9157008611946367e-06,
      1.7004385455265947e-08,
      -5.325493930286029e-06,
      -2.2208930658962345e-06,
      -8.92156531335786e-05,
      -1.271704604732804e-05,
      6.289986686169868e-06,
      -4.884590794063115e-07,
      0.0012780429096892476
    ]
  ],
  "param_names": [
    "L",
    "RL",
    "C",
    "RC",
    "Rdson",
    "Vin",
    "VF",
    "Rloads1",
    "Rloads2",
    "Rloads3"
  ]
}