{
  "theta_log": [
    1.9777876138687134,
    1.1285589933395386,
    0.5036424398422241,
    0.667857825756073,
    0.8215861916542053,
    1.1317535638809204,
    2.320011854171753,
    1.8097997903823853,
    1.5678925514221191,
    -0.03161199390888214
  ],
  "Sigma_log": [
    [
      0.0003535605501383543,
      0.00035792787093669176,
      -4.221853487251792e-06,
      8.142043839143298e-07,
      0.0003502878826111555,
      3.71962158851602e-08,
      -6.457486847466498e-07,
      -3.3440153401897987e-07,
      0.00017754211148712784,
      0.00907719973474741
    ],
    [
      0.0003579306649044156,
      0.0021576767321676016,
      -1.2538399460026994e-05,
      5.725653409172082e-07,
      -0.002082485007122159,
      3.436680572121986e-06,
      -9.94919264485361e-06,
      -1.543660914649081e-06,
      0.0001798095618141815,
      0.006640884093940258
    ],
    [
      -4.221897597744828e-06,
      -1.2538381270132959e-05,
      0.001163347391411662,
      7.71122631704202e-06,
      -4.909758899884764e-06,
      1.5180200534814503e-05,
      -1.66941863426473e-05,
      1.6820440578158014e-05,
      -2.1253949853417e-06,
      -8.52973316796124e-05
    ],
    [
      8.142122283061326e-07,
      5.725644882659253e-07,
      7.7112681537983e-06,
      0.00017336156452074647,
      -4.018535491923103e-06,
      -3.6827632357017137e-06,
      -5.287794920150191e-06,
      -4.470218300411943e-06,
      4.322066615713993e-08,
      2.2703679860569537e-06
    ],
    [
      0.0003502831095829606,
      -0.0020824929233640432,
      -4.909648396278499e-06,
      -4.018553227069788e-06,
      0.005628029815852642,
      2.0651822296713362e-07,
      -9.546985779707029e-08,
      -1.598485710019304e-06,
      0.00022149876167532057,
      0.01245259027928114
    ],
    [
      3.71974557822341e-08,
      3.4366812542430125e-06,
      1.518010139989201e-05,
      -3.68276391782274e-06,
      2.0652294097089907e-07,
      9.47963235375937e-06,
      -1.1773414598792442e-07,
      3.320113535210112e-07,
      9.391567346028751e-08,
      -1.6145932022482157e-06
    ],
    [
      -6.457480594690423e-07,
      -9.949180821422487e-06,
      -1.6694188161636703e-05,
      -5.2877953748975415e-06,
      -9.548174517703956e-08,
      -1.1773457231356588e-07,
      9.251569281332195e-05,
      -7.821687297848712e-09,
      -7.267442470038077e-07,
      4.365283530205488e-06
    ],
    [
      -3.3440326774325513e-07,
      -1.5436573903571116e-06,
      1.6820436940179206e-05,
      -4.4702178456645925e-06,
      -1.5984956007741857e-06,
      3.3201189353349037e-07,
      -7.821689962383971e-09,
      3.424309761612676e-05,
      -3.043189735763008e-07,
      -2.141059667337686e-06
    ],
    [
      0.00017754206783138216,
      0.00017980809207074344,
      -2.1253727027215064e-06,
      4.3216630274400814e-08,
      0.00022150110453367233,
      9.391491317956024e-08,
      -7.267445880643209e-07,
      -3.0431812092501787e-07,
      9.04603730305098e-05,
      0.004558056592941284
    ],
    [
      0.009077194146811962,
      0.0066408077254891396,
      -8.529610931873322e-05,
      2.2701474335917737e-06,
      0.012452705763280392,
      -1.6146215102708084e-06,
      4.365272616269067e-06,
      -2.141008963008062e-06,
      0.004558055195957422,
      0.23759303987026215
    ]
  ],
  "theta_phys": [
    0.0007226737216114998,
    0.3091198801994324,
    0.00016547375707887113,
    0.19500555098056793,
    0.22741040587425232,
    3.1010897159576416,
    10.17579460144043,
    6.109224319458008,
    47.965293884277344,
    0.9688824415206909
  ],
  "Sigma_phys": [
    [
      1.846495872870335e-10,
      7.995851802888865e-08,
      -5.048641626287376e-13,
      1.1474206307315882e-10,
      5.756754362096217e-08,
      8.335954843063931e-11,
      -4.7486934384721735e-09,
      -1.4763746891688356e-09,
      6.154187758511398e-06,
      6.35572723695077e-06
    ],
    [
      7.995914330649612e-08,
      0.00020617700647562742,
      -6.413545250438801e-10,
      3.4514293645315774e-08,
      -0.00014639260189142078,
      3.294431280664867e-06,
      -3.129558535874821e-05,
      -2.9151769922464155e-06,
      0.0026660410221666098,
      0.0019889504183083773
    ],
    [
      -5.048694752193827e-13,
      -6.413535813543092e-10,
      3.18542726918114e-11,
      2.488281802826009e-10,
      -1.8475644625315368e-10,
      7.78970488113373e-09,
      -2.8110122229918488e-08,
      1.7004058605607497e-08,
      -1.686925443777909e-08,
      -1.3675261811840755e-08
    ],
    [
      1.1474317329618344e-10,
      3.451424035461059e-08,
      2.4882954030580606e-10,
      6.592448698938824e-06,
      -1.7820714504068746e-07,
      -2.227076492999913e-06,
      -1.0492764886294026e-05,
      -5.3255171224009246e-06,
      4.042644263790862e-07,
      4.289575485927344e-07
    ],
    [
      5.7566758471239154e-08,
      -0.0001463931694161147,
      -1.8475229679459915e-10,
      -1.7820794084855152e-07,
      0.00029105631983838975,
      1.4564079720003065e-07,
      -2.2092504536885826e-07,
      -2.22077801481646e-06,
      0.002416065661236644,
      0.002743728458881378
    ],
    [
      8.336233092709477e-11,
      3.294431962785893e-06,
      7.789653366785387e-09,
      -2.2270767203735886e-06,
      1.45644122540034e-07,
      9.11633251234889e-05,
      -3.7152246932237176e-06,
      6.29003898211522e-06,
      1.3969456631457433e-05,
      -4.851192898058798e-06
    ],
    [
      -4.748688553490865e-09,
      -3.129554897896014e-05,
      -2.8110124006275328e-08,
      -1.0492764886294026e-05,
      -2.2095254337273218e-07,
      -3.7152383356442442e-06,
      0.009579703211784363,
      -4.862446871811699e-07,
      -0.00035471294540911913,
      4.3037976865889505e-05
    ],
    [
      -1.4763823497077055e-09,
      -2.9151703984098276e-06,
      1.700405327653698e-08,
      -5.325516212906223e-06,
      -2.2207918846106622e-06,
      6.29004898655694e-06,
      -4.862448008680076e-07,
      0.0012780422111973166,
      -8.917481318349019e-05,
      -1.2673189303313848e-05
    ],
    [
      6.154186394269345e-06,
      0.00266601936891675,
      -1.686907680209515e-08,
      4.0422668234896264e-07,
      0.0024160912726074457,
      1.3969342944619711e-05,
      -0.0003547130909282714,
      -8.91745658009313e-05,
      0.20811940729618073,
      0.21182534098625183
    ],
    [
      6.355723144224612e-06,
      0.0019889273680746555,
      -1.3675066412588421e-08,
      4.289158823667094e-07,
      0.0027437538374215364,
      -4.851277935813414e-06,
      4.30378713645041e-05,
      -1.2672889170062263e-05,
      0.21182526648044586,
      0.22303646802902222
    ]
  ],
  "param_names": [
    "L",
    "RL",
    "C",
    "RC",
    "Rdson",
    "Rload1",
    "Rload2",
    "Rload3",
    "Vin",
    "VF"
  ]
}