{
  "theta_log": [
    -7.236144542694092,
    -1.190441608428955,
    -8.701623916625977,
    -1.6655770540237427,
    -1.4533100128173828,
    3.8695638179779053,
    -0.07429512590169907,
    1.1321049928665161,
    2.3176586627960205,
    1.8113093376159668
  ],
  "Sigma_log": [
    [
      0.0013754264218732715,
      0.0013994512846693397,
      -7.547519089712296e-06,
      3.840702902380144e-06,
      0.001355446525849402,
      0.0006900365697219968,
      0.036782406270504,
      2.4705366286070785e-07,
      -2.5627123250160366e-06,
      -1.2441976195987081e-06
    ],
    [
      0.0013994795735925436,
      0.008790792897343636,
      -4.01337310904637e-05,
      4.352756150183268e-06,
      -0.008190229535102844,
      0.0007023840444162488,
      0.026690807193517685,
      1.3639558346767444e-05,
      -3.91360190405976e-05,
      -6.093598130973987e-06
    ],
    [
      -7.547783297923161e-06,
      -4.013378929812461e-05,
      0.004639362916350365,
      3.207058034604415e-05,
      -1.0060854037874378e-05,
      -3.773727257794235e-06,
      -0.0001075790059985593,
      6.1190286942292e-05,
      -7.892525900388137e-05,
      7.447118696291e-05
    ],
    [
      3.840727913484443e-06,
      4.35274205301539e-06,
      3.2070714951260015e-05,
      0.0007320353179238737,
      -1.807881380955223e-05,
      4.4173981450512656e-07,
      2.3462043827748857e-05,
      -1.5149709724937566e-05,
      -2.1993844711687416e-05,
      -1.8121529137715697e-05
    ],
    [
      0.0013554019387811422,
      -0.00819029938429594,
      -1.0060335625894368e-05,
      -1.8078910215990618e-05,
      0.021179014816880226,
      0.0008563360897824168,
      0.05019131302833557,
      9.290022262575803e-07,
      -4.6476162651742925e-07,
      -5.9766580307041295e-06
    ],
    [
      0.0006900362204760313,
      0.0007023696089163423,
      -3.773595381062478e-06,
      4.41726569988532e-07,
      0.0008563582086935639,
      0.00035138294333592057,
      0.018452927470207214,
      4.169767748862796e-07,
      -2.8467857191571966e-06,
      -1.1541285402927315e-06
    ],
    [
      0.036782365292310715,
      0.026690004393458366,
      -0.00010757161362562329,
      2.346132168895565e-05,
      0.050192467868328094,
      0.01845291629433632,
      1.003320574760437,
      -3.747942855625297e-06,
      1.5891273505985737e-05,
      -6.96564165991731e-06
    ],
    [
      2.470954996169894e-07,
      1.3639592907566112e-05,
      6.119027966633439e-05,
      -1.5149705177464057e-05,
      9.290484399571142e-07,
      4.169978922163864e-07,
      -3.7468253140104935e-06,
      3.819509583991021e-05,
      -6.334229283311288e-07,
      1.426382368663326e-06
    ],
    [
      -2.5627698505559238e-06,
      -3.913604450644925e-05,
      -7.892526627983898e-05,
      -2.199384107370861e-05,
      -4.648418894248607e-07,
      -2.8468143682403024e-06,
      1.5889698261162266e-05,
      -6.334308864097693e-07,
      0.0003720946260727942,
      -3.539226440807397e-07
    ],
    [
      -1.244217287421634e-06,
      -6.093602678447496e-06,
      7.447117241099477e-05,
      -1.812152549973689e-05,
      -5.9767062339233235e-06,
      -1.1541384310476133e-06,
      -6.9661841735069174e-06,
      1.4263779348766548e-06,
      -3.539225588156114e-07,
      0.00013864914944861084
    ]
  ],
  "theta_phys": [
    0.0007200826657935977,
    0.30408695340156555,
    0.000166315512615256,
    0.18908151984214783,
    0.2337951362133026,
    47.921478271484375,
    0.9283976554870605,
    3.102179765701294,
    10.151877403259277,
    6.118453502655029
  ],
  "Sigma_phys": [
    [
      7.131847890029519e-10,
      3.0643468562630005e-07,
      -9.038977791080149e-13,
      5.22928311763593e-10,
      2.2819189382516925e-07,
      2.381138619966805e-05,
      2.4589888198534027e-05,
      5.518748791288886e-10,
      -1.8733917528379607e-08,
      -5.481676002005997e-09
    ],
    [
      3.064408815589559e-07,
      0.0008128746994771063,
      -2.0297383773737465e-09,
      2.502713982721616e-07,
      -0.0005822766106575727,
      0.010235348716378212,
      0.0075351782143116,
      1.2866637916886248e-05,
      -0.00012081498425686732,
      -1.1337394425936509e-05
    ],
    [
      -9.039294378114515e-13,
      -2.0297414859982155e-09,
      1.2832872264834094e-10,
      1.0085297041939612e-09,
      -3.9120381933877013e-10,
      -3.00769293914982e-08,
      -1.6610943731620864e-08,
      3.1570554170912146e-08,
      -1.332585668478714e-07,
      7.578141492103896e-08
    ],
    [
      5.229316979438181e-10,
      2.502705740425881e-07,
      1.0085338120191523e-09,
      2.6171595891355537e-05,
      -7.991981760824274e-07,
      4.002633886557305e-06,
      4.118594006286003e-06,
      -8.886288014764432e-06,
      -4.2217896407237276e-05,
      -2.0964551367796957e-05
    ],
    [
      2.2818439049387962e-07,
      -0.0005822815583087504,
      -3.9118364103529757e-10,
      -7.992024393388419e-07,
      0.0011576483957469463,
      0.009594225324690342,
      0.010894267819821835,
      6.737816420354648e-07,
      -1.10309292722377e-06,
      -8.549398444301914e-06
    ],
    [
      2.3811373466742225e-05,
      0.010235138237476349,
      -3.007587778824927e-08,
      4.002513833256671e-06,
      0.00959447305649519,
      0.8069397211074829,
      0.8209742307662964,
      6.198820483405143e-05,
      -0.0013849412789568305,
      -0.00033839663956314325
    ],
    [
      2.4589860913692974e-05,
      0.007534951902925968,
      -1.660980331052997e-08,
      4.118467131775105e-06,
      0.010894518345594406,
      0.8209736943244934,
      0.864784300327301,
      -1.07942869362887e-05,
      0.00014977491809986532,
      -3.9567337807966396e-05
    ],
    [
      5.519683043964108e-10,
      1.286666974920081e-05,
      3.157055061819847e-08,
      -8.886284376785625e-06,
      6.738151796525926e-07,
      6.199134077178314e-05,
      -1.0791068234539125e-05,
      0.00036757125053554773,
      -1.994835474761203e-05,
      2.707351086428389e-05
    ],
    [
      -1.8734336748593705e-08,
      -0.00012081506429240108,
      -1.3325858105872612e-07,
      -4.221789276925847e-05,
      -1.1032834663637914e-06,
      -0.0013849552487954497,
      0.00014976007514633238,
      -1.994860576814972e-05,
      0.038348302245140076,
      -2.1983476472087204e-05
    ],
    [
      -5.481763043491128e-09,
      -1.1337403520883527e-05,
      7.578140071018424e-08,
      -2.096454772981815e-05,
      -8.549466656404547e-06,
      -0.0003383995499461889,
      -3.9570419176016e-05,
      2.707342900976073e-05,
      -2.1983471015118994e-05,
      0.005190396681427956
    ]
  ],
  "param_names": [
    "L",
    "RL",
    "C",
    "RC",
    "Rdson",
    "Vin",
    "VF",
    "Rloads1",
    "Rloads2",
    "Rloads3"
  ]
}