{
  "theta_log": [
    1.9810625314712524,
    1.1426546573638916,
    0.4979010820388794,
    0.6970921158790588,
    0.7966054081916809,
    1.1313862800598145,
    2.3220839500427246,
    1.808079719543457,
    1.5687267780303955,
    -0.002315876306965947
  ],
  "Sigma_log": [
    [
      1.4605750038754195e-05,
      1.4688074770674575e-05,
      -2.0517742882475432e-07,
      2.8414335773163657e-08,
      1.4589377315132879e-05,
      1.2075944688660911e-09,
      -2.716997649088171e-08,
      -1.3260481601662377e-08,
      7.339488092839019e-06,
      0.0003647743724286556
    ],
    [
      1.4688115697936155e-05,
      8.51078875712119e-05,
      -5.42398709058034e-07,
      4.577756396173527e-09,
      -8.460534445475787e-05,
      1.3933865261606115e-07,
      -4.058904039538902e-07,
      -6.141877406662388e-08,
      7.383981937891804e-06,
      0.0002684541104827076
    ],
    [
      -2.051732082009039e-07,
      -5.423933089332422e-07,
      4.642335989046842e-05,
      2.9724370165240543e-07,
      -2.3620320632744551e-07,
      5.980176638331614e-07,
      -5.378590230975533e-07,
      5.936878437751147e-07,
      -1.0365990021909965e-07,
      -4.210781753499759e-06
    ],
    [
      2.8413667862992043e-08,
      4.577168866148895e-09,
      2.972440427129186e-07,
      6.5915064624277875e-06,
      -1.3779941809843876e-07,
      -1.4335999765080487e-07,
      -2.0328765515387204e-07,
      -1.7657254147707135e-07,
      -1.445635000596468e-10,
      -1.1627324658647353e-09
    ],
    [
      1.4589270904252771e-05,
      -8.4605511801783e-05,
      -2.3620606270924327e-07,
      -1.3779860807972e-07,
      0.00023824443633202463,
      7.874179530631409e-09,
      -4.21527923677445e-09,
      -6.705636934611903e-08,
      9.21360515349079e-06,
      0.0005032160552218556
    ],
    [
      1.2075805910782833e-09,
      1.39338609983497e-07,
      5.980164132779464e-07,
      -1.4335999765080487e-07,
      7.874357166315349e-09,
      3.7575219380414637e-07,
      -3.008118643066382e-09,
      1.2200567667264295e-08,
      3.692742334138188e-09,
      -7.312421246297163e-08
    ],
    [
      -2.7169987149022745e-08,
      -4.058899207848299e-07,
      -5.378590799409722e-07,
      -2.0328764094301732e-07,
      -4.215805482488122e-09,
      -3.008124638270715e-09,
      3.673087348943227e-06,
      2.6513227169289166e-09,
      -3.02248395200877e-08,
      1.623376135739818e-07
    ],
    [
      -1.3260365250289396e-08,
      -6.141851827123901e-08,
      5.936878437751147e-07,
      -1.7657254147707135e-07,
      -6.705641908411053e-08,
      1.2200599641687404e-08,
      2.6513233830627314e-09,
      1.3505239166988758e-06,
      -1.2268162485895573e-08,
      -7.581502359244041e-08
    ],
    [
      7.339486728596967e-06,
      7.383959200524259e-06,
      -1.0366199632017015e-07,
      -1.4422649186052183e-10,
      9.21365699468879e-06,
      3.6927529922792246e-09,
      -3.022482886194666e-08,
      -1.2268219329314434e-08,
      3.7407294257718604e-06,
      0.0001832972775446251
    ],
    [
      0.0003647743142209947,
      0.0002684530336409807,
      -4.2108854358957615e-06,
      -1.1457866877506717e-09,
      0.0005032185581512749,
      -7.312408456527919e-08,
      1.6233856570124772e-07,
      -7.581779470910988e-08,
      0.0001832972775446251,
      0.009283091872930527
    ]
  ],
  "theta_phys": [
    0.0007250442286022007,
    0.31350797414779663,
    0.00016452644194941968,
    0.20079055428504944,
    0.22179989516735077,
    3.0999510288238525,
    10.19690227508545,
    6.098724842071533,
    48.00532150268555,
    0.9976868033409119
  ],
  "Sigma_phys": [
    [
      7.67808386314961e-12,
      3.3387042019938917e-09,
      -2.4475399869805167e-14,
      4.136616830324735e-12,
      2.3461868003948894e-09,
      2.714191284919343e-12,
      -2.0087320695694189e-10,
      -5.863579760623239e-11,
      2.5545807602611603e-07,
      2.6386578610981815e-07
    ],
    [
      3.3387135278672986e-09,
      8.365020221390296e-06,
      -2.7977115416022436e-11,
      2.8816718455892953e-10,
      -5.883120593352942e-06,
      1.354175793721879e-07,
      -1.2975546042071073e-06,
      -1.1743262007257727e-07,
      0.0001111293095164001,
      8.396782504860312e-05
    ],
    [
      -2.4474896732234498e-14,
      -2.797683786026628e-11,
      1.256631517593254e-12,
      9.81955142198565e-12,
      -8.619515691477009e-12,
      3.050033003937358e-10,
      -9.023445879385861e-10,
      5.95707261297207e-10,
      -8.187209243892823e-10,
      -6.911823891009305e-10
    ],
    [
      4.1365196858100806e-12,
      2.881302141322095e-10,
      9.819562697688244e-12,
      2.6574875278129184e-07,
      -6.136941621548431e-09,
      -8.923312577735487e-08,
      -4.162195921253442e-07,
      -2.162248051718052e-07,
      -1.393449799991231e-09,
      -2.3292565098920193e-10
    ],
    [
      2.34616970296031e-09,
      -5.883131962036714e-06,
      -8.61961890752383e-12,
      -6.136905206233223e-09,
      1.172048087028088e-05,
      5.414040327167413e-09,
      -9.533578371190288e-09,
      -9.070691930901376e-08,
      9.810255141928792e-05,
      0.00011135508975712582
    ],
    [
      2.7141600598967752e-12,
      1.3541753673962376e-07,
      3.0500266201549664e-10,
      -8.923312577735487e-08,
      5.414162451700122e-09,
      3.6108644962951075e-06,
      -9.508632814458906e-08,
      2.3066087351253373e-07,
      5.495322739079711e-07,
      -2.2615712680362776e-07
    ],
    [
      -2.0087329022366873e-10,
      -1.2975530125913792e-06,
      -9.023446434497373e-10,
      -4.162195921253442e-07,
      -9.534768530272686e-09,
      -9.508651288570036e-08,
      0.0003819159173872322,
      1.648807312903955e-07,
      -1.4795226888963953e-05,
      1.6515116385562578e-06
    ],
    [
      -5.86352841280835e-11,
      -1.174321440089443e-07,
      5.95707261297207e-10,
      -2.1622477675009577e-07,
      -9.070698325785997e-08,
      2.3066147036843176e-07,
      1.6488075971210492e-07,
      5.023198900744319e-05,
      -3.5917653349315515e-06,
      -4.6130540454214497e-07
    ],
    [
      2.5545801918269717e-07,
      0.00011112896754639223,
      -8.187374667123493e-10,
      -1.3902012874211778e-09,
      9.81031043920666e-05,
      5.495339223671181e-07,
      -1.4795221431995742e-05,
      -3.591781933209859e-06,
      0.0086205517873168,
      0.00877889059484005
    ],
    [
      2.6386570084468985e-07,
      8.396748307859525e-05,
      -6.911993755132073e-10,
      -2.29530963680169e-10,
      0.0001113556427299045,
      -2.2615671468884102e-07,
      1.6515213019374642e-06,
      -4.613222586158372e-07,
      0.00877889059484005,
      0.009240194223821163
    ]
  ],
  "param_names": [
    "L",
    "RL",
    "C",
    "RC",
    "Rdson",
    "Rload1",
    "Rload2",
    "Rload3",
    "Vin",
    "VF"
  ]
}