{
  "theta_log": [
    1.974193811416626,
    1.112141728401184,
    0.5087164640426636,
    0.6370082497596741,
    0.8492728471755981,
    1.1321049928665161,
    2.317657709121704,
    1.8113093376159668,
    1.5669777393341064,
    -0.07435689121484756
  ],
  "Sigma_log": [
    [
      0.0013777681160718203,
      0.001401162357069552,
      -7.554684998467565e-06,
      3.842269052256597e-06,
      0.0013586158165708184,
      2.468159721047414e-07,
      -2.5617084702389548e-06,
      -1.2446498658391647e-06,
      0.0006912103272043169,
      0.036848437041044235
    ],
    [
      0.0014011510647833347,
      0.008792362175881863,
      -4.013950456283055e-05,
      4.3542236198845785e-06,
      -0.008188521489501,
      1.3639780263474677e-05,
      -3.9136328268796206e-05,
      -6.09400467510568e-06,
      0.0007032193243503571,
      0.026737451553344727
    ],
    [
      -7.555034699180396e-06,
      -4.0139824704965577e-05,
      0.004639364778995514,
      3.2070714951260015e-05,
      -1.0069197742268443e-05,
      6.119044701335952e-05,
      -7.893350266385823e-05,
      7.447144889738411e-05,
      -3.7773424992337823e-06,
      -0.00010778213618323207
    ],
    [
      3.842269052256597e-06,
      4.354276370577281e-06,
      3.2070864108391106e-05,
      0.00073203508509323,
      -1.8077309505315498e-05,
      -1.5149720638873987e-05,
      -2.199394475610461e-05,
      -1.812155096558854e-05,
      4.4251279973650526e-07,
      2.350478825974278e-05
    ],
    [
      0.001358645036816597,
      -0.008188482373952866,
      -1.006885213428177e-05,
      -1.807721855584532e-05,
      0.021184327080845833,
      9.281632173951948e-07,
      -4.6180963408914977e-07,
      -5.9772105487354565e-06,
      0.000857966544572264,
      0.050283532589673996
    ],
    [
      2.468158015744848e-07,
      1.363978662993759e-05,
      6.119035970186815e-05,
      -1.5149727914831601e-05,
      9.281375810132886e-07,
      3.8195099477889016e-05,
      -6.33540025773982e-07,
      1.426377025381953e-06,
      4.168566363205173e-07,
      -3.7552774756477447e-06
    ],
    [
      -2.5617159735702444e-06,
      -3.913636101060547e-05,
      -7.893350266385823e-05,
      -2.1993946575094014e-05,
      -4.6176660362107214e-07,
      -6.335424131975742e-07,
      0.0003720940148923546,
      -3.5405673770583235e-07,
      -2.846277993739932e-06,
      1.592089574842248e-05
    ],
    [
      -1.244691361534933e-06,
      -6.094054697314277e-06,
      7.447146344929934e-05,
      -1.8121552784577943e-05,
      -5.977235559839755e-06,
      1.4263849834605935e-06,
      -3.5405682297096064e-07,
      0.0001386491785524413,
      -1.1543755817911006e-06,
      -6.979355021030642e-06
    ],
    [
      0.0006912107346579432,
      0.0007032253197394311,
      -3.777167421503691e-06,
      4.4251333974898444e-07,
      0.0008579522254876792,
      4.168572331764153e-07,
      -2.8462748105084756e-06,
      -1.1543547770997975e-06,
      0.0003519716556183994,
      0.018486052751541138
    ],
    [
      0.036848459392786026,
      0.02673778124153614,
      -0.00010777275019790977,
      2.350484464841429e-05,
      0.05028278008103371,
      -3.7552297271759016e-06,
      1.59210594574688e-05,
      -6.978254532441497e-06,
      0.018486052751541138,
      1.0051831007003784
    ]
  ],
  "theta_phys": [
    0.0007200812106020749,
    0.3040864169597626,
    0.000166315512615256,
    0.1890815645456314,
    0.23379461467266083,
    3.102179765701294,
    10.151867866516113,
    6.118453502655029,
    47.92143249511719,
    0.9283403158187866
  ],
  "Sigma_phys": [
    [
      7.143960978339692e-10,
      3.068082037316344e-07,
      -9.047541904040612e-13,
      5.231405864059013e-10,
      2.2872448823818559e-07,
      5.513428047443369e-10,
      -1.8726522554857183e-08,
      -5.483657528060348e-09,
      2.3851818696130067e-05,
      2.4632459826534614e-05
    ],
    [
      3.06805731042914e-07,
      0.0008130169590003788,
      -2.030026813315544e-09,
      2.5035538442352845e-07,
      -0.0005821528611704707,
      1.286682345380541e-05,
      -0.00012081560998922214,
      -1.1338131116644945e-05,
      0.010247492231428623,
      0.007547866553068161
    ],
    [
      -9.047960406079192e-13,
      -2.0300430225717037e-09,
      1.2832876428170437e-10,
      1.0085341450860597e-09,
      -3.915273660837215e-10,
      3.157063588332676e-08,
      -1.3327236558779987e-07,
      7.578167782185119e-08,
      -3.010571347772384e-08,
      -1.664128035372414e-08
    ],
    [
      5.231406419170526e-10,
      2.503584255464375e-07,
      1.008538808022763e-09,
      2.6171599529334344e-05,
      -7.991300776666321e-07,
      -8.886296200216748e-06,
      -4.2218060116283596e-05,
      -2.0964582290616818e-05,
      4.009634722024202e-06,
      4.125843588553835e-06
    ],
    [
      2.2872939098306233e-07,
      -0.0005821500672027469,
      -3.9151393238512355e-10,
      -7.991260986273119e-07,
      0.0011579336132854223,
      6.731716553076694e-07,
      -1.096082996809855e-06,
      -8.550169695809018e-06,
      0.009612461552023888,
      0.010913586243987083
    ],
    [
      5.513424161662783e-10,
      1.2866829820268322e-05,
      3.1570589698048934e-08,
      -8.886299838195555e-06,
      6.731530675097019e-07,
      0.0003675712796393782,
      -1.9952025468228385e-05,
      2.7073410819866695e-05,
      6.19702841504477e-05,
      -1.0814743291120976e-05
    ],
    [
      -1.8726577621919205e-08,
      -0.00012081571185262874,
      -1.3327236558779987e-07,
      -4.22180637542624e-05,
      -1.095980906029581e-06,
      -1.995210004679393e-05,
      0.03834816440939903,
      -2.1991785615682602e-05,
      -0.0013846915680915117,
      0.000150044696056284
    ],
    [
      -5.4838404928148066e-09,
      -1.1338223885104526e-05,
      7.57816920327059e-08,
      -2.096458410960622e-05,
      -8.550205166102387e-06,
      2.7073559976997785e-05,
      -2.1991791072650813e-05,
      0.00519039761275053,
      -0.00033846875885501504,
      -3.964278585044667e-05
    ],
    [
      2.3851833248045295e-05,
      0.010247579775750637,
      -3.010431726124807e-08,
      4.009639724245062e-06,
      0.009612302295863628,
      6.197037146193907e-05,
      -0.001384690054692328,
      -0.0003384626470506191,
      0.8082901239395142,
      0.8223963975906372
    ],
    [
      2.463247255946044e-05,
      0.00754796015098691,
      -1.663983084654319e-08,
      4.125853138248203e-06,
      0.010913423262536526,
      -1.0814605957421008e-05,
      0.00015004623855929822,
      -3.963653216487728e-05,
      0.8223963975906372,
      0.8662826418876648
    ]
  ],
  "param_names": [
    "L",
    "RL",
    "C",
    "RC",
    "Rdson",
    "Rloads1",
    "Rloads2",
    "Rloads3",
    "Vin",
    "VF"
  ]
}