{
  "theta_log": [
    1.9768685102462769,
    1.1278733015060425,
    0.5036511421203613,
    0.6678574681282043,
    0.8203310966491699,
    1.13175368309021,
    2.3200113773345947,
    1.809800148010254,
    1.567430853843689,
    -0.05593055486679077
  ],
  "Sigma_log": [
    [
      0.00036039200494997203,
      0.00036265363451093435,
      -4.2894375837931875e-06,
      8.157938395925157e-07,
      0.00036002896376885474,
      3.569136453052124e-08,
      -6.407917112483119e-07,
      -3.356820741373667e-07,
      0.00018088954675476998,
      0.00947549007833004
    ],
    [
      0.0003626512479968369,
      0.00216004834510386,
      -1.2585626791405957e-05,
      5.734864316764288e-07,
      -0.002075925236567855,
      3.434814743741299e-06,
      -9.943300938175526e-06,
      -1.5442458334291587e-06,
      0.00018209651170764118,
      0.006925493478775024
    ],
    [
      -4.289361186238239e-06,
      -1.2585588592628483e-05,
      0.0011633667163550854,
      7.713502782280557e-06,
      -5.002702891943045e-06,
      1.5180462469288614e-05,
      -1.6695357771823183e-05,
      1.6821104509290308e-05,
      -2.158042207156541e-06,
      -8.911384793464094e-05
    ],
    [
      8.157950901477307e-07,
      5.734864885198476e-07,
      7.71350914874347e-06,
      0.00017336187011096627,
      -4.017578248749487e-06,
      -3.6827852909482317e-06,
      -5.287916792440228e-06,
      -4.470220119401347e-06,
      4.399770858753982e-08,
      2.3668649191677105e-06
    ],
    [
      0.0003600298659875989,
      -0.0020759219769388437,
      -5.002786565455608e-06,
      -4.017581886728294e-06,
      0.00564536964520812,
      2.0461219207845716e-07,
      -8.876163093418654e-08,
      -1.600807763679768e-06,
      0.00022630456078331918,
      0.013010162860155106
    ],
    [
      3.5683623167415135e-08,
      3.4348099688941147e-06,
      1.518046610726742e-05,
      -3.6827850635745563e-06,
      2.0460019811707753e-07,
      9.479786967858672e-06,
      -1.1774701391686904e-07,
      3.3202346116922854e-07,
      9.311809634482415e-08,
      -1.6932814332903945e-06
    ],
    [
      -6.407386194950959e-07,
      -9.943255463440437e-06,
      -1.6695357771823183e-05,
      -5.287916337692877e-06,
      -8.870418355400034e-08,
      -1.1774746155879257e-07,
      9.251716255676001e-05,
      -7.839414450927507e-09,
      -7.239059982566687e-07,
      4.602816261467524e-06
    ],
    [
      -3.3567638979548065e-07,
      -1.5442410585819744e-06,
      1.6821108147269115e-05,
      -4.470219664653996e-06,
      -1.6008043530746363e-06,
      3.3202320537384367e-07,
      -7.83937537107704e-09,
      3.424370152060874e-05,
      -3.0481774615509494e-07,
      -2.225691787316464e-06
    ],
    [
      0.00018088944489136338,
      0.000182097646757029,
      -2.1580794964393135e-06,
      4.399704423008188e-08,
      0.00022630405146628618,
      9.312181248333218e-08,
      -7.239326578201144e-07,
      -3.048205030609097e-07,
      9.209844574797899e-05,
      0.004755873698741198
    ],
    [
      0.009475494734942913,
      0.006925560068339109,
      -8.911595796234906e-05,
      2.36683649745828e-06,
      0.013010144233703613,
      -1.6930856645558379e-06,
      4.601412911142688e-06,
      -2.2258386707108002e-06,
      0.004755877889692783,
      0.2538994550704956
    ]
  ],
  "theta_phys": [
    0.0007220098050311208,
    0.30890798568725586,
    0.00016547519771847874,
    0.19500547647476196,
    0.2271251678466797,
    3.1010899543762207,
    10.175789833068848,
    6.109226226806641,
    47.94314956665039,
    0.9456048011779785
  ],
  "Sigma_phys": [
    [
      1.8787167654910064e-10,
      8.088431258101991e-08,
      -5.124793276377326e-13,
      1.1486040590868996e-10,
      5.903992672529057e-08,
      7.991358269565652e-11,
      -4.707909617707173e-09,
      -1.4806671444489439e-09,
      6.2615681599709205e-06,
      6.469257641583681e-06
    ],
    [
      8.088377256854073e-08,
      0.00020612076332326978,
      -6.433345522971479e-10,
      3.4546104643595754e-08,
      -0.00014564853336196393,
      3.290385848231381e-06,
      -3.125560033367947e-05,
      -2.9142834137019236e-06,
      0.002696853131055832,
      0.0020229702349752188
    ],
    [
      -5.124702203394838e-13,
      -6.433326094068548e-10,
      3.185535515926041e-11,
      2.48903703203851e-10,
      -1.8801948886704167e-10,
      7.789906497635002e-09,
      -2.8112324912399345e-08,
      1.700488283518098e-08,
      -1.7120616035981584e-08,
      -1.3944013055322557e-08
    ],
    [
      1.1486057244214365e-10,
      3.454610819630943e-08,
      2.4890392524845595e-10,
      6.5924555201490875e-06,
      -1.7794116047298303e-07,
      -2.2270889985520625e-06,
      -1.0492996807442978e-05,
      -5.325518941390328e-06,
      4.113423415219586e-07,
      4.364454184724309e-07
    ],
    [
      5.904007593926508e-08,
      -0.00014564830053132027,
      -1.8802265300266185e-10,
      -1.779413310032396e-07,
      0.0002912211639340967,
      1.4411564563943102e-07,
      -2.0514391962933587e-07,
      -2.2212152543943375e-06,
      0.002464252058416605,
      0.0027942010201513767
    ],
    [
      7.989625627757846e-11,
      3.2903810733841965e-06,
      7.789909162170261e-09,
      -2.227088771178387e-06,
      1.441072043917302e-07,
      9.116482397075742e-05,
      -3.7156294183660066e-06,
      6.290270903264172e-06,
      1.3844427485310007e-05,
      -4.965388143318705e-06
    ],
    [
      -4.707519263291715e-09,
      -3.125545845250599e-05,
      -2.8112326688756184e-08,
      -1.0492995897948276e-05,
      -2.0501114761373174e-07,
      -3.715643515533884e-06,
      0.009579846635460854,
      -4.873466536992055e-07,
      -0.0003531643596943468,
      4.4289565266808495e-05
    ],
    [
      -1.4806420534085873e-09,
      -2.914274318754906e-06,
      1.7004884611537818e-08,
      -5.325518031895626e-06,
      -2.2212104795471532e-06,
      6.290265901043313e-06,
      -4.873442094321945e-07,
      0.001278065494261682,
      -8.927976159611717e-05,
      -1.2857629371865187e-05
    ],
    [
      6.261564976739464e-06,
      0.0026968703605234623,
      -1.7120912687573764e-08,
      4.1133614558930276e-07,
      0.0024642464704811573,
      1.3844980458088685e-05,
      -0.00035317736910656095,
      -8.928056922741234e-05,
      0.21169248223304749,
      0.21560883522033691
    ],
    [
      6.4692603700677864e-06,
      0.0020229897927492857,
      -1.3944342569516266e-08,
      4.3644021729960514e-07,
      0.0027941970620304346,
      -4.964813797414536e-06,
      4.427606472745538e-05,
      -1.2858477930421941e-05,
      0.21560902893543243,
      0.22702887654304504
    ]
  ],
  "param_names": [
    "L",
    "RL",
    "C",
    "RC",
    "Rdson",
    "Rload1",
    "Rload2",
    "Rload3",
    "Vin",
    "VF"
  ]
}