{
  "theta_log": [
    -7.22927713394165,
    -1.1599246263504028,
    -8.712441444396973,
    -1.6054924726486206,
    -1.505998134613037,
    1.1313869953155518,
    2.3220858573913574,
    1.808079719543457,
    3.871311902999878,
    -0.0023084681015461683
  ],
  "Sigma_log": [
    [
      1.4625592484662775e-05,
      1.4702593034598976e-05,
      -2.0539266643027076e-07,
      2.841269619580089e-08,
      1.461660758650396e-05,
      1.2032215224166976e-09,
      -2.7159053672676237e-08,
      -1.326349519104042e-08,
      7.3494529715389945e-06,
      0.0003652769373729825
    ],
    [
      1.4702745829708874e-05,
      8.511632040608674e-05,
      -5.42544512427412e-07,
      4.575154477493015e-09,
      -8.458336378680542e-05,
      1.3933386355802213e-07,
      -4.058809679463593e-07,
      -6.142118991192547e-08,
      7.391353392449673e-06,
      0.00026882727979682386
    ],
    [
      -2.0539542333608551e-07,
      -5.425458766694646e-07,
      4.642310886993073e-05,
      2.972215327190497e-07,
      -2.365099902590373e-07,
      5.980819537398929e-07,
      -5.37687640189688e-07,
      5.936855131949414e-07,
      -1.0377156201002435e-07,
      -4.216406523482874e-06
    ],
    [
      2.8412852515202758e-08,
      4.575231749015529e-09,
      2.972197421513556e-07,
      6.591500095964875e-06,
      -1.377986222905747e-07,
      -1.4335915921037667e-07,
      -2.0328558036908362e-07,
      -1.7657210094057518e-07,
      -1.4496492894977564e-10,
      -1.1798420018749312e-09
    ],
    [
      1.4616346561524551e-05,
      -8.458378579234704e-05,
      -2.3650281377740612e-07,
      -1.3779884966425016e-07,
      0.00023828298435546458,
      7.86875453684388e-09,
      -4.202142633857875e-09,
      -6.705991495437047e-08,
      9.227182090398856e-06,
      0.0005038997624069452
    ],
    [
      1.2033463114846654e-09,
      1.3933404829913343e-07,
      5.980820105833118e-07,
      -1.433591734212314e-07,
      7.868711904279735e-09,
      3.757530464554293e-07,
      -3.0066951151042076e-09,
      1.220138035051832e-08,
      3.690615812956821e-09,
      -7.323023965000175e-08
    ],
    [
      -2.7158771231938772e-08,
      -4.058807689943933e-07,
      -5.376876970331068e-07,
      -2.032855661582289e-07,
      -4.2020045221136115e-09,
      -3.0067313083748104e-09,
      3.673087803690578e-06,
      2.6534667796340727e-09,
      -3.0219254654184624e-08,
      1.6262538338196464e-07
    ],
    [
      -1.3263797171703118e-08,
      -6.142138886389148e-08,
      5.936855131949414e-07,
      -1.765721151514299e-07,
      -6.706040522885814e-08,
      1.2201399890443554e-08,
      2.6534701103031466e-09,
      1.3505180049833143e-06,
      -1.2269866900282977e-08,
      -7.590131190227112e-08
    ],
    [
      7.349450243054889e-06,
      7.391274266410619e-06,
      -1.0377009829198869e-07,
      -1.4504308865070925e-10,
      9.227311238646507e-06,
      3.690553640467442e-09,
      -3.021938965730442e-08,
      -1.226971235723795e-08,
      3.7457336929946905e-06,
      0.00018354957865085453
    ],
    [
      0.00036527676274999976,
      0.00026882326346822083,
      -4.2163364923908375e-06,
      -1.1839335067875822e-09,
      0.0005039062234573066,
      -7.323296102867971e-08,
      1.6261846269571834e-07,
      -7.58934888267504e-08,
      0.00018354954954702407,
      0.009295813739299774
    ]
  ],
  "theta_phys": [
    0.0007250448106788099,
    0.31350982189178467,
    0.00016452607815153897,
    0.2007906436920166,
    0.22179579734802246,
    3.0999531745910645,
    10.196921348571777,
    6.098724842071533,
    48.00532150268555,
    0.997694194316864
  ],
  "Sigma_phys": [
    [
      7.688527765836728e-12,
      3.34202687746199e-09,
      -2.450104125118445e-14,
      4.136383076336347e-12,
      2.350524219707495e-09,
      2.704366678513148e-12,
      -2.0079299334341272e-10,
      -5.864916885478522e-11,
      2.558051335199707e-07,
      2.6423148824505915e-07
    ],
    [
      3.342061516420358e-09,
      8.365947905986104e-06,
      -2.7984739525699354e-11,
      2.8800523077521234e-10,
      -5.881517608941067e-06,
      1.3541381349568837e-07,
      -1.2975344816368306e-06,
      -1.1743794203766811e-07,
      0.00011124090815428644,
      8.408565918216482e-05
    ],
    [
      -2.450136820590209e-14,
      -2.7984808914638393e-11,
      1.256619266108705e-12,
      9.81880115408229e-12,
      -8.630531185549462e-12,
      3.05035635639328e-10,
      -9.02056762619452e-10,
      5.957035975612257e-10,
      -8.196009981809027e-10,
      -6.921092587930389e-10
    ],
    [
      4.136406061422404e-12,
      2.880100880009451e-10,
      9.818743040845845e-12,
      2.6574875278129184e-07,
      -6.13679551619839e-09,
      -8.923270655714077e-08,
      -4.162163236287597e-07,
      -2.1622435042445431e-07,
      -1.3973198154104693e-09,
      -2.3635499113439096e-10
    ],
    [
      2.350482475321769e-09,
      -5.8815476222662255e-06,
      -8.630270109666327e-12,
      -6.1368061743394264e-09,
      1.1721944247256033e-05,
      5.410214054535345e-09,
      -9.503709819114192e-09,
      -9.071003859162374e-08,
      9.824529843172058e-05,
      0.00011150514910696074
    ],
    [
      2.7046472700353874e-12,
      1.3541399823679967e-07,
      3.050356633949036e-10,
      -8.923271366256813e-08,
      5.410184744647495e-09,
      3.610877456594608e-06,
      -9.504157105766353e-08,
      2.30676377555028e-07,
      5.49216224499105e-07,
      -2.264868754764393e-07
    ],
    [
      -2.0079089779745374e-10,
      -1.297533913202642e-06,
      -9.020568736417545e-10,
      -4.162162952070503e-07,
      -9.503398068488877e-09,
      -9.50427150314681e-08,
      0.00038191743078641593,
      1.6501437016813725e-07,
      -1.4792521142226178e-05,
      1.6544546497243573e-06
    ],
    [
      -5.865050806130867e-11,
      -1.1743831862531806e-07,
      5.957035975612257e-10,
      -2.1622435042445431e-07,
      -9.071070650179536e-08,
      2.3067676124810532e-07,
      1.6501458333095798e-07,
      5.023176709073596e-05,
      -3.5922644201491494e-06,
      -4.618338778072939e-07
    ],
    [
      2.558050482548424e-07,
      0.0001112397076212801,
      -8.195894518614466e-10,
      -1.3980731017326775e-09,
      9.824667358770967e-05,
      5.492069590218307e-07,
      -1.4792587535339408e-05,
      -3.592219172787736e-06,
      0.008632084354758263,
      0.008791038766503334
    ],
    [
      2.64231346136512e-07,
      8.408440044149756e-05,
      -6.92097767984734e-10,
      -2.371746132823205e-10,
      0.00011150658247061074,
      -2.264952883024307e-07,
      1.6543841638849699e-06,
      -4.61786271443998e-07,
      0.00879103783518076,
      0.009252994321286678
    ]
  ],
  "param_names": [
    "L",
    "RL",
    "C",
    "RC",
    "Rdson",
    "Rloads1",
    "Rloads2",
    "Rloads3",
    "Vin",
    "VF"
  ],
  "param_units": {
    "L": "H",
    "RL": "\u03a9",
    "C": "F",
    "RC": "\u03a9",
    "Rdson": "\u03a9",
    "Rloads1": "\u03a9",
    "Rloads2": "\u03a9",
    "Rloads3": "\u03a9",
    "Vin": "V",
    "VF": "V"
  }
}